contrast_group_id,label,contrast_type,prompt_ids
C01,oko-family,lexical_tone_and_vowel,0101;0102;0103;0104
C02,owo-family,lexical_tone_and_vowel,0105;0106;0137;0138;0139
C03,igba-family,lexical_tone,0107;0108;0140;0141
C04,ara-family,lexical_tone,0131;0132;0133
C05,eko-family,lexical_tone,0142;0143;0144
C06,ko-family,lexical_tone,0161;0162;0163
C07,yara-family,lexical_tone,0164;0165
C08,fo-family,lexical_tone,0169;0170
C09,ilu-family,lexical_tone,0191;0192
C10,iya-family,lexical_tone,0193;0194
C11,market-polarity,affirmative_negative,0145;0146
C12,arrival-aspect,completed_not_yet,0147;0148
C13,waking-question,question_statement,0149;0150
C14,book-focus,focused_neutral,0151;0152
C15,light-control,on_off_command,0199;0200
C16,hearing-polarity,affirmative_negative,0205;0206
C17,speaker-focus,focused_negative,0211;0212
