prompt_id,audio_filename,yoruba,orthographic_tone_sequence,contrast_group_ids,duration_s,total_frames,voiced_frames,voiced_ratio,f0_median_hz,f0_p10_hz,f0_p90_hz,f0_range_p90_p10_st,start_median_st,middle_median_st,end_median_st,global_slope_st_per_utterance,contour_20bin_st
0101,audio_wav_24k/speaker01_0101.wav,Mo rí ọkọ̀ tuntun ní òpópónà.,MHMLMMHLHHL,C01,3.52,353,210,0.5949,232.976,164.549,282.062,9.33,13.4,0.7,-0.4,-15.136,13.400;13.400;13.400;13.400;13.400;13.400;6.475;-0.450;2.050;3.700;-1.200;0.800;0.500;0.550;3.400;-2.700;0.050;0.000;-4.450;-7.850
0102,audio_wav_24k/speaker01_0102.wav,Ọdẹ náà gbé ọ̀kọ̀ rẹ̀.,MMHLHLLL,C01,3.26,327,145,0.4434,203.992,155.853,499.394,20.16,13.4,0.4,-3.9,-27.281,13.400;13.400;13.400;13.400;13.400;13.400;13.400;13.400;6.350;-0.700;0.700;-0.200;-2.050;2.600;-0.625;-3.850;-3.400;-5.400;-7.000;-6.100
0103,audio_wav_24k/speaker01_0103.wav,Ọkọ Adé dé láti ibise.,MMMHHHMMMM,C01,3.66,367,182,0.4959,230.967,195.908,499.394,16.2,nan,1.8,-1.5,-23.768,13.400;13.400;13.400;13.400;13.400;13.400;13.400;13.400;13.100;-1.100;-0.400;0.100;1.850;1.800;0.650;-2.700;-3.100;-1.600;-1.400;-1.400
0104,audio_wav_24k/speaker01_0104.wav,Bàbá mi lọ sí oko ní òwúrọ̀.,LHMMHMMHLHL,C01,3.22,323,185,0.5728,200.487,154.25,242.589,7.839,nan,-2.0,-3.0,-10.815,-2.750;-2.750;-2.750;-2.750;-2.750;-2.750;-2.750;-2.750;-2.450;2.800;-1.900;-2.300;-0.900;-2.900;-2.500;0.150;-5.050;-3.200;-5.100;-8.150
0105,audio_wav_24k/speaker01_0105.wav,Mo fi owó ra oúnjẹ.,MMMHMMHM,C02,2.48,249,133,0.5341,257.014,228.973,279.632,3.46,nan,2.7,0.1,-5.333,0.400;0.400;0.400;0.400;0.400;0.400;0.400;0.400;1.900;2.900;2.700;3.100;3.500;0.950;2.000;2.400;-0.100;0.000;-0.500;-0.500
0106,audio_wav_24k/speaker01_0106.wav,Fọ ọwọ́ rẹ kí o tó jẹun.,MMHMHMHMM,C02,3.0,301,135,0.4485,193.658,175.545,277.056,7.9,nan,-1.7,-3.7,-23.25,13.400;13.400;13.400;13.400;13.400;13.400;13.400;13.400;10.000;6.600;3.200;-2.800;-3.100;-2.100;-2.800;-1.750;-4.700;-4.600;-4.300;-4.750
0107,audio_wav_24k/speaker01_0107.wav,Ìgbà wo ni o máa dé?,LLMMMHMH,C03,2.82,283,132,0.4664,232.976,198.299,252.453,4.18,nan,-1.6,0.7,0.303,-2.000;-2.000;-2.000;-2.000;-2.000;-2.000;-2.000;-2.000;-2.000;-2.000;-2.000;-1.700;-0.850;0.250;0.650;0.950;0.100;1.300;2.500;-6.000
0108,audio_wav_24k/speaker01_0108.wav,Ìyá fi omi sínú igbá.,LHMMMHHMH,C03,3.24,325,143,0.44,232.976,213.639,254.062,3.0,nan,0.2,0.2,-0.716,-1.000;-1.000;-1.000;-1.000;-1.000;-1.000;-1.000;-1.000;-1.000;-1.000;-0.400;2.000;0.250;-0.100;1.050;0.500;-1.200;0.050;0.900;0.900
0109,audio_wav_24k/speaker01_0109.wav,Òjò ń rọ̀ lónìí.,LLLHLH,,2.5,251,120,0.4781,209.365,187.822,275.62,6.64,nan,-1.8,-1.35,-5.468,1.300;1.300;1.300;1.300;1.300;1.300;1.300;1.300;1.300;1.300;-2.000;-2.000;-0.100;3.650;-0.100;0.100;-0.600;-5.150;-2.300;-1.800
0110,audio_wav_24k/speaker01_0110.wav,Ojú n dùn mi,MHLM,,2.3,231,99,0.4286,249.697,197.956,290.159,6.62,nan,1.55,-1.0,-13.676,1.500;1.500;1.500;1.500;1.500;1.500;1.500;1.500;1.500;1.500;1.500;1.400;3.650;4.000;3.500;3.000;-2.750;-2.300;-1.100;-1.950
0111,audio_wav_24k/speaker01_0111.wav,Ẹja náà wà nínú omi.,MMHLLHHMM,,2.54,255,140,0.549,199.333,181.736,246.829,5.3,nan,0.75,-3.6,-11.671,-1.100;-1.100;-1.100;-1.100;-1.100;-1.100;-1.100;-1.100;-1.100;0.400;0.500;1.300;1.100;-3.500;-2.600;-2.800;-3.600;-4.100;-4.100;-4.100
0112,audio_wav_24k/speaker01_0112.wav,Adé ra ewé ní ọjà.,MHMMHHML,,3.08,309,162,0.5243,225.691,160.976,267.619,8.8,nan,0.4,-2.1,-25.439,13.400;13.400;13.400;13.400;13.400;13.400;13.400;13.400;13.400;-0.400;2.600;0.700;-0.500;1.000;0.900;-0.200;-2.100;-4.300;-6.200;-7.800
0113,audio_wav_24k/speaker01_0113.wav,Ọmọ náà jókòó.,MMHLHLH,,2.48,249,125,0.502,228.973,180.065,257.907,6.22,nan,0.4,-1.6,-6.376,0.500;0.500;0.500;0.500;0.500;0.500;0.500;0.500;0.500;0.500;-0.100;0.400;1.600;-0.600;-2.100;-0.100;-1.600;-4.800;-3.600;2.300
0114,audio_wav_24k/speaker01_0114.wav,Mo ra ọ̀bẹ tuntun.,MMLMMM,,2.12,213,130,0.6103,218.633,200.257,237.185,2.93,0.3,-0.8,-1.0,-1.697,0.050;0.050;0.050;0.050;0.050;0.050;0.050;0.850;0.500;-0.400;-2.600;-1.500;-0.900;-1.000;-0.900;-0.900;-1.300;-1.000;-0.700;-1.100
0115,audio_wav_24k/speaker01_0115.wav,Ṣadé ń ṣe oúnjẹ.,MHMMHM,,2.18,219,113,0.516,235.683,201.882,273.874,5.28,nan,1.4,-1.5,-9.092,0.800;0.800;0.800;0.800;0.800;0.800;0.800;0.800;1.300;3.100;2.900;1.600;-0.400;0.600;1.000;-0.900;-2.200;-2.400;-1.700;-1.700
0116,audio_wav_24k/speaker01_0116.wav,Ṣẹ́gun sọ òtítọ́.,HMMLHH,,2.74,275,132,0.48,214.258,185.128,499.394,17.18,nan,0.7,-2.0,-23.02,13.400;13.400;13.400;13.400;13.400;13.400;13.400;13.400;13.400;7.050;0.700;0.650;-0.150;-1.400;-3.900;-4.150;-2.500;-1.900;-1.250;-1.300
0117,audio_wav_24k/speaker01_0117.wav,"Ẹ jọ̀wọ́, ẹ ṣí ilẹ̀kùn.",MLHMHMLL,,3.06,307,163,0.5309,223.743,154.064,499.394,20.36,13.4,1.1,-4.9,-31.936,13.400;13.400;13.400;13.400;13.400;13.400;13.400;12.700;13.400;13.400;1.200;-1.700;-1.500;-0.150;1.400;0.100;-4.650;-5.400;-7.100;-7.500
0118,audio_wav_24k/speaker01_0118.wav,Omi náà tutù.,MMHLML,,2.82,283,125,0.4417,216.122,157.299,277.381,9.82,nan,1.95,-3.4,-22.064,0.500;0.500;0.500;0.500;0.500;0.500;0.500;0.500;0.500;0.500;0.500;1.650;3.300;2.850;-2.000;-1.100;-1.700;-4.400;-6.600;-6.450
0119,audio_wav_24k/speaker01_0119.wav,Ọ̀rẹ́ mi fẹ́ ra ẹja.,LHMHMMM,,3.4,341,140,0.4106,205.174,191.323,278.661,6.51,nan,0.55,-2.85,-24.221,13.400;13.400;13.400;13.400;13.400;13.400;13.400;13.400;13.400;8.533;3.667;-1.200;3.100;-0.900;-0.200;-2.900;-2.900;-3.000;-3.300;-3.200
0120,audio_wav_24k/speaker01_0120.wav,Ẹ̀gbọ́n mi ń ka ìwé.,LHMMLH,,2.92,293,146,0.4983,221.173,171.536,280.275,8.5,nan,0.0,-2.1,-18.144,13.400;13.400;13.400;13.400;13.400;13.400;13.400;13.400;13.400;0.100;-0.800;3.300;-0.200;-0.400;-1.750;-5.200;-4.900;-3.200;0.200;0.600
0121,audio_wav_24k/speaker01_0121.wav,"Báwo ni, o ṣe wà?",HMMMML,,3.12,313,159,0.508,217.374,154.242,499.394,20.34,nan,1.8,-4.4,-27.738,13.400;13.400;13.400;13.400;13.400;13.400;13.400;13.400;13.400;3.500;2.700;-1.100;-1.100;-0.800;-0.075;0.650;-0.550;-4.600;-6.550;-8.100
0122,audio_wav_24k/speaker01_0122.wav,Ṣé o ti jẹun?,HMMMM,,3.3,331,78,0.2356,214.877,205.174,246.829,3.2,nan,nan,-1.2,-13.998,1.250;1.250;1.250;1.250;1.250;1.250;1.250;1.250;1.250;1.250;1.250;1.250;1.250;1.250;1.250;0.200;-1.700;-1.250;-1.400;-1.900
0123,audio_wav_24k/speaker01_0123.wav,Mo fẹ́ lọ sí ilé.,MHMHMH,,2.94,295,127,0.4305,264.545,228.973,499.394,13.5,nan,13.4,2.3,-23.888,13.400;13.400;13.400;13.400;13.400;13.400;13.400;13.400;13.400;13.400;13.400;7.000;0.100;1.600;0.500;-0.600;2.800;2.400;2.500;2.500
0124,audio_wav_24k/speaker01_0124.wav,"Jọ̀wọ́, fún mi ní omi.",LHHMHMM,,2.98,299,138,0.4615,227.654,210.821,248.259,2.83,nan,0.2,-0.4,-1.584,0.600;0.600;0.600;0.600;0.600;0.600;0.600;0.600;0.600;0.600;-1.600;-0.500;0.450;2.300;0.400;1.100;-0.800;-0.700;-1.200;-0.900
0125,audio_wav_24k/speaker01_0125.wav,A ó pàdé lọ́la.,MHLHHM,,2.38,239,105,0.4393,211.186,184.913,294.551,8.06,nan,3.8,-3.1,-16.759,0.500;0.500;0.500;0.500;0.500;0.500;0.500;0.500;0.500;0.500;0.500;4.350;4.300;-3.700;-2.400;-1.000;-0.850;-3.600;-3.500;-6.700
0126,audio_wav_24k/speaker01_0126.wav,Ọjọ́ náà dára gan-an.,MHHLHMMM,,3.78,379,218,0.5752,226.999,189.235,488.836,16.43,13.0,12.4,-2.95,-31.583,13.000;13.000;13.000;13.000;13.000;13.000;13.000;13.400;12.800;12.400;12.400;0.400;1.950;3.550;-1.500;-1.200;-3.000;-3.200;-3.300;-3.800
0127,audio_wav_24k/speaker01_0127.wav,Mo gbọ́ ohun tí o sọ.,MHMMHMM,,4.6,461,176,0.3818,240.497,192.546,490.815,16.2,12.8,13.1,-0.4,-28.693,12.800;12.800;12.800;12.800;12.800;12.800;12.050;12.575;13.100;12.650;12.800;12.950;13.100;0.900;1.800;0.000;-0.400;-1.150;-3.000;-3.400
0128,audio_wav_24k/speaker01_0128.wav,Ṣé o lè ràn mí lọ́wọ́?,HMLLHHH,,5.44,545,197,0.3615,254.062,196.589,499.394,16.14,13.4,13.2,1.1,-20.255,13.400;13.400;13.400;13.400;13.400;13.400;13.200;13.229;13.257;13.286;13.314;13.343;13.371;13.400;7.700;2.000;-3.000;-0.300;1.200;1.800
0129,audio_wav_24k/speaker01_0129.wav,"Jọ̀wọ́, pa ilẹ̀kùn de.",LHMMLLM,,5.7,571,236,0.4133,240.505,187.061,499.394,17.0,13.4,13.2,-1.6,-30.379,13.100;13.100;13.100;13.100;13.250;13.400;13.400;13.400;13.400;13.400;13.400;12.400;12.800;12.700;-1.700;1.700;-0.600;-3.450;-3.900;0.150
0130,audio_wav_24k/speaker01_0130.wav,Inú mi dùn láti rí ẹ!,MHMLHMHM,,4.76,477,207,0.434,238.421,163.79,499.394,19.3,13.15,13.1,-3.0,-28.653,13.400;13.400;13.400;13.400;13.400;13.250;12.700;12.780;12.860;12.940;13.020;13.100;7.950;2.800;0.600;0.050;-2.700;-4.000;-5.950;-5.900
0131,audio_wav_24k/speaker01_0131.wav,Ará Èkó ni Bọ́lá.,MHLHMHH,C04,2.64,265,119,0.4491,249.697,226.343,302.834,5.04,nan,2.9,1.2,-6.588,2.800;2.800;2.800;2.800;2.800;2.800;2.800;2.800;2.800;2.600;5.750;3.700;0.100;0.200;-0.400;1.250;1.500;1.400;1.500;1.500
0132,audio_wav_24k/speaker01_0132.wav,Ara ọmọ náà gbóná.,MMMMHLHH,C04,2.64,265,129,0.4868,290.159,235.411,310.985,4.82,nan,3.9,4.4,1.152,3.300;3.300;3.300;3.300;3.300;3.300;3.300;3.300;3.300;3.900;3.900;3.800;4.150;0.800;-0.800;4.200;4.500;4.500;5.200;5.200
0133,audio_wav_24k/speaker01_0133.wav,Àrá ń sán lókè ọ̀run.,LHHHLLM,C04,3.42,343,188,0.5481,195.344,165.407,264.545,8.13,-21.9,0.1,-3.7,11.408,-21.900;-21.900;-18.675;-15.450;-12.225;-9.000;-5.775;-2.550;-3.200;-1.900;0.800;2.250;2.300;2.300;1.900;-3.600;-5.700;-3.800;-3.600;-4.200
0134,audio_wav_24k/speaker01_0134.wav,Ogun náà parí ní àná.,MMHLMHHLH,,3.8,381,181,0.4751,227.654,166.653,255.533,7.4,nan,1.3,-1.7,-13.662,1.300;1.300;1.300;1.300;1.300;1.300;1.300;1.300;1.300;1.300;1.700;3.800;-1.250;-1.750;0.800;1.400;-4.000;-6.300;-3.200;-1.300
0135,audio_wav_24k/speaker01_0135.wav,Dókítà fún mi ní oògùn.,HHLHMHMLL,,3.66,367,180,0.4905,291.0,168.492,499.394,18.81,13.4,10.95,1.7,-27.982,13.400;13.400;13.400;13.400;13.400;13.400;13.400;13.400;13.400;13.250;13.100;4.500;9.500;7.550;3.200;2.600;5.700;-3.500;-5.950;-5.000
0136,audio_wav_24k/speaker01_0136.wav,Kúnlé jogún ilé bàbá rẹ̀.,HHMHMHLHL,,3.98,399,192,0.4812,231.634,169.566,298.662,9.8,4.3,1.4,-5.05,-23.671,4.400;4.400;4.400;4.400;4.400;4.400;4.400;4.500;1.400;1.900;1.650;0.750;-0.800;-1.250;-4.500;-5.900;-7.700;-7.700;-7.700;-7.700
0137,audio_wav_24k/speaker01_0137.wav,Bàbá mi ń ṣe òwò ní ọjà.,LHMMLLHML,C02,2.8,281,141,0.5018,230.3,179.649,361.379,12.1,nan,1.95,-2.2,-22.068,8.400;8.400;8.400;8.400;8.400;8.400;8.400;8.400;8.300;2.700;3.400;0.300;-2.600;-2.800;1.550;0.050;-3.300;-4.300;-7.400;-7.400
0138,audio_wav_24k/speaker01_0138.wav,Owó náà wà nínú àpò mi.,MHHLLHHLLM,C02,3.82,383,226,0.5901,289.324,198.759,417.52,12.85,13.0,9.3,-1.1,-24.959,13.000;13.000;13.000;13.000;13.000;13.000;13.000;10.900;8.850;5.400;10.200;10.100;5.700;0.100;3.700;1.900;-3.650;-1.600;-1.300;-1.300
0139,audio_wav_24k/speaker01_0139.wav,Ọwọ́ mi mọ́.,MHMH,C02,2.36,237,105,0.443,285.174,237.048,323.817,5.4,nan,5.0,3.5,12.101,1.100;1.100;1.100;1.100;1.100;1.100;1.100;1.100;1.100;1.100;1.100;5.300;5.800;0.500;0.600;3.050;3.550;4.550;4.200;11.400
0140,audio_wav_24k/speaker01_0140.wav,Mo dé ní ìgbà tó yẹ.,MHHLLHM,C03,2.38,239,134,0.5607,239.802,194.333,363.073,10.821,nan,2.4,-0.9,-10.683,0.850;0.850;0.850;0.850;0.850;0.850;0.850;1.800;2.700;7.200;8.400;3.400;-2.600;-4.000;1.100;1.500;-0.650;-1.100;-1.100;0.000
0141,audio_wav_24k/speaker01_0141.wav,Ìyá gbé igbá náà kalẹ̀.,LHHMHHLML,C03,3.84,385,174,0.4519,263.783,191.766,307.413,8.17,13.4,3.3,0.2,-19.498,13.400;13.400;13.400;13.400;13.400;13.400;10.525;7.650;4.775;1.900;0.850;3.550;4.750;2.850;4.400;4.800;-0.500;-1.500;-4.400;-4.400
0142,audio_wav_24k/speaker01_0142.wav,Mo kọ́ ẹ̀kọ́ tuntun lónìí.,MHLHMMHLH,C05,4.42,443,235,0.5305,205.174,176.562,471.365,17.0,13.4,0.2,-3.2,-20.53,13.400;13.400;13.400;13.400;13.400;13.400;13.300;13.200;-0.900;-0.900;1.200;1.300;-4.200;-3.200;-3.500;-3.400;-3.300;-0.750;-5.700;-2.800
0143,audio_wav_24k/speaker01_0143.wav,Ọmọ náà jẹ ẹ̀kọ ní òwúrọ̀.,MMHLMLMHLHL,C05,4.24,425,187,0.44,241.191,181.736,293.531,8.3,nan,2.9,-0.45,-17.833,3.150;3.150;3.150;3.150;3.150;3.150;3.150;3.150;3.150;3.150;3.150;4.500;1.100;1.200;-3.100;0.950;1.400;-1.300;-3.400;-6.700
0144,audio_wav_24k/speaker01_0144.wav,Bọ́lá lọ sí ilé ẹ̀kọ́.,HHMHMHLH,C05,3.48,349,204,0.5845,278.661,182.052,499.394,17.47,13.4,3.55,2.0,-20.913,13.400;13.400;13.400;13.400;13.400;13.400;13.400;12.500;1.300;0.100;3.800;4.800;2.600;4.900;3.300;5.300;1.200;-4.100;1.100;-6.700
0145,audio_wav_24k/speaker01_0145.wav,Kúnlé lọ sí ọjà.,HHMHML,C11,3.42,343,160,0.4665,288.493,169.566,499.394,18.7,nan,7.35,0.3,-35.582,13.400;13.400;13.400;13.400;13.400;13.400;13.400;13.400;13.400;13.400;13.400;4.400;4.400;1.300;1.000;2.100;-2.000;-4.900;-5.550;-5.550
0146,audio_wav_24k/speaker01_0146.wav,Kúnlé ò lọ sí ọjà.,HHLMHML,C11,3.32,333,167,0.5015,211.186,156.033,471.365,19.14,13.4,6.7,-1.7,-30.728,13.400;13.400;13.400;13.400;13.400;13.400;13.400;11.350;9.300;12.400;11.600;-2.800;-1.600;-1.700;2.000;1.050;-1.600;-4.450;-7.300;-7.300
0147,audio_wav_24k/speaker01_0147.wav,Ó ti dé ilé.,HMHMH,C12,2.32,233,109,0.4678,291.84,268.859,318.623,2.94,nan,4.5,4.0,-4.14,5.250;5.250;5.250;5.250;5.250;5.250;5.250;5.250;5.250;5.500;6.200;3.500;3.850;4.450;1.700;3.950;4.000;4.300;4.700;4.700
0148,audio_wav_24k/speaker01_0148.wav,Kò tíì dé ilé.,LHLHMH,C12,2.46,247,119,0.4818,249.697,203.523,375.134,10.587,nan,-1.75,1.5,-0.494,-1.800;-1.800;-1.800;-1.800;-1.800;-1.800;-1.800;-1.800;-1.800;-2.300;9.700;1.800;-1.900;0.600;0.000;1.900;1.700;1.550;1.800;1.800
0149,audio_wav_24k/speaker01_0149.wav,Ṣé Bọ́lá ti jí?,HHHMH,C13,3.62,363,157,0.4325,300.392,252.598,499.394,11.8,nan,13.4,3.45,-21.287,13.400;13.400;13.400;13.400;13.400;13.400;13.400;13.400;13.400;13.400;13.400;9.250;5.100;3.600;3.550;3.400;1.500;2.350;4.800;5.300
0150,audio_wav_24k/speaker01_0150.wav,Bọ́lá ti jí.,HHMH,C13,2.28,229,107,0.4672,242.589,203.522,269.169,4.84,nan,1.2,0.7,2.501,-1.900;-1.900;-1.900;-1.900;-1.900;-1.900;-1.900;-1.900;-1.900;-1.900;1.900;1.900;0.950;0.750;-1.400;-2.800;0.500;1.150;2.800;1.150
0151,audio_wav_24k/speaker01_0151.wav,Adé ni ó ra ìwé náà.,MHMHMLHHL,C14,2.72,273,138,0.5055,263.021,208.399,307.413,6.73,nan,3.6,0.25,-8.589,2.300;2.300;2.300;2.300;2.300;2.300;2.300;2.300;2.600;5.200;3.700;3.700;0.800;-2.250;-1.800;0.350;2.650;0.700;0.700;0.700
0152,audio_wav_24k/speaker01_0152.wav,Adé ra ìwé náà.,MHMLHHL,C14,3.22,323,130,0.4025,226.999,181.631,275.62,7.22,nan,3.1,-1.3,-16.477,1.000;1.000;1.000;1.000;1.000;1.000;1.000;1.000;1.000;1.000;1.000;1.000;3.300;1.350;-1.250;-2.250;0.200;1.100;-3.600;-6.800
0153,audio_wav_24k/speaker01_0153.wav,Ẹ má ṣe bẹ̀rù.,MHMLL,,2.52,253,102,0.4032,202.233,162.846,334.851,12.48,nan,5.9,-3.6,-32.318,2.600;2.600;2.600;2.600;2.600;2.600;2.600;2.600;2.600;2.600;2.600;5.800;7.500;0.600;0.100;-2.500;-3.800;-4.900;-6.100;-6.400
0154,audio_wav_24k/speaker01_0154.wav,"Ẹ jọ̀wọ́, ẹ tún un sọ.",MLHMHMM,,2.96,297,129,0.4343,245.407,223.743,280.6,3.92,nan,1.8,1.0,-1.979,3.100;3.100;3.100;3.100;3.100;3.100;3.100;3.100;3.450;-0.550;0.900;2.000;6.900;3.775;0.650;1.600;1.100;1.000;1.000;0.700
0155,audio_wav_24k/speaker01_0155.wav,Mo fẹ́ kí o wá ní báyìí.,MHHMHHHLH,,3.0,301,186,0.6179,290.159,190.882,493.658,16.45,13.2,4.3,2.6,-19.439,13.400;13.400;13.400;13.400;13.400;13.400;13.400;13.400;2.600;3.200;4.650;3.500;3.700;4.800;5.200;4.250;3.250;-4.000;-1.600;-2.900
0156,audio_wav_24k/speaker01_0156.wav,"Nígbà tí mo dé, wọ́n ti lọ.",HLHMHHMM,,2.7,271,157,0.5793,221.173,194.78,259.778,4.985,nan,0.4,-2.2,-9.846,4.300;4.300;4.300;4.300;4.300;4.300;4.300;4.300;5.700;0.500;-0.450;-1.500;0.500;0.300;0.000;-1.400;-2.250;-3.000;-2.750;-2.200
0157,audio_wav_24k/speaker01_0157.wav,"Bí òjò bá rọ̀, a ó dúró sí ilé.",HLLHLMHHHHMH,,3.46,347,188,0.5418,211.186,190.331,298.662,7.8,7.9,0.4,-1.8,-8.881,6.500;6.500;6.500;6.500;6.500;6.500;8.500;-1.500;0.450;2.000;1.400;-3.450;-3.300;4.150;-3.200;-2.000;-1.500;-1.800;-1.200;-1.200
0158,audio_wav_24k/speaker01_0158.wav,Ìpàdé náà bẹ̀rẹ̀ ní aago mẹ́wàá.,LLHHLLLHMMMHLH,,3.32,333,168,0.5045,226.343,174.941,292.857,8.92,nan,1.7,-2.1,-11.144,0.100;0.100;0.100;0.100;0.100;0.100;0.100;0.100;0.100;-0.200;4.000;1.850;4.400;-2.900;-1.700;-1.500;0.600;-5.500;-2.900;-2.350
0159,audio_wav_24k/speaker01_0159.wav,Mo ra ọ̀gẹ̀dẹ̀ méje ní ọjà.,MMLLLHMHML,,3.7,371,216,0.5822,230.967,180.175,490.815,17.349,13.4,1.1,-0.3,-23.039,13.400;13.400;13.400;13.400;13.400;13.400;13.400;12.700;1.300;3.100;1.800;-0.900;-1.100;4.950;-0.200;1.000;-0.950;-3.300;-5.700;-5.700
0160,audio_wav_24k/speaker01_0160.wav,Inú mi kò dùn sí ohun tí ó ṣẹlẹ̀.,MHMLLHMMHHML,,3.14,315,179,0.5683,217.374,162.846,319.367,11.66,2.3,0.05,-3.6,-15.632,2.300;2.300;2.300;2.300;2.300;2.300;2.300;5.700;6.450;-1.400;-4.600;-4.500;0.050;-1.000;-0.200;-0.200;-3.600;-5.050;-6.100;-6.400
0161,audio_wav_24k/speaker01_0161.wav,Adé kọ́ ilé tuntun.,MHHMHMM,C06,4.08,409,129,0.3154,234.325,206.362,257.014,3.8,nan,0.6,-0.2,-11.773,0.500;0.500;0.500;0.500;0.500;0.500;0.500;0.500;0.500;0.500;0.500;0.500;0.500;0.950;1.850;-0.300;0.800;-1.700;-1.750;-1.400
0162,audio_wav_24k/speaker01_0162.wav,Adé kọ lẹ́tà sí mi.,MHMHLHM,C06,3.22,323,135,0.418,251.143,207.558,309.194,6.9,nan,4.6,-0.9,-22.15,13.400;13.400;13.400;13.400;13.400;13.400;13.400;13.400;13.400;13.400;13.400;1.700;4.800;1.400;4.500;0.200;-0.800;-1.100;-1.600;-2.250
0163,audio_wav_24k/speaker01_0163.wav,Adé kọ̀ láti lọ.,MHLHMM,C06,3.28,329,134,0.4073,196.476,168.589,285.174,9.1,nan,3.15,-4.95,-19.569,-0.100;-0.100;-0.100;-0.100;-0.100;-0.100;-0.100;-0.100;-0.100;-0.100;0.200;3.600;4.200;-2.800;-1.900;-0.850;-4.150;-5.100;-5.500;-5.200
0164,audio_wav_24k/speaker01_0164.wav,Yàrá náà mọ́.,LHHLH,C07,2.8,281,104,0.3701,256.274,216.122,309.913,6.24,nan,-1.0,3.2,11.023,0.000;0.000;0.000;0.000;0.000;0.000;0.000;0.000;0.000;0.000;0.000;0.000;-1.200;1.700;6.700;-0.750;1.650;3.300;4.500;5.700
0165,audio_wav_24k/speaker01_0165.wav,"Jọ̀wọ́, yára dé síbí.",LHHMHHH,C07,3.04,305,133,0.4361,264.545,222.455,278.661,3.9,nan,-0.35,3.1,12.024,-1.500;-1.500;-1.500;-1.500;-1.500;-1.500;-1.500;-1.500;-1.500;-1.500;-1.100;-0.500;0.600;3.000;1.700;3.200;3.250;3.000;3.600;3.600
0166,audio_wav_24k/speaker01_0166.wav,Agbẹ̀ náà gbin àgbàdo.,MLHLMLLM,,2.88,289,163,0.564,205.174,176.767,452.686,16.28,nan,-0.5,-2.85,-22.622,13.400;13.400;13.400;13.400;13.400;13.400;13.400;13.400;13.400;-2.000;-0.900;3.350;-1.200;-1.300;-3.950;-4.500;-4.850;-2.600;-2.450;-2.400
0167,audio_wav_24k/speaker01_0167.wav,Gbádé gbé àpótí náà.,HHHLHHHL,,3.38,339,152,0.4484,246.829,192.543,499.394,16.5,nan,3.75,0.15,-24.202,13.400;13.400;13.400;13.400;13.400;13.400;13.400;13.400;13.400;13.400;-0.400;2.600;4.100;4.500;-1.000;-3.000;1.200;0.500;-3.800;-3.800
0168,audio_wav_24k/speaker01_0168.wav,Ṣọ́lá ra ṣúgà àti iyọ̀.,HHMHLLMML,,3.94,395,147,0.3722,235.683,172.53,294.211,9.24,nan,2.45,-0.9,-21.134,2.000;2.000;2.000;2.000;2.000;2.000;2.000;2.000;2.000;2.000;2.000;2.000;3.550;0.900;4.700;4.000;-0.250;-0.850;-4.150;-5.250
0169,audio_wav_24k/speaker01_0169.wav,Ọmọ náà ń fọ aṣọ rẹ̀.,MMHLMMML,C08,2.94,295,117,0.3966,202.817,177.176,259.704,6.62,nan,1.7,-2.5,-16.78,1.100;1.100;1.100;1.100;1.100;1.100;1.100;1.100;1.100;1.100;1.100;2.500;-0.750;-1.800;-2.300;-2.400;-2.450;-3.300;-4.800;-4.800
0170,audio_wav_24k/speaker01_0170.wav,Má fọ́ ife náà.,HHMMHL,C08,3.26,327,115,0.3517,227.654,198.204,300.392,7.198,nan,4.3,-0.8,-28.753,13.400;13.400;13.400;13.400;13.400;13.400;13.400;13.400;13.400;13.400;13.400;8.300;3.200;4.500;0.050;-1.100;-1.600;0.100;-2.100;-2.800
0171,audio_wav_24k/speaker01_0171.wav,Ta ni ó dé?,MMHH,,2.68,269,92,0.342,267.619,237.185,499.394,12.89,nan,13.4,2.6,-25.529,13.400;13.400;13.400;13.400;13.400;13.400;13.400;13.400;13.400;13.400;13.400;13.400;1.900;0.500;1.500;2.500;2.600;2.600;3.550;3.550
0172,audio_wav_24k/speaker01_0172.wav,Kí ni o fẹ́?,HMMH,,2.74,275,82,0.2982,281.087,246.829,499.394,12.2,nan,13.4,2.9,-28.847,13.400;13.400;13.400;13.400;13.400;13.400;13.400;13.400;13.400;13.400;13.400;13.400;13.400;8.800;4.200;1.200;1.200;2.900;3.050;3.050
0173,audio_wav_24k/speaker01_0173.wav,Níbo ni wọ́n ń lọ?,HMMHM,,3.0,301,101,0.3355,238.421,216.122,273.874,4.1,nan,2.95,0.5,-11.496,2.500;2.500;2.500;2.500;2.500;2.500;2.500;2.500;2.500;2.500;2.500;2.500;2.500;3.200;0.600;0.700;1.400;-0.500;-1.100;-0.600
0174,audio_wav_24k/speaker01_0174.wav,Èló ni ó jẹ́?,LHMHH,,2.68,269,107,0.3978,272.296,235.14,499.394,13.04,nan,13.4,2.9,-20.529,13.400;13.400;13.400;13.400;13.400;13.400;13.400;13.400;13.400;13.400;8.767;4.133;-0.500;1.900;2.750;2.700;3.300;2.900;3.250;3.250
0175,audio_wav_24k/speaker01_0175.wav,Ìgbà wo ni ìpàdé náà máa parí?,LLMMLLHHLHMMH,,4.1,411,201,0.4891,217.374,197.043,255.533,4.5,13.4,-0.7,-1.9,-14.482,13.400;13.400;13.400;13.400;13.400;13.400;13.400;9.750;6.100;2.450;-1.200;-0.650;0.900;-2.500;1.300;-0.850;-2.700;-2.500;-0.800;0.900
0176,audio_wav_24k/speaker01_0176.wav,Má fọwọ́ kan iná.,HMHMMH,,2.68,269,124,0.461,235.683,212.778,330.813,7.64,nan,5.4,0.2,-21.047,13.200;13.200;13.200;13.200;13.200;13.200;13.200;13.200;13.200;13.400;4.200;5.600;-0.200;0.200;0.400;-1.300;-1.400;0.200;1.200;1.850
0177,audio_wav_24k/speaker01_0177.wav,Ẹ dúró níbí.,MHHHH,,2.34,235,93,0.3957,267.619,234.898,457.883,11.555,nan,2.6,2.65,-13.439,13.400;13.400;13.400;13.400;13.400;13.400;13.400;13.400;13.400;13.400;13.400;0.200;0.200;2.700;2.300;2.800;2.200;2.300;3.500;3.500
0178,audio_wav_24k/speaker01_0178.wav,Gbé àga yìí sí ẹ̀gbẹ́ tábìlì.,HLMLHHLHHLL,,4.66,467,259,0.5546,218.633,184.7,499.394,17.22,13.2,2.0,-2.2,-25.681,13.400;13.400;13.400;13.400;13.400;13.400;13.400;13.400;13.400;5.050;-0.500;-2.100;1.600;2.150;-3.300;-2.100;-2.600;-1.000;-3.600;-6.400
0179,audio_wav_24k/speaker01_0179.wav,Fóònù mi ń dún.,HLLMH,,2.94,295,112,0.3797,256.274,206.482,499.394,15.29,nan,13.4,0.7,-31.89,13.400;13.400;13.400;13.400;13.400;13.400;13.400;13.400;13.400;13.400;13.400;13.400;9.000;4.600;-1.400;-1.400;-0.450;1.100;2.400;2.400
0180,audio_wav_24k/speaker01_0180.wav,Ẹ̀rọ náà kò ṣiṣẹ́.,LMHLLMH,,2.82,283,118,0.417,226.999,187.497,288.488,7.46,nan,1.4,-0.6,-16.657,13.400;13.400;13.400;13.400;13.400;13.400;13.400;13.400;8.433;3.467;-1.500;0.300;2.350;3.000;-3.950;-3.900;-2.100;-0.400;-0.100;-0.100
0181,audio_wav_24k/speaker01_0181.wav,Mo pè ọ́ ní ẹ̀ẹ̀mejì.,MLHHLLML,,2.82,283,136,0.4806,209.365,166.173,285.179,9.35,nan,0.8,-2.5,-16.991,1.400;1.400;1.400;1.400;1.400;1.400;1.400;1.400;1.400;1.400;1.600;-1.800;-0.250;4.250;-1.000;-2.600;-2.250;-4.450;-5.600;-9.600
0182,audio_wav_24k/speaker01_0182.wav,A ó pàdé ní ọjọ́ Ajé.,MHLHHMHMH,,3.02,303,124,0.4092,232.976,205.174,301.091,6.64,nan,2.5,0.0,-10.829,2.500;2.500;2.500;2.500;2.500;2.500;2.500;2.500;2.500;2.500;2.500;6.200;2.050;-1.650;0.200;-0.300;-2.000;0.500;0.950;0.950
0183,audio_wav_24k/speaker01_0183.wav,Ayẹyẹ náà máa wáyé ní ọjọ́ Ẹtì.,MMMHLHMHHHMHML,,3.3,331,189,0.571,237.048,172.331,261.506,7.22,nan,1.8,-0.3,-12.49,1.500;1.500;1.500;1.500;1.500;1.500;1.500;1.500;2.200;1.900;3.800;-0.900;0.000;0.800;0.700;0.050;-1.900;-2.650;-5.350;-5.600
0184,audio_wav_24k/speaker01_0184.wav,Ọkọ̀ ojú irin máa dé ní aago mẹ́ta àbọ̀.,MLMHMMHMHHMMMHMLL,,4.24,425,256,0.6024,237.734,162.846,268.394,8.65,nan,1.6,-1.0,-19.011,13.400;13.400;13.400;13.400;13.400;13.400;13.400;13.400;2.000;-0.100;1.550;2.100;0.300;1.700;-0.300;-0.500;1.300;-3.500;-6.500;-6.200
0185,audio_wav_24k/speaker01_0185.wav,Ó ra ẹyin méjìlá.,HMMMHLH,,3.26,327,160,0.4893,231.638,192.432,283.861,6.73,nan,3.05,-0.05,-18.765,13.400;13.400;13.400;13.400;13.400;13.400;13.400;13.400;13.400;9.150;3.300;2.650;-0.300;-0.100;-0.100;2.150;1.600;-3.450;-2.450;-0.500
0186,audio_wav_24k/speaker01_0186.wav,Àwọn ọmọ márùn-ún wà nínú yàrá.,LMMMHLHLHHLH,,3.7,371,197,0.531,216.122,163.412,279.307,9.28,nan,0.4,-3.0,-21.017,12.300;12.300;12.300;12.300;12.300;12.300;12.300;12.300;12.300;-2.100;-0.600;0.400;3.200;0.100;0.700;-3.000;-3.600;-6.050;-6.400;-2.400
0187,audio_wav_24k/speaker01_0187.wav,"Lẹ́yìn tí mo jẹun, mo lọ sí ibi iṣẹ́.",HLHMMMMMHMMMH,,4.04,405,219,0.5407,225.04,213.639,308.127,6.34,13.4,-0.1,-0.5,-11.742,13.400;13.400;13.400;13.400;13.400;9.517;5.633;1.750;5.900;3.800;0.100;-1.100;-1.100;-0.800;-0.600;1.300;-1.000;-1.300;0.050;1.100
0188,audio_wav_24k/speaker01_0188.wav,"Bó tilẹ̀ jẹ́ pé ó rẹ̀ mí, mo parí iṣẹ́ náà.",HMLHHHLHMMHMHHL,,4.36,437,263,0.6018,246.829,213.639,312.787,6.6,13.4,3.6,0.4,-15.612,13.400;13.400;13.400;13.400;13.400;13.400;13.400;12.800;5.000;0.100;1.550;4.650;3.300;-0.800;-0.300;0.300;1.000;1.700;0.500;-7.500
0189,audio_wav_24k/speaker01_0189.wav,"Nígbà tí fóònù náà dún, mo wà ní ìpàdé.",HLHHLLHLHMLHLLH,,4.02,403,264,0.6551,225.691,184.489,295.231,8.14,3.8,0.1,-2.0,-13.334,13.400;13.400;13.400;13.400;10.100;6.800;3.500;4.550;0.200;2.700;-1.800;-0.600;-2.050;0.950;-2.000;-3.150;0.650;-4.800;-5.350;0.050
0190,audio_wav_24k/speaker01_0190.wav,Ẹ̀rù bà mí nígbà tí mo gbọ́ ariwo náà.,LLLHHLHMHMMMHL,,4.66,467,265,0.5675,206.362,188.145,270.728,6.3,nan,0.8,-2.8,-9.2,-2.100;-2.100;-2.100;-2.100;-2.100;-2.100;-2.100;-2.100;-2.100;2.800;2.950;-1.000;1.500;-1.200;-2.600;-1.900;-3.200;-3.000;-0.800;-6.000
0191,audio_wav_24k/speaker01_0191.wav,Ìlú náà tóbi.,LHHLHM,C09,2.84,285,118,0.414,212.409,198.185,285.67,6.33,nan,1.4,-1.7,-7.001,-1.400;-1.400;-1.400;-1.400;-1.400;-1.400;-1.400;-1.400;-1.400;-1.400;-1.400;-1.650;3.200;4.800;-2.700;-0.200;-1.900;-2.300;-1.400;-1.400
0192,audio_wav_24k/speaker01_0192.wav,Ọmọ náà ń lu ìlù.,MMHLMLL,C09,2.8,281,120,0.427,225.04,167.33,296.807,9.922,nan,3.2,-3.0,-26.548,1.550;1.550;1.550;1.550;1.550;1.550;1.550;1.550;1.550;1.550;1.550;2.850;4.050;6.850;-0.600;-0.150;-3.000;-4.650;-5.650;-6.000
0193,audio_wav_24k/speaker01_0193.wav,Ìyá mi wà nílé.,LHMLHH,C10,3.12,313,110,0.3514,241.191,205.055,292.179,6.13,nan,0.2,0.9,-8.948,1.700;1.700;1.700;1.700;1.700;1.700;1.700;1.700;1.700;1.700;1.700;1.700;-0.100;4.600;1.550;1.800;-2.300;-0.900;0.650;0.900
0194,audio_wav_24k/speaker01_0194.wav,Ọmọ náà bẹ̀rù ìyà.,MMHLLLLL,C10,2.5,251,108,0.4303,230.967,156.393,275.46,9.8,nan,1.5,-4.3,-24.821,1.000;1.000;1.000;1.000;1.000;1.000;1.000;1.000;1.000;1.000;1.650;1.000;0.600;2.950;-1.700;-3.950;-5.400;-7.400;-7.100;-7.100
0195,audio_wav_24k/speaker01_0195.wav,Ṣètò ìtanijí fún aago mẹ́fà òwúrọ̀.,LLLMMHHMMMHLLHL,,4.14,415,265,0.6386,222.455,176.773,269.484,7.3,-1.7,1.75,-1.8,-4.598,-1.650;-1.650;-1.650;-1.650;-1.650;-1.650;-2.250;-0.400;-0.100;-0.200;3.300;4.600;2.400;-1.800;-1.400;0.900;-0.200;-6.100;-1.800;-5.950
0196,audio_wav_24k/speaker01_0196.wav,Pe Kúnlé lórí fóònù.,MHHHHHLL,,3.24,325,125,0.3846,260.0,165.12,275.46,8.86,nan,2.05,2.1,-14.217,1.500;1.500;1.500;1.500;1.500;1.500;1.500;1.500;1.500;1.500;1.500;0.600;2.900;2.400;2.100;1.000;3.200;1.350;-6.000;-6.100
0197,audio_wav_24k/speaker01_0197.wav,Ka ìròyìn tuntun fún mi.,MLLLMMHM,,3.16,317,146,0.4606,223.743,198.185,251.143,4.1,nan,0.65,-0.5,-3.098,1.500;1.500;1.500;1.500;1.500;1.500;1.500;1.500;1.500;1.500;1.500;-1.050;-2.600;-2.600;-0.100;-0.350;0.600;-0.800;-1.850;-0.350
0198,audio_wav_24k/speaker01_0198.wav,Kọ ìránṣẹ́ sí Bọ́lá pé màá pẹ́ díẹ̀.,MLHHHHHHLHHHL,,3.4,341,193,0.566,246.829,196.135,285.174,6.48,13.4,2.7,0.0,-10.905,13.400;13.400;13.400;13.400;13.400;13.400;13.400;2.700;0.700;-0.850;3.400;2.600;3.000;3.000;-0.250;-3.000;0.400;0.100;-2.350;-2.350
0199,audio_wav_24k/speaker01_0199.wav,Tan iná yàrá náà.,MMHLHHL,C15,2.8,281,129,0.4591,245.407,195.683,269.169,5.52,nan,2.1,-0.7,-7.224,2.100;2.100;2.100;2.100;2.100;2.100;2.100;2.100;2.100;2.100;1.900;2.300;2.700;0.100;-3.050;-1.700;1.000;2.000;-1.950;-1.950
0200,audio_wav_24k/speaker01_0200.wav,Pa iná yàrá náà.,MMHLHHL,C15,2.84,285,125,0.4386,222.455,175.545,237.872,5.26,nan,0.05,-2.4,-11.941,-0.100;-0.100;-0.100;-0.100;-0.100;-0.100;-0.100;-0.100;-0.100;-0.100;-0.100;-0.200;0.200;0.550;-1.900;-4.600;-2.850;0.100;-2.550;-7.850
0201,audio_wav_24k/speaker01_0201.wav,Dún orin Yorùbá kan fún mi.,HMMMLHMHM,,2.96,297,158,0.532,219.9,190.002,273.874,6.33,nan,2.25,-2.2,-12.23,-0.900;-0.900;-0.900;-0.900;-0.900;-0.900;-0.900;-0.900;-0.900;3.200;2.900;2.400;0.600;-2.000;2.800;-2.300;-0.900;-2.400;-2.800;-7.700
0202,audio_wav_24k/speaker01_0202.wav,Báwo ni ojú ọjọ́ ṣe rí lónìí?,HMMMHMHMHHLH,,3.08,309,185,0.5987,252.598,208.76,316.136,7.184,nan,1.7,0.3,-10.028,5.950;5.950;5.950;5.950;5.950;5.950;5.950;7.150;2.300;1.400;1.550;0.900;1.700;0.300;0.700;2.450;2.800;-3.950;-1.300;-1.300
0203,audio_wav_24k/speaker01_0203.wav,Rán mi létí ìpàdé ọ̀la.,HMHHLLHLM,,2.859,286,186,0.6503,245.407,175.545,479.604,17.4,2.6,-4.1,13.4,7.096,3.200;3.200;1.100;1.600;3.100;4.300;1.700;-4.400;-4.600;-0.300;-2.300;-4.600;-5.150;-2.108;0.933;3.975;7.017;10.058;13.100;13.400
0204,audio_wav_24k/speaker01_0204.wav,Fi ọ̀nà ilé ìwòsàn hàn mí.,MLLMHLLLLH,,3.64,365,257,0.7041,209.969,170.548,437.266,16.3,4.0,-1.5,-4.7,-18.398,13.400;13.400;13.250;13.100;12.050;2.400;2.000;-2.650;-1.750;-1.500;0.300;1.400;1.800;-3.350;-3.400;-4.600;-5.200;-4.800;-2.200;-11.700
0205,audio_wav_24k/speaker01_0205.wav,Mo gbọ́ ọ dáadáa.,MHMHMHM,C16,3.904,391,273,0.6982,188.145,119.901,235.411,11.68,-0.1,-2.0,-11.2,-14.728,-0.200;-0.200;-0.200;-0.200;-0.200;-0.200;0.000;1.000;-1.800;-2.050;-1.900;-3.350;-11.500;-11.200;-11.300;-11.200;-11.200;-11.000;-11.300;2.400
0206,audio_wav_24k/speaker01_0206.wav,Mi ò gbọ́ ohun tí o sọ.,MLHMMHMM,C16,2.3,231,138,0.5974,215.499,190.774,241.191,4.06,0.8,-0.2,-2.3,-10.863,1.000;1.000;1.000;1.000;1.000;1.000;1.000;1.500;-2.300;-1.300;0.100;-0.700;-1.100;-0.100;-1.850;-0.200;-2.300;-2.300;-2.300;-11.200
0207,audio_wav_24k/speaker01_0207.wav,Ṣé o lè sọ̀rọ̀ díẹ̀díẹ̀?,HMLLLHLHL,,3.26,327,151,0.4618,199.333,179.649,277.056,7.5,nan,-0.3,-3.2,-16.544,4.000;4.000;4.000;4.000;4.000;4.000;4.000;4.000;4.000;4.000;3.300;-0.300;-3.000;-3.150;-4.100;1.100;-1.200;-2.300;-3.250;-10.300
0208,audio_wav_24k/speaker01_0208.wav,"Jọ̀wọ́, máa sọ̀rọ̀ sókè díẹ̀.",LHHMLLHLHL,,4.0,401,215,0.5362,168.589,120.596,205.414,9.22,-3.8,-3.7,-10.6,-14.706,-3.600;-3.600;-3.600;-3.600;-3.600;-4.350;-3.250;-4.400;6.000;6.300;-3.700;-1.500;-4.700;-5.350;-11.000;-11.150;-10.700;-10.700;-10.500;-11.000
0209,audio_wav_24k/speaker01_0209.wav,Kí ni ìtumọ̀ ọ̀rọ̀ yìí?,HMLMLLLLH,,2.94,295,127,0.4305,213.639,173.529,331.008,11.18,nan,5.4,-4.15,-25.562,5.400;5.400;5.400;5.400;5.400;5.400;5.400;5.400;5.400;5.400;5.900;6.100;-0.400;-0.500;-1.900;-4.600;-4.900;-4.700;-1.000;-1.000
0210,audio_wav_24k/speaker01_0210.wav,Tú gbólóhùn yìí sí èdè Gẹ̀ẹ́sì.,HHHLLHHLLLHL,,4.32,433,215,0.4965,201.649,162.846,316.421,11.5,nan,3.7,-3.7,-24.155,4.100;4.100;4.100;4.100;4.100;4.100;4.100;4.100;4.100;3.700;5.950;-0.600;-2.500;2.000;2.600;-3.700;-4.300;-6.000;-2.900;-10.600
0211,audio_wav_24k/speaker01_0211.wav,Èmi ni mo ṣe é.,LMMMMH,C17,3.733,374,220,0.5882,127.767,120.596,248.403,12.51,nan,0.1,-11.1,-24.094,-2.200;-2.200;-2.200;-2.200;-2.200;-2.200;-2.200;-2.200;0.550;-0.600;1.900;1.300;3.600;-10.200;-10.900;-11.150;-10.600;-11.100;-11.100;-11.100
0212,audio_wav_24k/speaker01_0212.wav,Èmi kò ṣe é.,LMLMH,C17,2.22,223,84,0.3767,239.112,194.78,273.401,5.87,nan,0.2,0.75,7.75,-1.800;-1.800;-1.800;-1.800;-1.800;-1.800;-1.800;-1.800;-1.800;-1.800;-0.900;2.500;2.800;-3.000;-2.800;0.650;0.600;2.600;5.200;5.200
0213,audio_wav_24k/speaker01_0213.wav,"Ó ṣe é ní àná, kì í ṣe lónìí.",HMHHLHLHMHLH,,2.66,267,206,0.7715,223.743,152.381,323.817,13.05,5.0,0.05,-2.4,-20.29,11.800;11.800;13.400;8.700;4.000;4.200;3.300;4.600;5.600;-0.500;-0.850;-0.250;-2.100;-0.950;-2.300;-0.700;0.150;-7.200;-5.000;-10.800
0214,audio_wav_24k/speaker01_0214.wav,Ẹ kú oríire!,MHMHMM,,2.56,257,119,0.463,219.9,125.283,249.697,11.94,nan,0.15,-1.3,-20.765,-0.100;-0.100;-0.100;-0.100;-0.100;-0.100;-0.100;-0.100;-0.100;-0.100;-0.100;3.600;0.700;-0.200;1.000;-1.100;-1.500;-1.300;-1.450;-11.100
0215,audio_wav_24k/speaker01_0215.wav,Ó ṣeun púpọ̀!,HMMHL,,2.58,259,101,0.39,241.191,130.0,270.728,12.7,nan,1.2,0.4,-21.767,1.000;1.000;1.000;1.000;1.000;1.000;1.000;1.000;1.000;1.000;1.000;1.000;2.600;0.400;1.100;2.800;2.000;-1.100;-2.800;-9.900
0216,audio_wav_24k/speaker01_0216.wav,Má ṣe yọ ara rẹ lẹ́nu.,HMMMMMHM,,3.66,367,185,0.5041,218.633,192.543,257.039,5.002,nan,-0.4,-1.75,-14.802,1.100;1.100;1.100;1.100;1.100;1.100;1.100;1.100;1.100;1.100;4.650;-0.400;-0.600;-0.900;-2.450;-1.650;0.000;-1.650;-2.250;-10.500
0217,audio_wav_24k/speaker01_0217.wav,Inú bí mi gan-an.,MHHMMM,,3.28,329,143,0.4347,223.743,217.374,272.296,3.9,nan,2.3,-0.6,-9.83,1.400;1.400;1.400;1.400;1.400;1.400;1.400;1.400;1.400;1.400;1.400;2.950;2.500;2.300;-0.400;-0.700;-0.700;-1.000;-0.550;0.200
0218,audio_wav_24k/speaker01_0218.wav,Káàbọ̀ sí ilé wa!,HLLHMHM,,3.02,303,130,0.429,210.577,124.129,314.598,16.1,nan,4.7,-1.9,-25.717,5.400;5.400;5.400;5.400;5.400;5.400;5.400;5.400;5.400;5.400;5.400;5.400;-2.500;0.700;-0.100;-0.300;-1.800;-2.500;-2.400;-10.950
0219,audio_wav_24k/speaker01_0219.wav,"Tí o bá nílò ìrànlọ́wọ́, pe mí lẹ́sẹ̀kẹsẹ̀.",HMHHLLLHHMHHLML,,4.3,431,218,0.5058,208.159,155.547,298.662,11.294,nan,2.35,-3.55,-18.627,3.600;3.600;3.600;3.600;3.600;3.600;3.600;3.600;2.750;5.300;4.600;-4.800;-2.000;0.950;-2.000;-3.200;0.600;-3.900;-5.650;-10.900
0220,audio_wav_24k/speaker01_0220.wav,"Nítorí pé ojú ọ̀nà dí, a dé pẹ́.",HMHHMHLLHMHH,,3.86,387,185,0.478,242.589,182.581,298.662,8.52,nan,2.0,-0.2,-8.439,4.100;4.100;4.100;4.100;4.100;4.100;4.100;4.100;4.100;2.700;1.100;5.900;-4.400;-1.500;2.500;-0.325;-3.150;-0.100;-0.700;1.100
