prompt_id,text,audio_duration_s,speech_start_s,speech_end_s,word_count,boundary_review,review_notes
YT0001,Ẹlẹ́ṣin náà gun ẹṣin dúdú.,2.968,0.0,2.72,5,pending,
YT0002,Ọmọbìnrin náà fẹ́ aṣọ funfun.,3.248,0.0,3.0,5,pending,
YT0003,Agbẹ̀ náà gbé agbọn sí orí tábìlì.,3.708,0.0,3.44,7,pending,
YT0004,Ṣé ẹ̀fọ́ náà ti sè dáadáa?,3.273,0.0,3.02,6,pending,
YT0005,Ẹ fi ṣíbí kékeré rú ọbẹ̀ náà.,3.306,0.0,3.06,7,pending,
YT0006,Ọ̀pọ̀ ẹyẹ ń fò lórí igi.,2.745,0.0,2.48,6,pending,
YT0007,Adìẹ funfun náà wọ inú ọgbà.,2.821,0.0,2.56,6,pending,
YT0008,Bàtà pupa yẹn tóbi jù.,2.622,0.0,2.36,5,pending,
YT0009,Aṣọ dúdú náà ti gbẹ.,2.574,0.0,2.32,5,pending,
YT0010,Ọkùnrin náà ń gé igi pẹ̀lú àdá.,3.362,0.0,3.12,7,pending,
YT0011,Ìyẹn ni ọkọ̀ akérò wa.,2.888,0.0,2.62,5,pending,
YT0012,Ọ̀nà yìí lọ sí ilé ìfowópamọ́.,3.376,0.0,3.12,6,pending,
YT0013,Ẹ jọ̀wọ́,3.42,0.0,3.16,2,pending,
YT0014,Mu kọ́kọ́rọ́ náà wá fún mi.,2.688,0.0,2.42,6,pending,
YT0015,Aago ògiri náà ti dúró.,3.046,0.0,2.78,5,pending,
YT0016,Wọ́n fi ẹran sínú ìkòkò ńlá.,3.019,0.0,2.76,6,pending,
YT0017,Obìnrin náà ta ata pupa ní ọjà.,3.816,0.0,3.58,7,pending,
YT0018,Mo rí òṣùpá ní alẹ́ àná.,4.034,0.0,3.78,6,pending,
YT0019,Ọmọkùnrin náà ń kọrin ní ohùn rara.,2.623,0.0,2.36,7,pending,
YT0020,Kí ló dé tí ilẹ̀ fi tutù?,3.247,0.0,2.98,7,pending,
YT0021,Nígbà wo ni ọkọ̀ òfurufú yóò dé?,2.911,0.0,2.64,7,pending,
YT0022,Ẹ máa rìn pẹ̀lẹ́pẹ̀lẹ́ lójú ọ̀nà.,3.102,0.0,2.84,6,pending,
YT0023,Àwọn ará wa dé láìsí ìṣòro.,3.254,0.0,3.0,6,pending,
YT0024,Ó yẹ kí a fọ ẹ̀wà náà dáadáa.,3.463,0.0,3.2,8,pending,
YT0025,Màmá ń lọ ata fún ọbẹ̀.,2.654,0.0,2.4,6,pending,
YT0026,Ọmọ náà fi bàtà sí abẹ́ àga.,3.139,0.0,2.88,7,pending,
YT0027,Ṣé wọ́n ti ṣètò yàrá àlejò?,2.969,0.0,2.7,6,pending,
YT0028,Ẹlẹ́dẹ̀ náà sáré kọjá ọgbà.,2.947,0.0,2.68,5,pending,
YT0029,Afẹ́fẹ́ tútù ń fẹ́ láti ìlà-oòrùn.,3.634,0.0,3.4,6,pending,
YT0030,Ọ̀rẹ́ rẹ̀ fi ìwé sí orí àpótí.,3.508,0.0,3.26,7,pending,
