condition,sentence_id,source_id,generation_id,repeat,duration_s,pyin_median_hz,pyin_min_hz,pyin_max_hz,pyin_p05_hz,pyin_p95_hz,praat_median_hz,praat_min_hz,praat_max_hz,praat_p05_hz,praat_p95_hz,pyin_relative_p05_st,pyin_relative_p95_st,pyin_relative_width90_st,praat_relative_p05_st,praat_relative_p95_st,pyin_voiced_percent,praat_native_voiced_percent,voiced_runs,voiced_runs_per_second,voiced_run_median_s,unvoiced_runs,unvoiced_run_median_s,unvoiced_run_max_s,median_adjacent_voiced_step_st,pitch_disagreement_median_st,voicing_disagreement_percent,agreement_screen_percent,whole_rms_dbfs,peak_dbfs,digital_rail_samples,verified_speaking_duration_s,crest_factor_db,active_block_rms_width90_db,active_above_50_s,active_above_50_rms_dbfs,active_above_40_s,active_above_40_rms_dbfs,active_above_30_s,active_above_30_rms_dbfs,pyin_voiced_duration_proxy_s,median_frame_rms_dbfs,reliability_flags
mini_tts,p01,yof_01208_01850003899,p01_coral_r01,1,3.1,214.25828225620026,110.58673092361124,285.17449472060275,159.1730512848669,249.6969657132611,210.28678904520856,110.38929364867079,264.71730887934973,156.968319482762,247.81150072436964,-5.145072202730932,2.649927797269069,7.795000000000002,-5.034937160582587,2.872182229972174,78.06451612903226,64.05228758169935,7,2.258064516129032,0.3899999999999997,7,0.06000000000000005,0.19999999999999973,0.1000000000000032,0.18041462492574795,19.54397394136808,28.06451612903226,-26.84617309686675,-11.25411821889639,0,,15.592054877970359,17.27269276550789,2.2,-25.35743734742056,2.02,-24.993825016408483,1.46,-23.75899640492371,2.415,-29.130464509428357,"{""pyin_probability_below_0.5"": 143, ""edge_window"": 9, ""pitch_difference_over_1_semitone"": 28, ""voicing_disagreement"": 60}"
mini_tts,p01,yof_01208_01850003899,p01_coral_r02,2,3.25,188.14500086724917,127.03079589645196,285.17449472060275,133.03860595958074,269.16888019875813,188.17973132874806,126.25893954348223,281.777965724185,139.21090398961394,265.07217417187917,-6.000000000000002,6.199999999999997,12.2,-5.605608494486759,5.946010949675907,80.3076923076923,64.48598130841121,7,2.1538461538461537,0.3599999999999999,7,0.04999999999999982,0.31000000000000005,0.100000000000001,0.18501676121764177,16.149068322981368,28.307692307692307,-28.82533535861592,-13.738378566292331,0,,15.086956792323589,15.485396381052983,2.3,-27.324729114042338,2.1,-26.93867536121814,1.22,-24.978479599567972,2.605,-32.163450962139414,"{""pyin_probability_below_0.5"": 158, ""edge_window"": 9, ""voicing_disagreement"": 52, ""pitch_difference_over_1_semitone"": 18}"
mini_tts,p02,yof_02436_02038636916,p02_coral_r01,1,4.45,191.43371755306833,65.0,242.58857779956992,123.4144757235675,228.05263389769632,192.3760093544518,120.98404632960504,243.77959900882556,126.30360658124405,225.28563162758937,-7.599999999999998,3.0299999999999936,10.629999999999992,-7.2554302556221035,2.802015480201383,78.20224719101124,65.53287981859411,8,1.797752808988764,0.5050000000000001,8,0.11499999999999999,0.2400000000000002,0.10000000000000098,0.15588324635516834,13.122171945701357,36.853932584269664,-30.10972953133168,-16.111732350386376,0,,13.997997180945305,13.377544566603017,2.9,-28.250915185252744,2.68,-27.9187330152452,1.8,-26.662681610013735,3.485,-31.53160149650696,"{""edge_window"": 9, ""pyin_probability_below_0.5"": 170, ""voicing_disagreement"": 58, ""pitch_difference_over_1_semitone"": 14, ""near_pyin_floor"": 15}"
mini_tts,p02,yof_02436_02038636916,p02_coral_r02,2,4.6,225.69132615929473,65.0,283.532010492967,65.0,279.2260938255333,229.33220169300898,117.03828496154036,285.41253945189305,172.95958139709455,279.2024180315075,-21.55007220273093,3.6849277972690637,25.234999999999996,-4.884603255189688,3.406463914906113,68.26086956521739,55.26315789473684,6,1.3043478260869565,0.4825000000000001,5,0.05999999999999994,1.2099999999999995,0.1000000000000005,0.17035476516493123,12.910284463894968,25.869565217391305,-26.63653277530074,-11.193320120856129,0,,15.443212654444611,17.336203278766938,2.62,-24.19217467229342,2.46,-23.92180788832986,2.06,-23.22552301538206,3.1399999999999997,-28.26990859057929,"{""pyin_probability_below_0.5"": 173, ""edge_window"": 9, ""voicing_disagreement"": 59, ""pitch_difference_over_1_semitone"": 27, ""near_pyin_floor"": 24}"
mini_tts,p03,yof_02121_01178327964,p03_coral_r01,1,6.9,155.49249582586248,65.0,218.63306796596578,65.0,205.1735783080468,163.9327611635292,108.64220575584953,210.60962610199064,129.36687408543713,205.80784640080066,-15.1,4.8000000000000025,19.900000000000002,-4.038114259009142,4.012846888315003,65.3623188405797,45.91836734693877,16,2.318840579710145,0.22999999999999998,17,0.10000000000000053,0.3299999999999992,0.10000000000000053,0.21352048548845365,19.941775836972344,17.971014492753625,-29.84836665810358,-12.474905174410704,0,,17.373461483692875,15.80443764806239,4.0,-27.48153670350204,3.34,-26.719531050018475,1.88,-24.725075351394658,4.51,-35.66724431903495,"{""edge_window"": 9, ""pyin_probability_below_0.5"": 297, ""voicing_disagreement"": 137, ""pitch_difference_over_1_semitone"": 29, ""near_pyin_floor"": 55}"
mini_tts,p03,yof_02121_01178327964,p03_coral_r02,2,5.35,191.43371755306833,117.84127594565435,291.8401325604369,126.04455199356018,270.72815965904965,188.36568019810093,80.09058296067407,294.1997522786845,124.18978865520793,270.591771159748,-7.235,5.999999999999998,13.235,-7.219680861557459,6.271542526643442,66.16822429906541,54.80225988700565,12,2.2429906542056077,0.25,13,0.08000000000000007,0.5499999999999998,0.10000000000000137,0.17859847747751856,13.909774436090226,26.16822429906542,-27.104080391737536,-10.765505178790612,0,,16.338575212946925,17.752411175084365,3.8,-25.61885097035818,3.48,-25.244232855535373,2.28,-23.64109706506521,3.540000000000001,-30.482446730604604,"{""edge_window"": 9, ""voicing_disagreement"": 74, ""pyin_probability_below_0.5"": 182, ""pitch_difference_over_1_semitone"": 24}"
mini_tts,p04,yof_09697_01103354325,p04_coral_r01,1,6.4,212.40900892134297,65.0,310.98499165172495,174.53442536143424,281.8989862783688,211.5773480153523,161.20275269147496,313.14808053431364,174.6074553496427,282.01923169632937,-3.3999999999999986,4.900000000000001,8.3,-3.3247906314487716,4.984703442864087,80.46875,66.35220125786164,13,2.03125,0.3299999999999996,13,0.07000000000000028,0.435,0.10000000000000017,0.17890907864770145,14.599686028257457,31.40625,-25.280975270392993,-8.537064133939436,0,,16.743911136453555,17.025004866253653,4.84,-24.067896956538547,4.46,-23.716369462687297,3.22,-22.469970451019172,5.154999999999999,-28.33841067411896,"{""edge_window"": 9, ""pyin_probability_below_0.5"": 287, ""voicing_disagreement"": 93, ""pitch_difference_over_1_semitone"": 40, ""near_pyin_floor"": 13}"
mini_tts,p04,yof_09697_01103354325,p04_coral_r02,2,7.15,190.3311404729313,113.17157322849613,248.25881701670832,130.0,225.0395058615972,189.90460035784992,120.2242661366343,248.58244302469626,131.1309915304705,224.22994777274363,-6.6000000000000005,2.9,9.5,-6.416821356333813,2.8708220270199503,78.46153846153847,66.24472573839662,12,1.6783216783216783,0.3650000000000001,12,0.10499999999999998,0.41000000000000014,0.10000000000000075,0.1984395321668546,12.359550561797754,26.573426573426573,-28.017057955720084,-14.101659625561853,0,,13.915398330158231,15.46754924487205,5.32,-26.73371901907626,4.92,-26.40147172325051,3.5,-25.176498077901112,5.605,-29.234125519051645,"{""pyin_probability_below_0.5"": 348, ""edge_window"": 9, ""pitch_difference_over_1_semitone"": 44, ""voicing_disagreement"": 88}"
mini_tts,p05,yom_00295_01260038205,p05_coral_r01,1,3.25,189.23491376948436,119.9011051661721,275.4604045334168,136.14823596668148,266.0772119191614,190.73076913370758,123.10333916569726,278.63030387693317,137.30799605630793,266.84017030567406,-5.699999999999999,5.899999999999995,11.599999999999994,-5.887364210414154,5.615358485990662,80.0,68.84735202492212,6,1.8461538461538463,0.2699999999999998,6,0.08999999999999997,0.2400000000000002,0.10000000000000231,0.23674442381412658,11.490683229813664,25.846153846153847,-26.871792974165317,-12.747759073394107,0,,14.12403390077121,14.506514998810498,2.44,-25.6273984159836,2.12,-25.025664482614168,1.56,-23.887616772806467,2.5949999999999998,-29.320652663996572,"{""pyin_probability_below_0.5"": 171, ""edge_window"": 9, ""pitch_difference_over_1_semitone"": 25, ""voicing_disagreement"": 37}"
mini_tts,p05,yom_00295_01260038205,p05_coral_r02,2,4.5,194.7799199939686,65.0,246.828951447135,140.46240753301646,227.12986196211494,194.24854031148777,134.59368769952383,240.86973947862353,147.92985089218,224.81292444275962,-5.660000000000001,2.6599999999999957,8.319999999999997,-4.447736260520972,2.542240760547404,77.55555555555556,62.55605381165919,9,2.0,0.40000000000000036,9,0.07999999999999963,0.33000000000000007,0.1000000000000006,0.13875254253964342,16.33109619686801,38.0,-26.568194505807416,-13.28627879896288,0,,13.281915706844536,14.235825286927238,3.08,-24.92224969813217,2.66,-24.29374185119243,2.16,-23.50103230448989,3.495000000000001,-29.253649640864577,"{""edge_window"": 9, ""pyin_probability_below_0.5"": 163, ""voicing_disagreement"": 73, ""pitch_difference_over_1_semitone"": 14, ""near_pyin_floor"": 10}"
mini_tts,p06,yom_07508_00859742057,p06_coral_r01,1,4.35,221.17346184722248,120.59568520237023,310.98499165172495,131.51052723924994,307.41302436705854,215.88664735520322,122.97954318151658,313.2708717083234,136.0575405226156,300.07456279498206,-8.999999999999996,5.700000000000003,14.7,-8.12027857202115,5.722872260217853,70.11494252873563,56.380510440835266,9,2.0689655172413794,0.3500000000000001,9,0.11999999999999988,0.31000000000000005,0.1999999999999993,0.34809054705768094,13.657407407407407,17.471264367816094,-24.634372401183033,-10.673532326639414,0,,13.960840074543619,18.08322480739265,3.12,-23.191261177193887,2.9,-22.876304431987293,2.42,-22.158029992254832,3.045,-26.52134947525059,"{""pyin_probability_below_0.5"": 205, ""edge_window"": 9, ""pitch_difference_over_1_semitone"": 41, ""voicing_disagreement"": 59}"
mini_tts,p06,yom_07508_00859742057,p06_coral_r02,2,4.0,203.99186545315516,65.0,278.66110025943624,65.0,267.61858152730787,206.0364946525255,142.93360432726797,277.8773679186341,148.38882559385655,266.16400689966764,-19.799999999999997,4.699999999999999,24.499999999999996,-5.78972587120948,4.319874196538692,81.0,61.111111111111114,12,3.0,0.2549999999999999,12,0.06500000000000017,0.18999999999999995,0.10000000000000009,0.19623516446831185,23.173803526448363,31.75,-27.756695639611202,-11.13772103475501,0,,16.61897460485619,15.062331729479311,3.08,-26.621936887396352,2.82,-26.24708474009179,1.96,-24.91808349373369,3.245,-29.243037176788985,"{""edge_window"": 9, ""pyin_probability_below_0.5"": 177, ""voicing_disagreement"": 92, ""pitch_difference_over_1_semitone"": 13, ""near_pyin_floor"": 26}"
realtime,p01,yof_01208_01850003899,p01_gpt-realtime-2.1_marin_r01,1,2.65,206.36213675586595,94.07250043362458,267.61858152730787,112.97659027048614,247.04343128257096,225.66331391186074,160.18533966690535,286.4056884366909,168.16356626840897,248.7001325144697,-10.430000000000001,3.1149999999999967,13.544999999999998,-5.243147829992277,1.6146193844046406,89.81132075471699,61.68582375478927,6,2.2641509433962264,0.37,5,0.030000000000000027,0.17000000000000004,0.10000000000000053,0.15673164711174653,27.480916030534353,39.62264150943396,-23.77946233391477,-9.23437238144221,0,,14.545089952472559,17.00214916711645,1.98,-22.514107149163024,1.9,-22.335783481093422,1.54,-21.491634371612435,2.3799999999999994,-25.210018093900107,"{""pyin_probability_below_0.5"": 116, ""edge_window"": 9, ""pitch_difference_over_1_semitone"": 8, ""voicing_disagreement"": 72}"
realtime,p01,yof_01208_01850003899,p01_gpt-realtime-2.1_marin_r02,2,3.2,189.23491376948436,111.87168684176291,272.296471933363,117.16256013940793,239.38786260260528,190.6960463675214,76.44053267068173,272.1497648773804,148.40462282254762,236.9913769595633,-8.3,4.069999999999999,12.370000000000001,-4.340879271791865,3.76271558793525,70.9375,51.89873417721519,8,2.5,0.18999999999999995,8,0.06499999999999995,0.3400000000000003,0.09999999999999909,0.09947588347194036,23.34384858044164,31.875,-22.738733886864424,-7.0177781138832245,0,,15.720955772981199,21.02958706048546,2.16,-21.03209432451756,2.02,-20.742702339912604,1.66,-19.932658434456314,2.2750000000000004,-27.0290637227223,"{""edge_window"": 9, ""pyin_probability_below_0.5"": 119, ""voicing_disagreement"": 74, ""pitch_difference_over_1_semitone"": 7}"
realtime,p02,yof_02436_02038636916,p02_gpt-realtime-2.1_marin_r01,1,4.25,180.68936857950385,87.77274650093236,275.4604045334168,114.58604565487043,264.3161701264686,182.49803627727874,136.61813100610797,276.97232516372696,143.55340476197466,259.3832417602829,-7.8850000000000025,6.584999999999992,14.469999999999995,-4.157201283595732,6.250431624951838,85.6470588235294,70.78384798099762,8,1.8823529411764706,0.5125,7,0.09999999999999998,0.13999999999999968,0.10000000000000053,0.15635680891502005,14.454976303317535,47.05882352941177,-22.82138161363363,-10.8132400549232,0,,12.00814155871043,16.23993915098952,3.18,-21.562007282690736,3.02,-21.339217711129077,2.74,-20.937400017549592,3.64,-24.060794616568337,"{""pyin_probability_below_0.5"": 152, ""edge_window"": 9, ""voicing_disagreement"": 61, ""pitch_difference_over_1_semitone"": 13}"
realtime,p02,yof_02436_02038636916,p02_gpt-realtime-2.1_marin_r02,2,4.1,170.54805357686834,82.36928038865905,283.532010492967,90.50214748960704,215.93513745557033,173.0077567521486,128.9068395905529,277.4225258572593,145.980646059051,218.99913076834937,-10.969999999999999,4.084999999999998,15.054999999999996,-2.940759351440173,4.080613406239856,79.02439024390245,53.94088669950739,9,2.1951219512195124,0.3699999999999999,9,0.06000000000000005,0.31000000000000005,0.10000000000000409,0.21506081020070464,26.535626535626534,23.414634146341463,-23.77780730353829,-10.629260259890565,0,,13.148547043647724,14.583574050436411,2.52,-21.664416894915853,2.44,-21.525373307914343,2.12,-20.96164235488963,3.245,-26.481822624248732,"{""edge_window"": 9, ""pyin_probability_below_0.5"": 202, ""pitch_difference_over_1_semitone"": 15, ""voicing_disagreement"": 108}"
realtime,p03,yof_02121_01178327964,p03_gpt-realtime-2.1_marin_r01,1,6.35,172.52972650401387,115.81683335824411,254.06159179290393,120.59568520237023,244.48858389145727,171.88647553098457,79.17282073869082,400.5895723683727,136.32381150383316,239.4357446594348,-6.200000000000002,6.034999999999995,12.234999999999996,-4.041523268579084,5.7521448565796245,68.34645669291339,49.44532488114105,13,2.047244094488189,0.31000000000000005,13,0.07999999999999996,0.6799999999999997,0.10000000000000259,0.21819232923526038,22.151898734177216,20.47244094488189,-24.046039438838626,-7.265678885683254,0,,16.780360553155372,18.015423043840062,4.18,-22.23072604073208,3.88,-21.90930165361452,3.22,-21.15407049772333,4.344999999999999,-26.966759171413187,"{""edge_window"": 9, ""pyin_probability_below_0.5"": 265, ""voicing_disagreement"": 140, ""pitch_difference_over_1_semitone"": 25, ""possible_octave_disagreement"": 3}"
realtime,p03,yof_02121_01178327964,p03_gpt-realtime-2.1_marin_r02,2,5.95,182.262484677089,65.0,419.9385667360219,119.21052561660726,262.6423320282854,186.06144093278243,128.62908986112402,466.0522221075486,152.28262490071629,272.0531389622225,-7.350072202730935,6.324927797269067,13.675000000000002,-3.5128644476227415,6.538690896164194,71.59663865546219,49.91539763113367,14,2.3529411764705883,0.205,14,0.10499999999999998,0.30000000000000004,0.10000000000000264,0.23540956133360064,25.16891891891892,19.327731092436974,-23.95845059064151,-7.625456547659032,0,,16.33299404298248,17.852436896883013,3.94,-22.16878512643317,3.58,-21.75517178393095,3.02,-21.06186030951964,4.265000000000001,-26.85306804679857,"{""edge_window"": 9, ""pyin_probability_below_0.5"": 283, ""voicing_disagreement"": 149, ""pitch_difference_over_1_semitone"": 39, ""near_pyin_floor"": 12}"
realtime,p04,yof_09697_01103354325,p04_gpt-realtime-2.1_marin_r01,1,6.15,177.5852333780714,65.0,258.50251019256234,100.18596752671694,226.474265707846,183.16825685642752,125.23038534368355,254.9499847185719,141.14881531143303,226.73148853916635,-9.909999999999998,4.209999999999998,14.119999999999997,-4.473985321376416,3.731227641406929,81.13821138211382,59.08346972176759,14,2.2764227642276422,0.2250000000000003,13,0.05999999999999961,0.33000000000000007,0.09999999999999964,0.13272929972908912,22.058823529411764,33.983739837398375,-23.30984087727625,-4.68333044933504,0,,18.626510427941213,16.82817164033275,4.34,-21.79641737557801,4.12,-21.571491269321285,3.48,-20.889210361121805,4.990000000000002,-25.54723393915897,"{""pyin_probability_below_0.5"": 256, ""edge_window"": 9, ""voicing_disagreement"": 135, ""pitch_difference_over_1_semitone"": 23, ""near_pyin_floor"": 6}"
realtime,p04,yof_09697_01103354325,p04_gpt-realtime-2.1_marin_r02,2,6.1,180.68936857950385,92.9919856082918,318.2539212592103,113.26991266663647,273.63725973602317,176.33565369622227,75.26128987993346,320.02322263829956,132.7463242286754,292.274263410554,-8.085000000000004,7.184999999999996,15.27,-4.921127979699854,8.738690557018638,82.62295081967213,63.2013201320132,11,1.8032786885245902,0.30000000000000027,12,0.030000000000000027,0.3799999999999999,0.1000000000000032,0.21366363049713835,22.240527182866558,22.295081967213115,-24.138141203830813,-9.028828968559875,0,,15.109312235270938,17.467126879310882,4.56,-22.874829654602607,4.28,-22.602076608839393,3.64,-21.95249033592968,5.04,-26.215418108159405,"{""edge_window"": 9, ""pyin_probability_below_0.5"": 333, ""voicing_disagreement"": 135, ""pitch_difference_over_1_semitone"": 37}"
realtime,p05,yom_00295_01260038205,p05_gpt-realtime-2.1_marin_r01,1,3.8,182.78887791090543,104.98464168400547,266.0772119191614,125.35599805656368,257.013645291753,188.77245356576518,141.33856792041502,369.28450771343796,150.46546584629058,259.8706634339188,-6.53,5.9,12.43,-3.9782151717447536,5.482123395202267,78.6842105263158,59.840425531914896,5,1.3157894736842106,0.5900000000000003,6,0.07999999999999985,0.445,0.10000000000000031,0.1337029531846339,20.159151193633953,35.0,-23.30193731152883,-10.073362088232223,0,,13.228575223296609,14.478493727829498,2.54,-21.55276796038139,2.26,-21.048503744420707,2.08,-20.70929059054258,2.9900000000000007,-24.59189227226833,"{""edge_window"": 9, ""pyin_probability_below_0.5"": 154, ""voicing_disagreement"": 76, ""pitch_difference_over_1_semitone"": 17}"
realtime,p05,yom_00295_01260038205,p05_gpt-realtime-2.1_marin_r02,2,3.6,182.78887791090543,65.0,327.579472972667,89.3069870847758,294.89107029666127,190.19440170309534,138.7259592607829,339.3172539314581,145.4131005316752,296.8518166672891,-12.399999999999999,8.279999999999998,20.679999999999996,-4.651348672392427,7.693359738912875,84.72222222222223,62.640449438202246,8,2.2222222222222223,0.28000000000000014,7,0.03000000000000025,0.25,0.10000000000000242,0.1703162022934374,22.969187675070028,31.38888888888889,-21.90269143627213,-8.496079547728062,0,,13.406611888544067,18.928821317348426,2.52,-20.35382584530769,2.34,-20.032928161235397,2.08,-19.53996612087166,3.0500000000000003,-23.244171136104576,"{""pyin_probability_below_0.5"": 181, ""edge_window"": 9, ""pitch_difference_over_1_semitone"": 14, ""voicing_disagreement"": 82, ""near_pyin_floor"": 10}"
realtime,p06,yom_07508_00859742057,p06_gpt-realtime-2.1_marin_r01,1,4.55,160.97592684906726,83.80907004857264,239.8022103323442,97.78488200618848,215.250513803204,167.86068477855417,124.74587476043563,225.54358562778603,139.98755852133917,215.84976825554463,-8.630000000000003,5.03,13.660000000000004,-2.983177307196044,4.418041127584838,73.62637362637362,49.889135254988915,12,2.6373626373626373,0.26,11,0.050000000000000266,0.3699999999999999,0.1999999999999964,0.1769213429952832,23.893805309734514,27.032967032967033,-23.9098557155923,-8.677732279586648,0,,15.232123436005653,16.033498292723955,3.02,-22.130180407996175,2.78,-21.77238447081658,2.4,-21.182005981440597,3.35,-26.440252689121337,"{""pyin_probability_below_0.5"": 197, ""edge_window"": 9, ""voicing_disagreement"": 108, ""pitch_difference_over_1_semitone"": 15}"
realtime,p06,yom_07508_00859742057,p06_gpt-realtime-2.1_marin_r02,2,4.35,199.33268480704808,138.52806521170294,280.2753675911423,153.70651218352927,266.0772119191614,200.60537167520945,126.69657436160095,283.9648749645198,149.4417410328658,268.4820836320407,-4.499999999999998,4.999999999999995,9.499999999999993,-5.097333947265067,5.045582834289709,72.183908045977,58.932714617169374,10,2.298850574712644,0.27500000000000013,10,0.08499999999999994,0.36999999999999966,0.10000000000000053,0.1796384439933179,15.277777777777779,28.275862068965516,-22.225660909173577,-3.6687175390830045,0,,18.556943370090572,16.381478816107474,3.4,-21.155730376317507,3.18,-20.866466471916937,2.88,-20.457834473986686,3.135,-23.829722793559878,"{""pyin_probability_below_0.5"": 162, ""edge_window"": 9, ""voicing_disagreement"": 66, ""pitch_difference_over_1_semitone"": 26}"
natural,p01,yof_01208_01850003899,yof_01208_01850003899,,2.304,181.73609144327253,148.4707041104003,226.34314645699226,152.73550375471723,211.18562305262122,180.18063509450647,144.69767877571243,212.8516965662272,150.5046777599776,210.2596529025668,-3.0100000000000002,2.5999999999999974,5.609999999999998,-3.1157712205872725,2.6727366702143307,64.93506493506493,54.424778761061944,3,1.3020833333333335,0.14000000000000012,4,0.02750000000000001,0.7289999999999996,0.09999999999999876,0.1273946705297651,11.946902654867257,15.584415584415584,-22.70241669655917,-7.150801374667461,0,,15.551615321891708,19.59819790382935,1.34,-20.3487440936582,1.3,-20.217662992584856,1.04,-19.290996111469557,1.5,-30.085943039352948,"{""edge_window"": 9, ""pyin_probability_below_0.5"": 114, ""voicing_disagreement"": 27, ""pitch_difference_over_1_semitone"": 7}"
natural,p02,yof_02436_02038636916,yof_02436_02038636916,,2.304,201.6488190383855,162.84637702113662,231.63366671648822,166.50875328496616,225.23505195090647,202.84186859122843,161.65335439854888,234.48040090174072,165.0399888848352,225.4405058316702,-3.3149999999999995,1.9150000000000007,5.23,-3.5704836051790836,1.8286761036376369,77.05627705627705,76.10619469026548,1,0.4340277777777778,1.7800000000000002,2,0.26199999999999984,0.2889999999999997,0.10000000000000052,0.09141920370442594,2.6548672566371683,48.05194805194805,-23.763599878933505,-10.736259731504871,0,,13.027340147428633,14.9028822783675,1.8,-22.691686345496525,1.78,-22.643260715504752,1.6,-22.214358214153215,1.7799999999999998,-24.906889622240197,"{""edge_window"": 9, ""pyin_probability_below_0.5"": 67, ""voicing_disagreement"": 6, ""pitch_difference_over_1_semitone"": 7}"
natural,p03,yof_02121_01178327964,yof_02121_01178327964,,4.864,214.87708272009507,72.96003314010925,272.296471933363,78.64961579925402,255.5333556217653,215.24953322097613,78.88233752927808,307.16055220511794,152.6443507715478,252.79935085463535,-17.400000000000002,2.999999999999999,20.400000000000002,-5.950031554784138,2.783781607413429,54.209445585215605,38.79668049792531,11,2.2615131578947367,0.20000000000000018,11,0.08000000000000007,1.165,0.09999999999999964,0.17728384026190064,25.103734439834025,10.061601642710473,-26.908621009421715,-5.966692789040681,0,,20.941928220381033,18.381436227270502,2.86,-24.602831957939575,2.32,-23.703665400272858,1.56,-22.137769586710327,2.639000000000001,-35.11774463270705,"{""edge_window"": 9, ""voicing_disagreement"": 121, ""pyin_probability_below_0.5"": 213, ""pitch_difference_over_1_semitone"": 13}"
natural,p04,yof_09697_01103354325,yof_09697_01103354325,,5.461333333333333,203.99186545315516,154.59692495035372,239.8022103323442,164.40647227547348,228.9731271349986,200.27265170390336,157.8328578888047,235.35165970689295,168.6095718027711,228.08529591328514,-3.734999999999998,2.000000000000004,5.735000000000002,-2.979348110912974,2.251295116860531,75.68555758683729,65.31365313653137,4,0.732421875,0.4700000000000001,5,0.10633333333333272,1.0250000000000001,0.09999999999999865,0.09761774488001465,11.07011070110701,34.73491773308958,-31.623691569736202,-16.422160491910734,0,,15.201531077825468,13.060398204573964,3.64,-29.863440478470444,3.24,-29.379008987513018,1.2,-26.571274025760655,4.140000000000001,-33.75306032477217,"{""edge_window"": 10, ""pyin_probability_below_0.5"": 222, ""voicing_disagreement"": 60, ""pitch_difference_over_1_semitone"": 15}"
natural,p05,yom_00295_01260038205,yom_00295_01260038205,,2.9013333333333335,135.36407982952485,106.2045044606715,190.3311404729313,110.20457130269747,182.78887791090543,136.31764922003265,105.0422986062922,279.56898232984594,110.14507893358892,184.98070829505306,-3.560000000000003,5.1999999999999975,8.760000000000002,-3.690832958697676,5.2847801784389725,64.94845360824742,60.83916083916084,7,2.4126838235294117,0.19999999999999996,8,0.02000000000000013,0.44633333333333347,0.10000000000000159,0.2247004248219634,13.636363636363637,8.59106529209622,-26.59503969146346,-10.570878071579934,0,,16.024161619883525,12.869740832168794,1.98,-24.936324717942078,1.76,-24.431301291218922,1.5,-23.822944668774596,1.8899999999999992,-27.418012862097928,"{""edge_window"": 10, ""pyin_probability_below_0.5"": 164, ""voicing_disagreement"": 39, ""pitch_difference_over_1_semitone"": 13}"
natural,p06,yom_07508_00859742057,yom_07508_00859742057,,2.474666666666667,123.4144757235675,77.74624791293124,144.24403136881983,88.28120884877589,136.85806480338394,122.7314144017972,86.47530620996977,196.61108255601445,87.76747584618418,141.2882478152218,-5.800000000000001,1.789999999999998,7.589999999999999,-5.804957092952418,2.4375214260465783,73.79032258064517,56.37860082304527,8,3.232758620689655,0.21000000000000013,9,0.020000000000000018,0.255,0.10000000000000209,0.17453423970574358,19.753086419753085,7.661290322580645,-25.062738397179896,-7.844383165224151,0,,17.218355231955744,19.42267038127494,1.92,-23.961500830179588,1.72,-23.488316438313774,1.1,-21.70968243105098,1.8299999999999996,-28.149723224325847,"{""edge_window"": 9, ""voicing_disagreement"": 48, ""pyin_probability_below_0.5"": 163, ""pitch_difference_over_1_semitone"": 18}"
