condition,sentence_id,n_takes,duration_s,pyin_median_hz,pyin_min_hz,pyin_max_hz,pyin_p05_hz,pyin_p95_hz,praat_median_hz,praat_min_hz,praat_max_hz,praat_p05_hz,praat_p95_hz,pyin_relative_p05_st,pyin_relative_p95_st,pyin_relative_width90_st,praat_relative_p05_st,praat_relative_p95_st,pyin_voiced_percent,praat_native_voiced_percent,voiced_runs,voiced_runs_per_second,voiced_run_median_s,unvoiced_runs,unvoiced_run_median_s,unvoiced_run_max_s,median_adjacent_voiced_step_st,pitch_disagreement_median_st,voicing_disagreement_percent,agreement_screen_percent,whole_rms_dbfs,peak_dbfs,digital_rail_samples,verified_speaking_duration_s,crest_factor_db,active_block_rms_width90_db,active_above_50_s,active_above_50_rms_dbfs,active_above_40_s,active_above_40_rms_dbfs,active_above_30_s,active_above_30_rms_dbfs,pyin_voiced_duration_proxy_s,median_frame_rms_dbfs
natural,p01,1,2.304,181.73609144327253,148.4707041104003,226.34314645699226,152.73550375471723,211.18562305262122,180.18063509450647,144.69767877571243,212.8516965662272,150.5046777599776,210.2596529025668,-3.0100000000000002,2.5999999999999974,5.609999999999998,-3.1157712205872725,2.6727366702143307,64.93506493506493,54.424778761061944,3.0,1.3020833333333335,0.14000000000000012,4.0,0.02750000000000001,0.7289999999999996,0.09999999999999876,0.1273946705297651,11.946902654867257,15.584415584415584,-22.70241669655917,-7.150801374667461,0.0,,15.551615321891708,19.59819790382935,1.34,-20.3487440936582,1.3,-20.217662992584856,1.04,-19.290996111469557,1.5,-30.085943039352948
natural,p02,1,2.304,201.6488190383855,162.84637702113662,231.63366671648822,166.50875328496616,225.23505195090647,202.84186859122843,161.65335439854888,234.48040090174072,165.0399888848352,225.4405058316702,-3.3149999999999995,1.9150000000000007,5.23,-3.5704836051790836,1.8286761036376369,77.05627705627705,76.10619469026548,1.0,0.4340277777777778,1.7800000000000002,2.0,0.26199999999999984,0.2889999999999997,0.10000000000000052,0.09141920370442594,2.6548672566371683,48.05194805194805,-23.763599878933505,-10.736259731504871,0.0,,13.027340147428633,14.9028822783675,1.8,-22.691686345496525,1.78,-22.643260715504752,1.6,-22.214358214153215,1.7799999999999998,-24.906889622240197
natural,p03,1,4.864,214.87708272009507,72.96003314010925,272.296471933363,78.64961579925402,255.5333556217653,215.24953322097613,78.88233752927808,307.16055220511794,152.6443507715478,252.79935085463535,-17.400000000000002,2.999999999999999,20.400000000000002,-5.950031554784138,2.783781607413429,54.209445585215605,38.79668049792531,11.0,2.2615131578947367,0.20000000000000018,11.0,0.08000000000000007,1.165,0.09999999999999964,0.17728384026190064,25.103734439834025,10.061601642710473,-26.908621009421715,-5.966692789040681,0.0,,20.941928220381033,18.381436227270502,2.86,-24.602831957939575,2.32,-23.703665400272858,1.56,-22.137769586710327,2.639000000000001,-35.11774463270705
natural,p04,1,5.461333333333333,203.99186545315516,154.59692495035372,239.8022103323442,164.40647227547348,228.9731271349986,200.27265170390336,157.8328578888047,235.35165970689295,168.6095718027711,228.08529591328514,-3.734999999999998,2.000000000000004,5.735000000000002,-2.979348110912974,2.251295116860531,75.68555758683729,65.31365313653137,4.0,0.732421875,0.4700000000000001,5.0,0.10633333333333272,1.0250000000000001,0.09999999999999865,0.09761774488001465,11.07011070110701,34.73491773308958,-31.623691569736202,-16.422160491910734,0.0,,15.201531077825468,13.060398204573964,3.64,-29.863440478470444,3.24,-29.379008987513018,1.2,-26.571274025760655,4.140000000000001,-33.75306032477217
natural,p05,1,2.9013333333333335,135.36407982952485,106.2045044606715,190.3311404729313,110.20457130269747,182.78887791090543,136.31764922003265,105.0422986062922,279.56898232984594,110.14507893358892,184.98070829505306,-3.560000000000003,5.1999999999999975,8.760000000000002,-3.690832958697676,5.2847801784389725,64.94845360824742,60.83916083916084,7.0,2.4126838235294117,0.19999999999999996,8.0,0.02000000000000013,0.44633333333333347,0.10000000000000159,0.2247004248219634,13.636363636363637,8.59106529209622,-26.59503969146346,-10.570878071579934,0.0,,16.024161619883525,12.869740832168794,1.98,-24.936324717942078,1.76,-24.431301291218922,1.5,-23.822944668774596,1.8899999999999992,-27.418012862097928
natural,p06,1,2.474666666666667,123.4144757235675,77.74624791293124,144.24403136881983,88.28120884877589,136.85806480338394,122.7314144017972,86.47530620996977,196.61108255601445,87.76747584618418,141.2882478152218,-5.800000000000001,1.789999999999998,7.589999999999999,-5.804957092952418,2.4375214260465783,73.79032258064517,56.37860082304527,8.0,3.232758620689655,0.21000000000000013,9.0,0.020000000000000018,0.255,0.10000000000000209,0.17453423970574358,19.753086419753085,7.661290322580645,-25.062738397179896,-7.844383165224151,0.0,,17.218355231955744,19.42267038127494,1.92,-23.961500830179588,1.72,-23.488316438313774,1.1,-21.70968243105098,1.8299999999999996,-28.149723224325847
mini_tts,p01,2,3.175,201.20164156172473,118.8087634100316,285.17449472060275,146.1058286222238,259.43292295600963,199.23326018697833,118.32411659607651,273.2476373017673,148.08961173618798,256.4418374481244,-5.572536101365467,4.424963898634533,9.9975,-5.320272827534673,4.40909658982404,79.18610421836229,64.26913444505527,7.0,2.2059553349875927,0.3749999999999998,7.0,0.05499999999999994,0.2549999999999999,0.1000000000000021,0.18271569307169486,17.846521132174722,28.18610421836228,-27.835754227741333,-12.49624839259436,0.0,,15.339505835146973,16.37904457328044,2.25,-26.34108323073145,2.06,-25.966250188813312,1.3399999999999999,-24.36873800224584,2.51,-30.646957735783886
mini_tts,p02,2,4.525,208.56252185618155,65.0,263.06029414626846,94.20723786178375,253.6393638616148,210.8541055237304,119.0111656455727,264.5960692303593,149.6315939891693,252.24402482954844,-14.575036101365464,3.3574638986345287,17.932499999999994,-6.070016755405896,3.104239697553748,73.23155837811431,60.39801885666547,7.0,1.5510503175378603,0.49375000000000013,6.5,0.08749999999999997,0.7249999999999999,0.10000000000000074,0.16311900576004978,13.016228204798162,31.361748900830484,-28.37313115331621,-13.652526235621252,0.0,,14.720604917694958,15.356873922684978,2.76,-26.22154492877308,2.5700000000000003,-25.92027045178753,1.9300000000000002,-24.944102312697897,3.3125,-29.900755043543125
mini_tts,p03,2,6.125,173.4631066894654,91.42063797282717,255.23660026320135,95.52227599678008,237.95086898354822,176.14922068081506,94.3663943582618,252.4046891903376,126.77833137032253,238.19980878027434,-11.1675,5.4,16.567500000000003,-5.628897560283301,5.142194707479222,65.76527156982256,50.360313616972206,14.0,2.280915616957876,0.24,15.0,0.0900000000000003,0.4399999999999995,0.10000000000000095,0.1960594814829861,16.925775136531286,22.069619395909523,-28.476223524920556,-11.620205176600658,0.0,,16.8560183483199,16.778424411573376,3.9,-26.550193836930113,3.41,-25.981881952776924,2.08,-24.183086208229934,4.025,-33.07484552481978
mini_tts,p04,2,6.775,201.37007469713714,89.08578661424806,279.62190433421665,152.26721268071714,253.469246069983,200.7409741866011,140.7135094140546,280.865261779505,152.8692234400566,253.1245897345365,-5.0,3.9000000000000004,8.9,-4.870805993891292,3.9277627349420188,79.46514423076923,66.29846349812914,12.5,1.8547858391608392,0.34749999999999986,12.5,0.08750000000000013,0.4225000000000001,0.10000000000000046,0.18867430540727803,13.479618295027606,28.989838286713287,-26.64901661305654,-11.319361879750645,0.0,,15.329654733305894,16.24627705556285,5.08,-25.400807987807404,4.6899999999999995,-25.058920592968903,3.3600000000000003,-23.82323426446014,5.38,-28.786268096585303
mini_tts,p05,2,3.875,192.0074168817265,92.45055258308605,261.1446779902759,138.30532174984899,246.60353694063818,192.48965472259766,128.84851343261056,259.75002167777836,142.61892347424396,245.82654737421683,-5.68,4.279999999999996,9.959999999999996,-5.167550235467563,4.078799623269033,78.77777777777777,65.70170291829065,7.5,1.9230769230769231,0.3350000000000001,7.5,0.0849999999999998,0.28500000000000014,0.10000000000000145,0.187748483176885,13.910889713340836,31.923076923076923,-26.719993739986364,-13.017018936178493,0.0,,13.702974803807873,14.371170142868868,2.76,-25.274824057057884,2.39,-24.6597031669033,1.86,-23.69432453864818,3.0450000000000004,-29.287151152430575
mini_tts,p06,2,4.175,212.5826636501888,92.79784260118512,294.8230459555806,98.25526361962497,287.5158029471832,210.96157100386438,132.95657375439228,295.5741198134788,142.2231830582361,283.1192848473248,-14.399999999999997,5.200000000000001,19.599999999999998,-6.955002221615315,5.021373228378273,75.55747126436782,58.74581077597319,10.5,2.5344827586206895,0.3025,10.5,0.09250000000000003,0.25,0.1499999999999997,0.27216285576299637,18.415605466927886,24.610632183908045,-26.19553402039712,-10.905626680697212,0.0,,15.289907339699905,16.572778268435982,3.1,-24.90659903229512,2.86,-24.561694586039543,2.19,-23.53805674299426,3.145,-27.882193326019788
realtime,p01,2,2.925,197.79852526267516,102.97209363769375,269.9575267303354,115.06957520494703,243.21564694258814,208.17968013969107,118.31293616879354,279.27772665703566,158.2840945454783,242.84575473701648,-9.365000000000002,3.592499999999998,12.9575,-4.7920135508920705,2.6886674861699453,80.37441037735849,56.79227896600223,7.0,2.382075471698113,0.27999999999999997,6.5,0.04749999999999999,0.25500000000000017,0.09999999999999981,0.12810376529184345,25.412382305487995,35.74882075471698,-23.259098110389594,-8.126075247662717,0.0,,15.133022862726879,19.015868113800956,2.0700000000000003,-21.77310073684029,1.96,-21.539242910503013,1.6,-20.712146403034374,2.3274999999999997,-26.1195409083112
realtime,p02,2,4.175,175.6187110781861,85.07101344479571,279.4962075131919,102.54409657223874,240.12565379101946,177.75289651471365,132.76248529833043,277.19742551049313,144.76702541051282,239.19118626431612,-9.4275,5.3349999999999955,14.762499999999996,-3.5489803175179526,5.165522515595846,82.33572453371593,62.362367340252504,8.5,2.0387374461979917,0.4412499999999999,8.0,0.08000000000000002,0.22499999999999987,0.10000000000000231,0.18570880955786234,20.495301419472035,35.23672883787661,-23.299594458585958,-10.721250157406882,0.0,,12.578344301179076,15.411756600712966,2.85,-21.613212088803294,2.73,-21.43229550952171,2.43,-20.949521186219613,3.4425,-25.271308620408533
realtime,p03,2,6.15,177.39610559055143,90.40841667912206,337.0000792644629,119.90310540948875,253.56545795987134,178.9739582318835,103.90095529990742,433.32089723796065,144.3032182022747,255.74444181082862,-6.775036101365469,6.179963898634531,12.954999999999998,-3.7771938581009126,6.145417876371909,69.97154767418779,49.68036125613736,13.5,2.200092635479389,0.2575,13.5,0.09249999999999997,0.4899999999999999,0.10000000000000261,0.2268009452844305,23.660408826548068,19.90008601865943,-24.00224501474007,-7.4455677166711425,0.0,,16.556677298068927,17.93392997036154,4.06,-22.199755583582625,3.73,-21.832236718772734,3.12,-21.107965403621485,4.305,-26.909913609105878
realtime,p04,2,6.125,179.1373009787876,78.9959928041459,288.3782157258863,106.7279400966767,250.05576272193457,179.7519552763249,100.2458376118085,287.4866036784357,136.9475697700542,259.50287597486016,-8.997500000000002,5.697499999999997,14.694999999999999,-4.697556650538135,6.234959099212784,81.88058110089298,61.1423949268904,12.5,2.039850726376116,0.2625000000000003,12.5,0.04499999999999982,0.355,0.10000000000000142,0.17319646511311373,22.149675356139163,28.139410902305745,-23.723991040553532,-6.856079708947457,0.0,,16.867911331606074,17.14764925982182,4.449999999999999,-22.335623515090308,4.2,-22.08678393908034,3.56,-21.420850348525743,5.015000000000001,-25.881326023659188
realtime,p05,2,3.7,182.78887791090543,84.99232084200273,296.82834244591425,107.33149257066974,275.95235779420716,189.48342763443026,140.03226359059897,354.300880822448,147.9392831889829,278.36124005060395,-9.465,7.089999999999999,16.555,-4.31478192206859,6.587741567057571,81.703216374269,61.24043748505857,6.5,1.7690058479532165,0.4350000000000002,6.5,0.05500000000000005,0.34750000000000003,0.10000000000000137,0.15200957773903567,21.56416943435199,33.19444444444444,-22.60231437390048,-9.284720817980142,0.0,,13.317593555920338,16.703657522588962,2.5300000000000002,-20.953296902844542,2.3,-20.54071595282805,2.08,-20.12462835570712,3.0200000000000005,-23.918031704186454
realtime,p06,2,4.449999999999999,180.15430582805766,111.16856763013779,260.03878896174325,125.74569709485888,240.6638628611827,184.2330282268818,125.72122456101829,254.7542302961529,144.71464977710247,242.16592594379267,-6.565,5.014999999999997,11.579999999999998,-4.040255627230556,4.731811980937273,72.90514083617532,54.41092493607914,11.0,2.4681066060376406,0.26750000000000007,10.5,0.0675000000000001,0.3699999999999998,0.14999999999999847,0.17827989349430057,19.585791543756145,27.654414550966273,-23.06775831238294,-6.173224909334826,0.0,,16.89453340304811,16.207488554415715,3.21,-21.642955392156843,2.98,-21.319425471366756,2.6399999999999997,-20.81992022771364,3.2424999999999997,-25.13498774134061
