"prompt_id","word_index","word","automatic_flags","phoneme_or_syllable_correct","preferred_annotation","review_notes"
"YT0001","0","Ẹlẹ́ṣin","nasal_vowel_requires_review","yes","","verified by fluent speaker 2026-07-19"
"YT0001","2","gun","nasal_vowel_requires_review","yes","","verified by fluent speaker 2026-07-19"
"YT0001","3","ẹṣin","nasal_vowel_requires_review","yes","","verified by fluent speaker 2026-07-19"
"YT0002","0","Ọmọbìnrin","nasal_vowel_requires_review","yes","","verified by fluent speaker 2026-07-19"
"YT0002","4","funfun","nasal_vowel_requires_review","yes","","verified by fluent speaker 2026-07-19"
"YT0003","3","agbọn","nasal_vowel_requires_review","yes","","verified by fluent speaker 2026-07-19"
"YT0006","2","ń","syllabic_n_requires_review","yes","","verified by fluent speaker 2026-07-19"
"YT0007","1","funfun","nasal_vowel_requires_review","yes","","verified by fluent speaker 2026-07-19"
"YT0008","2","yẹn","nasal_vowel_requires_review","yes","","verified by fluent speaker 2026-07-19"
"YT0010","0","Ọkùnrin","nasal_vowel_requires_review","yes","","verified by fluent speaker 2026-07-19"
"YT0010","2","ń","syllabic_n_requires_review","yes","","verified by fluent speaker 2026-07-19"
"YT0011","0","Ìyẹn","nasal_vowel_requires_review","yes","","verified by fluent speaker 2026-07-19"
"YT0014","4","fún","nasal_vowel_requires_review","yes","","verified by fluent speaker 2026-07-19"
"YT0016","0","Wọ́n","nasal_vowel_requires_review","yes","","verified by fluent speaker 2026-07-19"
"YT0016","2","ẹran","nasal_vowel_requires_review","yes","","verified by fluent speaker 2026-07-19"
"YT0017","0","Obìnrin","nasal_vowel_requires_review","yes","","verified by fluent speaker 2026-07-19"
"YT0019","0","Ọmọkùnrin","nasal_vowel_requires_review","yes","","verified by fluent speaker 2026-07-19"
"YT0019","2","ń","syllabic_n_requires_review","yes","","verified by fluent speaker 2026-07-19"
"YT0019","3","kọrin","nasal_vowel_requires_review","yes","","verified by fluent speaker 2026-07-19"
"YT0019","5","ohùn","nasal_vowel_requires_review","yes","","verified by fluent speaker 2026-07-19"
"YT0022","2","rìn","nasal_vowel_requires_review","yes","","verified by fluent speaker 2026-07-19"
"YT0023","0","Àwọn","nasal_vowel_requires_review","yes","","verified by fluent speaker 2026-07-19"
"YT0025","1","ń","syllabic_n_requires_review","yes","","verified by fluent speaker 2026-07-19"
"YT0025","4","fún","nasal_vowel_requires_review","yes","","verified by fluent speaker 2026-07-19"
"YT0027","1","wọ́n","nasal_vowel_requires_review","yes","","verified by fluent speaker 2026-07-19"
"YT0029","2","ń","syllabic_n_requires_review","yes","","verified by fluent speaker 2026-07-19"
"YT0029","5","ìlà-oòrùn","compound_boundary_requires_review; nasal_vowel_requires_review","yes","","verified by fluent speaker 2026-07-19"
