timestamp_s,window_start_s,window_end_s,edge_padded,f0_hz,voiced,voicing_probability,relative_pitch_semitones,rms_amplitude,rms_dbfs,praat_timestamp_s,praat_time_offset_s,praat_f0_hz,praat_voiced,praat_strength,absolute_difference_hz,signed_difference_semitones,flags,praat_relative_semitones,agreement_screen_pass,pyin_speaker_relative_st,praat_speaker_relative_st
0.0,0.0,0.042666666666666665,True,,False,0.010000000001606035,,9.895950788751935e-05,-80.0908494612461,,,,,,,,edge_window,,False,,
0.01,0.0,0.05266666666666667,True,,False,0.010000000000613858,,9.388507973209269e-05,-80.5480684113081,,,,,,,,edge_window,,False,,
0.02,0.0,0.06266666666666666,True,,False,0.01000000000002385,,9.052395243733167e-05,-80.86472984462247,,,,,,,,edge_window,,False,,
0.03,0.0,0.07266666666666667,True,,False,0.0100000000000754,,8.84163393567614e-05,-81.06934939730431,0.025333333333333315,-0.0046666666666666835,,False,0.0,,,edge_window,,False,,
0.04,0.0,0.08266666666666667,True,,False,0.010000000003996623,,8.676018795702298e-05,-81.23359031605004,0.035333333333333314,-0.004666666666666687,,False,0.0,,,edge_window,,False,,
0.05,0.007333333333333333,0.09266666666666666,False,,False,0.010000000000075398,,8.122763885532872e-05,-81.80592341518638,0.045333333333333316,-0.004666666666666687,,False,0.0,,,,,False,,
0.06,0.017333333333333333,0.10266666666666667,False,,False,0.010000000000221913,,7.709440885100609e-05,-82.25954234642685,0.05533333333333332,-0.00466666666666668,,False,0.0,,,,,False,,
0.07,0.027333333333333334,0.11266666666666666,False,,False,0.010000000000001867,,7.494690973048591e-05,-82.50492539231567,0.06533333333333331,-0.004666666666666694,,False,0.0,,,,,False,,
0.08,0.037333333333333336,0.12266666666666666,False,,False,0.010000000000001867,,7.268600087086192e-05,-82.77098450083018,0.07533333333333332,-0.00466666666666668,,False,0.0,,,,,False,,
0.09,0.04733333333333333,0.13266666666666665,False,,False,0.010000000000023851,,7.48011457486251e-05,-82.52183499765874,0.08533333333333332,-0.00466666666666668,,False,0.0,,,,,False,,
0.1,0.05733333333333333,0.14266666666666666,False,,False,0.010000000000006925,,7.678410906068395e-05,-82.2945730111786,0.09533333333333333,-0.00466666666666668,,False,0.0,,,,,False,,
0.11,0.06733333333333333,0.15266666666666667,False,,False,0.010000000003996623,,7.826813888033596e-05,-82.12829986087334,0.10533333333333332,-0.00466666666666668,,False,0.0,,,,,False,,
0.12,0.07733333333333334,0.16266666666666665,False,,False,0.010000000047726025,,7.896803418286466e-05,-82.05097346214237,0.11533333333333332,-0.00466666666666668,,False,0.0,,,,,False,,
0.13,0.08733333333333333,0.17266666666666666,False,,False,0.010000000047670723,,7.972597504587543e-05,-81.9680032129252,0.12533333333333332,-0.00466666666666668,,False,0.0,,,,,False,,
0.14,0.09733333333333333,0.18266666666666667,False,,False,0.010000000021701592,,7.887151822078352e-05,-82.06159598465548,0.1353333333333333,-0.004666666666666708,,False,0.0,,,,,False,,
0.15,0.10733333333333334,0.19266666666666668,False,,False,0.010000000047726023,,7.9381572428579e-05,-82.00560605257019,0.14533333333333331,-0.00466666666666668,,False,0.0,,,,,False,,
0.16,0.11733333333333333,0.20266666666666666,False,,False,0.010000000417925075,,8.050078958499449e-05,-81.8839971974316,0.15533333333333332,-0.00466666666666668,,False,0.0,,,,,False,,
0.17,0.12733333333333333,0.21266666666666667,False,,False,0.010000000003996621,,7.967319669138519e-05,-81.97375514970298,0.16533333333333333,-0.00466666666666668,,False,0.0,,,,,False,,
0.18,0.13733333333333334,0.22266666666666668,False,,False,0.010000000003996623,,7.808344963569596e-05,-82.14882016588123,0.1753333333333333,-0.00466666666666668,,False,0.0,,,,,False,,
0.19,0.14733333333333334,0.23266666666666666,False,,False,0.010000000021701592,,7.599982550824984e-05,-82.38374809672396,0.18533333333333332,-0.00466666666666668,,False,0.0,,,,,False,,
0.2,0.15733333333333333,0.24266666666666667,False,,False,0.010000000009505967,,7.408643955002577e-05,-82.60522552125879,0.19533333333333333,-0.00466666666666668,,False,0.0,,,,,False,,
0.21,0.16733333333333333,0.25266666666666665,False,,False,0.010000000000221913,,7.066688074168624e-05,-83.01568156314117,0.2053333333333333,-0.00466666666666668,,False,0.0,,,,,False,,
0.22,0.17733333333333334,0.26266666666666666,False,,False,0.010000000000006925,,6.80074108622787e-05,-83.34887518080897,0.21533333333333332,-0.00466666666666668,,False,0.0,,,,,False,,
0.23,0.18733333333333332,0.27266666666666667,False,,False,0.010000000000023851,,6.610001926865943e-05,-83.5959682782838,0.22533333333333333,-0.00466666666666668,,False,0.0,,,,,False,,
0.24,0.19733333333333333,0.2826666666666667,False,,False,0.01000000000000011,,6.43942056326361e-05,-83.82306419783106,0.2353333333333333,-0.00466666666666668,,False,0.0,,,,,False,,
0.25,0.20733333333333334,0.2926666666666667,False,,False,0.010000000000023851,,5.924497808099158e-05,-84.54696913729305,0.24533333333333332,-0.00466666666666668,,False,0.0,,,,,False,,
0.26,0.21733333333333332,0.30266666666666664,False,,False,0.010000000000023851,,6.265466069278008e-05,-84.06093235201737,0.2553333333333333,-0.004666666666666708,,False,0.0,,,,,False,,
0.27,0.22733333333333333,0.31266666666666665,False,,False,0.010000000001606035,,5.880196835536401e-05,-84.61216271944146,0.2653333333333333,-0.004666666666666708,,False,0.0,,,,,False,,
0.28,0.23733333333333334,0.32266666666666666,False,,False,0.010000000000001869,,6.63266603446582e-05,-83.56623739170793,0.2753333333333333,-0.004666666666666708,,False,0.0,,,,,False,,
0.29,0.24733333333333332,0.33266666666666667,False,,False,0.01,,8.078978108197484e-05,-81.85287137371003,0.2853333333333333,-0.004666666666666652,,False,0.0,,,,,False,,
0.3,0.25733333333333336,0.3426666666666667,False,,False,0.0100000000000754,,0.00011241227418050516,-78.98372532020912,0.29533333333333334,-0.004666666666666652,,False,0.0,,,,,False,,
0.31,0.2673333333333333,0.3526666666666667,False,,False,0.010000000417925077,,0.00015230898401201156,-76.34548957717045,0.30533333333333335,-0.004666666666666652,,False,0.0,,,,,False,,
0.32,0.2773333333333333,0.3626666666666667,False,,False,0.010000005216229449,,0.00018260310719261897,-74.76983673481561,0.3153333333333333,-0.004666666666666708,,False,0.0,,,,,False,,
0.33,0.28733333333333333,0.37266666666666665,False,,False,0.010000016226422836,,0.00020541832637274927,-73.74721626954451,0.3253333333333333,-0.004666666666666708,,False,0.0,,,,,False,,
0.34,0.29733333333333334,0.38266666666666665,False,,False,0.010000005216229449,,0.00023653286019755716,-72.52217033225432,0.3353333333333333,-0.004666666666666708,,False,0.0,,,,,False,,
0.35,0.30733333333333335,0.39266666666666666,False,,False,0.010000000417925077,,0.0002588220088382845,-71.73997592709809,0.3453333333333333,-0.004666666666666652,,False,0.0,,,,,False,,
0.36,0.31733333333333336,0.4026666666666667,False,,False,0.010000000208892744,,0.00026711905180685174,-71.46590271134258,0.35533333333333333,-0.004666666666666652,,False,0.0,,,,,False,,
0.37,0.3273333333333333,0.4126666666666667,False,,False,0.010000000101429396,,0.0002732643049650648,-71.2683418827323,0.36533333333333334,-0.004666666666666652,,False,0.0,,,,,False,,
0.38,0.3373333333333333,0.4226666666666667,False,,False,0.010000000047726025,,0.0002689378481331553,-71.40696148779847,0.37533333333333335,-0.004666666666666652,,False,0.0,,,,,False,,
0.39,0.3473333333333333,0.43266666666666664,False,,False,0.01000000000002385,,0.00029775836619523377,-70.52272054374636,0.3853333333333333,-0.004666666666666708,,False,0.0,,,,,False,,
0.4,0.35733333333333334,0.44266666666666665,False,,False,0.010000000000075398,,0.00027883519160206544,-71.09304830200534,0.3953333333333333,-0.004666666666666708,,False,0.0,,,,,False,,
0.41,0.36733333333333335,0.45266666666666666,False,,False,0.010000000003996623,,0.00026280087360686387,-71.607463908424,0.4053333333333333,-0.004666666666666652,,False,0.0,,,,,False,,
0.42,0.37733333333333335,0.46266666666666667,False,,False,0.010000000003996621,,0.00024140820072893,-72.34495961676777,0.41533333333333333,-0.004666666666666652,,False,0.0,,,,,False,,
0.43,0.3873333333333333,0.4726666666666667,False,,False,0.010000000001606035,,0.00021462016195744713,-73.36658963476764,0.42533333333333334,-0.004666666666666652,,False,0.0,,,,,False,,
0.44,0.3973333333333333,0.4826666666666667,False,,False,0.010000000208892744,,0.00019381890816437138,-74.25207714520081,0.43533333333333335,-0.004666666666666652,,False,0.0,,,,,False,,
0.45,0.4073333333333333,0.49266666666666664,False,,False,0.010000002871100368,,0.0001818663422563412,-74.80495335516453,0.4453333333333333,-0.004666666666666708,,False,0.0,,,,,False,,
0.46,0.41733333333333333,0.5026666666666667,False,,False,0.010001873046012553,,0.0001733294871335795,-75.22255096037368,0.4553333333333333,-0.004666666666666708,,False,0.0,,,,,False,,
0.47,0.42733333333333334,0.5126666666666667,False,,False,0.010000000101302326,,0.0001014229384839902,-79.8772762195028,0.4653333333333333,-0.004666666666666652,,False,0.0,,,,,False,,
0.48,0.43733333333333335,0.5226666666666666,False,,False,0.010000000021701589,,5.8097867533626225e-05,-84.71679615955146,0.47533333333333333,-0.004666666666666652,,False,0.0,,,,,False,,
0.49,0.44733333333333336,0.5326666666666666,False,,False,0.010000000813988684,,4.617202162517626e-05,-86.71242219213195,0.48533333333333334,-0.004666666666666652,,False,0.0,,,,,False,,
0.5,0.4573333333333333,0.5426666666666666,False,,False,0.010000000000221913,,3.5781855268010346e-05,-88.92674290546202,0.49533333333333335,-0.004666666666666652,,False,0.0,,,,,False,,
0.51,0.4673333333333333,0.5526666666666666,False,,False,0.01000000000000011,,3.3551856388573227e-05,-89.48566891555727,0.5053333333333333,-0.004666666666666708,,False,0.0,,,,,False,,
0.52,0.47733333333333333,0.5626666666666666,False,,False,0.01000000000000011,,3.244595687142181e-05,-89.77678826869257,0.5153333333333333,-0.004666666666666708,,False,0.0,,,,,False,,
0.53,0.48733333333333334,0.5726666666666667,False,,False,0.010000000003996624,,5.24845889570906e-05,-85.59936399413685,0.5253333333333333,-0.004666666666666708,,False,0.0,,,,,False,,
0.54,0.49733333333333335,0.5826666666666667,False,,False,0.010000078102280324,,6.175179277444863e-05,-84.18700858946367,0.5353333333333333,-0.004666666666666708,,False,0.0,,,,,False,,
0.55,0.5073333333333333,0.5926666666666667,False,,False,0.010000027850262284,,6.726108845606045e-05,-83.44472217942976,0.5453333333333333,-0.004666666666666708,,False,0.0,,,,,False,,
0.56,0.5173333333333333,0.6026666666666667,False,,False,0.01000012784523254,,6.800072380121414e-05,-83.34972929258106,0.5553333333333333,-0.004666666666666708,,False,0.0,,,,,False,,
0.57,0.5273333333333333,0.6126666666666667,False,,False,0.010000078102279505,,6.898994961625336e-05,-83.22428344441965,0.5653333333333334,-0.004666666666666597,,False,0.0,,,,,False,,
0.58,0.5373333333333333,0.6226666666666667,False,,False,0.010000047007977299,,6.963292058234327e-05,-83.14370778047649,0.5753333333333334,-0.004666666666666597,,False,0.0,,,,,False,,
0.59,0.5473333333333333,0.6326666666666667,False,,False,0.01000000928748663,,7.317858159351683e-05,-82.71232025229806,0.5853333333333334,-0.004666666666666597,,False,0.0,,,,,False,,
0.6,0.5573333333333333,0.6426666666666667,False,,False,0.010000005216229449,,7.27844713118936e-05,-82.75922536509336,0.5953333333333334,-0.004666666666666597,,False,0.0,,,,,False,,
0.61,0.5673333333333334,0.6526666666666666,False,,False,0.010000000021701594,,6.858834700530748e-05,-83.27499327221476,0.6053333333333333,-0.004666666666666708,,False,0.0,,,,,False,,
0.62,0.5773333333333334,0.6626666666666666,False,,False,0.010000000003996624,,6.908875138964208e-05,-83.21185312113427,0.6153333333333333,-0.004666666666666708,,False,0.0,,,,,False,,
0.63,0.5873333333333334,0.6726666666666666,False,,False,0.010000127845232541,,0.00018717240325063348,-74.55516366745712,0.6253333333333333,-0.004666666666666708,,False,0.0,,,,,False,,
0.64,0.5973333333333334,0.6826666666666666,False,,False,0.01000000928748663,,0.0007748643434863432,-62.21548646683293,0.6353333333333333,-0.004666666666666708,,False,0.0,,,,,False,,
0.65,0.6073333333333333,0.6926666666666667,False,,False,0.01000032860450166,,0.00321260583975184,-49.862851110641714,0.6453333333333333,-0.004666666666666708,,False,0.0,,,,,False,,
0.66,0.6173333333333333,0.7026666666666667,False,,False,0.010000078102280324,,0.01609305264382204,-35.86723136087744,0.6553333333333333,-0.004666666666666708,,False,0.0,,,,,False,,
0.67,0.6273333333333333,0.7126666666666667,False,154.59692495035372,True,0.01000419105279527,3.8999999999999977,0.027552647166598814,-31.196733384797454,0.6653333333333333,-0.004666666666666708,,False,0.0,,,pyin_probability_below_0.5|voicing_disagreement,,False,1.9999999999999973,
0.68,0.6373333333333333,0.7226666666666667,False,157.29923159850804,True,0.01398021038018593,4.199999999999998,0.04331150156870893,-27.267935188621756,0.6753333333333333,-0.004666666666666708,,False,0.0,,,pyin_probability_below_0.5|voicing_disagreement,,False,2.2999999999999963,
0.69,0.6473333333333333,0.7326666666666667,False,159.12696062960518,True,0.04768699308253103,4.399999999999999,0.05793451577778796,-24.741252371175555,0.6853333333333333,-0.004666666666666597,,False,0.0,,,pyin_probability_below_0.5|voicing_disagreement,,False,2.4999999999999987,
0.7,0.6573333333333333,0.7426666666666667,False,159.12696062960518,True,0.10857977072874499,4.399999999999999,0.07502382057497829,-22.496016465027854,0.6953333333333334,-0.004666666666666597,,False,0.0,,,pyin_probability_below_0.5|voicing_disagreement,,False,2.4999999999999987,
0.71,0.6673333333333333,0.7526666666666667,False,160.04877373483913,True,0.2065067991177523,4.499999999999999,0.09425781802024555,-20.513652359368777,0.7053333333333334,-0.004666666666666597,155.86445856210395,True,0.8141747431430691,4.184315172735182,0.4586355884306639,pyin_probability_below_0.5,3.779546726886643,False,2.6000000000000005,2.1021802192305588
0.72,0.6773333333333333,0.7626666666666667,False,160.97592684906726,True,0.32333605839064083,4.600000000000001,0.10843403954819296,-19.296687258657595,0.7153333333333334,-0.004666666666666597,157.64429183395714,True,0.9665126839877294,3.3316350151101233,0.36206429260022255,pyin_probability_below_0.5,3.976118022717085,False,2.7,2.298751515061002
0.73,0.6873333333333334,0.7726666666666666,False,161.90845090664698,True,0.42606232904328145,4.699999999999999,0.12099920898875696,-18.344349375975273,0.7253333333333334,-0.004666666666666597,158.98312861669368,True,0.9853522415943046,2.9253222899533,0.31565539122992153,pyin_probability_below_0.5,4.122526924087385,False,2.799999999999997,2.4451604164313014
0.74,0.6973333333333334,0.7826666666666666,False,162.84637702113662,True,0.5485250542599847,4.799999999999999,0.13227788231093787,-17.57025532990452,0.7353333333333333,-0.004666666666666708,160.34997237455806,True,0.9887098611685579,2.4964046465785543,0.26745021629744936,,4.270732099019854,True,2.899999999999997,2.5933655913637716
0.75,0.7073333333333334,0.7926666666666666,False,163.7897364863335,True,0.6860828109301793,4.899999999999999,0.13708467505434416,-17.26022186137056,0.7453333333333333,-0.004666666666666708,161.77335457814021,True,0.9830671441072201,2.0163819081932957,0.2144514380130474,,4.42373087730426,True,2.9999999999999964,2.7463643696481768
0.76,0.7173333333333334,0.8026666666666666,False,163.7897364863335,True,0.7571601330199093,4.899999999999999,0.1382679143902602,-17.18557175861249,0.7553333333333333,-0.004666666666666708,163.69010162937843,True,0.9789303848946356,0.09963485695507757,0.01053446606968783,,4.62764784924762,True,2.9999999999999964,2.9502813415915354
0.77,0.7273333333333334,0.8126666666666666,False,164.73856077731807,True,0.7571601330199094,4.9999999999999964,0.13561416600710677,-17.353898849883365,0.7653333333333333,-0.004666666666666708,165.9187423082056,True,0.985689880880542,1.1801815308875234,-0.12358288218383873,,4.861765197501144,True,3.0999999999999956,3.1843986898450627
0.78,0.7373333333333333,0.8226666666666667,False,164.73856077731807,True,0.7571601330199094,4.9999999999999964,0.13189125559600948,-17.59567994537141,0.7753333333333333,-0.004666666666666708,167.1530717783447,True,0.9865695213006161,2.414511001026625,-0.2518989328807185,,4.990081248198025,True,3.0999999999999956,3.3127147405419426
0.79,0.7473333333333333,0.8326666666666667,False,165.6928815515041,True,0.8266685594724996,5.100000000000001,0.12330758150229103,-18.18020440427589,0.7853333333333333,-0.004666666666666708,166.9768770241364,True,0.9474294259025373,1.2839954726323128,-0.13364050455848409,,4.9718228198757926,True,3.2,3.29445631221971
0.8,0.7573333333333333,0.8426666666666667,False,166.65273064969477,True,0.8911444948731203,5.200000000000001,0.11343596746685979,-18.904984412264444,0.7953333333333333,-0.004666666666666708,167.40632154818,True,0.914637442748969,0.7535908984852142,-0.07810861145756323,,5.016290926774869,True,3.3000000000000003,3.338924419118788
0.81,0.7673333333333333,0.8526666666666667,False,167.61814009714527,True,0.8266685594724996,5.299999999999995,0.10047920344673059,-19.958476329633733,0.8053333333333333,-0.004666666666666708,170.30491961891497,True,0.964433977770638,2.6867795217696937,-0.27530185206033486,,5.313484167377637,True,3.3999999999999946,3.6361176597215557
0.82,0.7773333333333333,0.8626666666666667,False,166.65273064969477,True,0.6159498854580681,5.200000000000001,0.084735448749925,-21.438697324490242,0.8153333333333334,-0.004666666666666597,168.06818798409697,True,0.9821548418423296,1.4154573344021912,-0.14642063898573188,,5.084602954303038,True,3.3000000000000003,3.407236446646957
0.83,0.7873333333333333,0.8726666666666667,False,165.6928815515041,True,0.48498680771591135,5.100000000000001,0.07226664307313535,-22.821242372825154,0.8253333333333334,-0.004666666666666597,165.26366502949813,True,0.983028198043027,0.4292165220059587,0.04490466688742521,pyin_probability_below_0.5,4.793277648429879,False,3.2,3.1159111407737976
0.84,0.7973333333333333,0.8826666666666667,False,163.7897364863335,True,0.5485250542599844,4.899999999999999,0.06521536994862948,-23.713000754924867,0.8353333333333334,-0.004666666666666597,162.0427097613325,True,0.9855663538032138,1.7470267250010068,0.1856500891400581,,4.452532226177249,True,2.9999999999999964,2.775165718521166
0.85,0.8073333333333333,0.8926666666666667,False,160.97592684906726,True,0.615949885458068,4.600000000000001,0.05942625563114818,-24.520432663878555,0.8453333333333334,-0.004666666666666597,157.0887228398472,True,0.9833356582432323,3.8872040092200564,0.42318409340688584,,3.914998221910424,True,2.7,2.2376317142543396
0.86,0.8173333333333334,0.9026666666666666,False,158.21045677717683,True,0.6159498854580678,4.299999999999999,0.05403226936651888,-25.346935832388716,0.8553333333333334,-0.004666666666666597,152.19632798651432,True,0.998563929790245,6.014128790662511,0.6709368596399599,,3.367245455677347,False,2.399999999999998,1.6898789480212653
0.87,0.8273333333333334,0.9126666666666666,False,154.59692495035372,True,0.6860828109301792,3.8999999999999977,0.04865423644019916,-26.257586773894715,0.8653333333333333,-0.004666666666666708,151.47686635549664,True,0.9888495096959142,3.1200585948570847,0.3529697045736028,,3.2852126107436987,True,1.9999999999999973,1.607846103087619
0.88,0.8373333333333334,0.9226666666666666,False,152.82122781686914,True,0.4849868077159113,3.699999999999999,0.04768666629007771,-26.432060748818827,0.8753333333333333,-0.004666666666666708,151.15844380364254,True,0.9828964883793653,1.6627840132265987,0.18940062645756922,pyin_probability_below_0.5,3.2487816888597365,False,1.7999999999999972,1.571415181203655
0.89,0.8473333333333334,0.9326666666666666,False,160.97592684906726,True,0.01818737573491218,4.600000000000001,0.05987790107202341,-24.45466863178161,0.8853333333333333,-0.004666666666666708,150.2390854491242,True,0.9901026586127432,10.736841399943074,1.1950172469389435,pyin_probability_below_0.5|pitch_difference_over_1_semitone,3.1431650683783623,False,2.7,1.4657985607222794
0.9,0.8573333333333333,0.9426666666666667,False,162.84637702113662,True,0.04069733156888105,4.799999999999999,0.07469815322330185,-22.533802703944712,0.8953333333333333,-0.004666666666666708,150.5994535920787,True,0.9997783151845626,12.246923429057915,1.3535410517894855,pyin_probability_below_0.5|pitch_difference_over_1_semitone,3.184641263527821,False,2.899999999999997,1.507274755871736
0.91,0.8673333333333333,0.9526666666666667,False,162.84637702113662,True,0.17653060863289757,4.799999999999999,0.09002242812639615,-20.912985544975115,0.9053333333333333,-0.004666666666666708,153.42266933476316,True,0.9943970376941614,9.423707686373461,1.0319994695288521,pyin_probability_below_0.5|pitch_difference_over_1_semitone,3.5061828457884543,False,2.899999999999997,1.8288163381323725
0.92,0.8773333333333333,0.9626666666666667,False,162.84637702113662,True,0.24075439447557426,4.799999999999999,0.09707874413604524,-20.25751701151435,0.9153333333333333,-0.004666666666666708,161.4186835973261,True,0.817947067179363,1.427693423810524,0.15244858225909147,pyin_probability_below_0.5,4.385733733058215,False,2.899999999999997,2.7083672254021325
0.93,0.8873333333333333,0.9726666666666667,False,162.84637702113662,True,0.3721358982975087,4.799999999999999,0.10719676599319841,-19.39636633250946,0.9253333333333333,-0.004666666666666708,165.70120549373158,True,0.8288974296448379,2.85482847259496,-0.30086970122721457,pyin_probability_below_0.5,4.839052016544521,False,2.899999999999997,3.161685508888439
0.94,0.8973333333333333,0.9826666666666667,False,161.90845090664698,True,0.48498680771591135,4.699999999999999,0.11591753248912559,-18.71701744338126,0.9353333333333333,-0.004666666666666597,163.28581263394287,True,0.921832692968368,1.3773617272958916,-0.146653864892347,pyin_probability_below_0.5,4.584836180209653,False,2.799999999999997,2.9074696725535705
0.95,0.9073333333333333,0.9926666666666667,False,161.90845090664698,True,0.5485250542599845,4.699999999999999,0.1216830863682318,-18.295395667514505,0.9453333333333334,-0.004666666666666597,162.92685006461738,True,0.9632249917676933,1.018399157970407,-0.10855304636209118,,4.546735361679398,True,2.799999999999997,2.869368854023313
0.96,0.9173333333333333,1.0026666666666666,False,161.90845090664698,True,0.6159498854580681,4.699999999999999,0.12878945737026412,-17.8023937322749,0.9553333333333334,-0.004666666666666597,162.1320806115798,True,0.9798498987477966,0.22362970493281864,-0.02389549351823588,,4.462077808835541,True,2.799999999999997,2.784711301179459
0.97,0.9273333333333333,1.0126666666666666,False,161.90845090664698,True,0.7571601330199094,4.699999999999999,0.13099850931923995,-17.6546729262911,0.9653333333333334,-0.004666666666666597,161.12708759573712,True,0.9899759716179914,0.7813633109098532,0.08375087229904538,,4.3544314430182585,True,2.799999999999997,2.6770649353621776
0.98,0.9373333333333334,1.0226666666666666,False,160.97592684906726,True,0.8266685594724995,4.600000000000001,0.13219553259152336,-17.57566442251929,0.9753333333333334,-0.004666666666666597,160.56571687572958,True,0.9946557414180207,0.41020997333768605,0.04417280761301104,,4.294009507704297,True,2.7,2.6166430000482155
0.99,0.9473333333333334,1.0326666666666666,False,160.97592684906726,True,0.8266685594724996,4.600000000000001,0.12886026325541794,-17.79761971491396,0.9853333333333333,-0.004666666666666708,160.3105591666919,True,0.9965264090048791,0.6653676823753756,0.07170602461015764,,4.266476290707151,True,2.7,2.5891097830510663
1.0,0.9573333333333334,1.0426666666666666,False,160.97592684906726,True,0.8911444948731203,4.600000000000001,0.1253251517305029,-18.039235218330848,0.9953333333333333,-0.004666666666666708,160.56717302692792,True,0.9979150329795868,0.40875382213934586,0.044015804788670114,,4.294166510528637,True,2.7,2.6168000028725533
1.01,0.9673333333333334,1.0526666666666666,False,160.97592684906726,True,0.8911444948731203,4.600000000000001,0.12559544789344068,-18.02052201939459,1.0053333333333332,-0.004666666666666819,160.75398954518334,True,0.9976601862467023,0.2219373038839194,0.02388497050530667,,4.314297344812002,True,2.7,2.6369308371559184
1.02,0.9773333333333334,1.0626666666666666,False,160.97592684906726,True,0.8911444948731203,4.600000000000001,0.1217326105715465,-18.291861287638863,1.0153333333333332,-0.004666666666666819,160.92417296484578,True,0.9979293198930766,0.051753884221483304,0.005566825692783657,,4.332615489624525,True,2.7,2.6552489819684406
1.03,0.9873333333333333,1.0726666666666667,False,160.97592684906726,True,0.8911444948731203,4.600000000000001,0.12212891030257274,-18.263630357681564,1.0253333333333332,-0.004666666666666819,161.26423631677184,True,0.997874275152591,0.288309467704579,-0.030978838605269367,,4.369161153922575,True,2.7,2.6917946462664943
1.04,0.9973333333333333,1.0826666666666667,False,161.90845090664698,True,0.8911444948731203,4.699999999999999,0.11946739081913885,-18.45501242484771,1.0353333333333332,-0.004666666666666819,161.33270852692652,True,0.9969891298794848,0.5757423797204524,0.06167196449069518,,4.376510350826611,True,2.799999999999997,2.6991438431705266
1.05,1.0073333333333334,1.0926666666666667,False,161.90845090664698,True,0.8266685594724996,4.699999999999999,0.11600026328624953,-18.710820501041706,1.0453333333333332,-0.004666666666666819,161.4702200673533,True,0.994473250568915,0.4382308392936807,0.04692211842432711,,4.391260196892977,True,2.799999999999997,2.713893689236894
1.06,1.0173333333333334,1.1026666666666667,False,162.84637702113662,True,0.8266685594724996,4.799999999999999,0.11604893395733865,-18.70717689366093,1.0553333333333332,-0.004666666666666819,162.12120602773896,True,0.9881693746717529,0.7251709933976542,0.07726572523250314,,4.460916590084799,True,2.899999999999997,2.7835500824287163
1.07,1.0273333333333334,1.1126666666666667,False,162.84637702113662,True,0.8266685594724995,4.799999999999999,0.11481196018131369,-18.80025736590538,1.0653333333333332,-0.004666666666666819,162.6893005536811,True,0.9857656483492442,0.15707646745551074,0.01670699518383162,,4.521475320133473,True,2.899999999999997,2.84410881247739
1.08,1.0373333333333334,1.1226666666666667,False,163.7897364863335,True,0.8266685594724996,4.899999999999999,0.11429131419564319,-18.839735469126275,1.0753333333333333,-0.004666666666666819,163.54291102966724,True,0.9939291859012858,0.2468254566662722,0.02610877460520778,,4.612073540712096,True,2.9999999999999964,2.934707033056015
1.09,1.0473333333333332,1.1326666666666667,False,163.7897364863335,True,0.8266685594724995,4.899999999999999,0.11346393113955666,-18.902843473659875,1.0853333333333333,-0.004666666666666819,164.31411474982676,True,0.9959192750721263,0.5243782634932472,-0.05533749597093353,,4.69351981128824,True,2.9999999999999964,3.0161533036321577
1.1,1.0573333333333332,1.1426666666666667,False,163.7897364863335,True,0.8266685594724995,4.899999999999999,0.11314476303498097,-18.927310855863254,1.0953333333333333,-0.004666666666666819,164.73381647305638,True,0.9975259192878015,0.9440799867228691,-0.09950141488970282,,4.737683730207008,True,2.9999999999999964,3.0603172225509274
1.11,1.0673333333333332,1.1526666666666667,False,163.7897364863335,True,0.8266685594724996,4.899999999999999,0.11341959143979667,-18.90623842926727,1.1053333333333333,-0.004666666666666819,164.8504693985988,True,0.9928197965618958,1.06073291226528,-0.11175646063748698,,4.749938775954794,True,2.9999999999999964,3.0725722682987096
1.12,1.0773333333333333,1.1626666666666667,False,162.84637702113662,True,0.7571601330199094,4.799999999999999,0.1144534710873687,-18.827420634497155,1.1153333333333333,-0.004666666666666819,163.99086311706893,True,0.9930064514081546,1.144486095932308,-0.12124575496073166,,4.659428070278036,True,2.899999999999997,2.9820615626219547
1.13,1.0873333333333333,1.1726666666666667,False,161.90845090664698,True,0.6860828109301793,4.699999999999999,0.11440222756898137,-18.83131038297561,1.1253333333333333,-0.004666666666666597,163.08618001439038,True,0.9957821502474832,1.177729107743403,-0.12547491331799282,,4.563657228635299,True,2.799999999999997,2.8862907209792135
1.14,1.0973333333333333,1.1826666666666668,False,160.04877373483913,True,0.48498680771591135,4.499999999999999,0.11630620414776502,-18.687942359726257,1.1353333333333333,-0.004666666666666597,161.9517227212952,True,0.9943436914871843,1.9029489864560674,-0.20462629526134538,pyin_probability_below_0.5,4.442808610578653,False,2.6000000000000005,2.7654421029225693
1.15,1.1073333333333333,1.1926666666666668,False,159.12696062960518,True,0.27960516533635893,4.399999999999999,0.11309811477415793,-18.930892684869164,1.1453333333333333,-0.004666666666666597,160.63280757348988,True,0.9910781091342519,1.5058469438847055,-0.16305946110470232,pyin_probability_below_0.5,4.3012417764220086,False,2.4999999999999987,2.623875268765927
1.16,1.1173333333333333,1.2026666666666668,False,157.29923159850804,True,0.10857977072874499,4.199999999999998,0.11141508037723284,-19.061120441529187,1.1553333333333333,-0.004666666666666597,158.13273240862875,True,0.9792278390177634,0.8335008101207109,-0.09149284191471904,pyin_probability_below_0.5,4.029675157232027,False,2.2999999999999963,2.352308649575942
1.17,1.1273333333333333,1.2126666666666666,False,154.59692495035372,True,0.016467587593113005,3.8999999999999977,0.11077448786340935,-19.1112049827511,1.1653333333333333,-0.004666666666666597,154.0629562951819,True,0.9677800586517502,0.533968655171833,0.05989930634531582,pyin_probability_below_0.5,3.5782830089719884,False,1.9999999999999973,1.9009165013159062
1.18,1.1373333333333333,1.2226666666666666,False,150.19585059339548,True,0.010467533617069905,3.3999999999999977,0.10801463080550938,-19.330348288827196,1.1753333333333333,-0.004666666666666597,148.5174805794319,True,0.9348659478741871,1.6783700139635869,0.19454651594056777,pyin_probability_below_0.5,2.943635799376737,False,1.499999999999997,1.2662692917206542
1.19,1.1473333333333333,1.2326666666666666,False,145.07962854192903,True,0.010259050559778863,2.8000000000000003,0.1055069159210181,-19.53438143331764,1.1853333333333331,-0.004666666666666819,140.23551076978305,True,0.9010258072278151,4.844117772145978,0.5879188596607334,pyin_probability_below_0.5,1.9502634556565752,False,0.8999999999999985,0.272896948000492
1.2,1.1573333333333333,1.2426666666666666,False,137.7302022667084,True,0.010824463728234167,1.9000000000000006,0.0986491214949557,-20.118135558786612,1.1953333333333331,-0.004666666666666819,130.94283183318043,True,0.9278884202083827,6.787370433527968,0.874894461456468,pyin_probability_below_0.5,0.7632878538608425,False,0.0,-0.9140786537952403
1.21,1.1673333333333333,1.2526666666666666,False,133.03860595958074,True,0.013980210380185928,1.2999999999999994,0.09287414840103597,-20.642103108541548,1.2053333333333331,-0.004666666666666819,123.53942991759084,True,0.940114985495615,9.499176041989898,1.2824805383687876,pyin_probability_below_0.5|pitch_difference_over_1_semitone,-0.24429822305148202,False,-0.6000000000000031,-1.9216647307075654
1.22,1.1773333333333333,1.2626666666666666,False,127.03079589645196,True,0.034897428019625254,0.49999999999999706,0.08411642366219726,-21.502384005684533,1.2153333333333332,-0.004666666666666819,119.40729934893506,True,0.869698426811831,7.623496547516908,1.0714471068842302,pyin_probability_below_0.5|pitch_difference_over_1_semitone,-0.8332647915669255,False,-1.4000000000000046,-2.510631299223007
1.23,1.1873333333333334,1.2726666666666666,False,126.29915234996876,True,0.047686993082531035,0.39999999999999736,0.07850019417535711,-22.102585379953084,1.2253333333333332,-0.004666666666666819,120.07877621845806,True,0.7128601930748171,6.2203761315107045,0.8743653318206434,pyin_probability_below_0.5,-0.7361830165033387,False,-1.5000000000000022,-2.41354952415942
1.24,1.1973333333333334,1.2826666666666666,False,119.21052561660726,True,0.026168028608935755,-0.6000000000000011,0.07081507525053188,-22.997485580331634,1.2353333333333332,-0.004666666666666819,121.00855489916732,True,0.6380250442871136,1.7980292825600657,-0.2591690586549158,pyin_probability_below_0.5,-0.6026486260277775,False,-2.5000000000000036,-2.2800151336838614
1.25,1.2073333333333334,1.2926666666666666,False,119.21052561660726,True,0.011853505394683416,-0.6000000000000011,0.06557979262052974,-23.664599220213827,1.2453333333333332,-0.004666666666666819,,False,0.0,,,pyin_probability_below_0.5|voicing_disagreement,,False,-2.5000000000000036,
1.26,1.2173333333333334,1.3026666666666666,False,127.03079589645196,True,0.010009025493342984,0.49999999999999706,0.057984106703011934,-24.733820582898495,1.2553333333333332,-0.004666666666666819,,False,0.0,,,pyin_probability_below_0.5|voicing_disagreement,,False,-1.4000000000000046,
1.27,1.2273333333333334,1.3126666666666666,False,116.48775344855382,True,0.010000001546554296,-1.0000000000000013,0.0482257754091274,-26.334415614501495,1.2653333333333332,-0.004666666666666819,,False,0.0,,,pyin_probability_below_0.5|voicing_disagreement,,False,-2.900000000000002,
1.28,1.2373333333333334,1.3226666666666667,False,116.48775344855382,True,0.010000000000000437,-1.0000000000000013,0.04354473273323369,-27.221287413924973,1.2753333333333332,-0.004666666666666819,,False,0.0,,,pyin_probability_below_0.5|voicing_disagreement,,False,-2.900000000000002,
1.29,1.2473333333333334,1.3326666666666667,False,,False,0.01000000000022191,,0.04414982180230634,-27.101420899681244,1.2853333333333332,-0.004666666666666819,,False,0.0,,,,,False,,
1.3,1.2573333333333334,1.3426666666666667,False,,False,0.01000000000002385,,0.04483601816174334,-26.967459271750315,1.2953333333333332,-0.004666666666666819,,False,0.0,,,,,False,,
1.31,1.2673333333333334,1.3526666666666667,False,,False,0.010000000000221911,,0.04494667434904834,-26.94604873280361,1.3053333333333332,-0.004666666666666819,,False,0.0,,,,,False,,
1.32,1.2773333333333334,1.3626666666666667,False,,False,0.010000000000613858,,0.04297738711441436,-27.33519983472581,1.3153333333333332,-0.004666666666666819,,False,0.0,,,,,False,,
1.33,1.2873333333333334,1.3726666666666667,False,,False,0.01000000000061386,,0.04081973612879704,-27.782596140452753,1.3253333333333333,-0.004666666666666819,,False,0.0,,,,,False,,
1.34,1.2973333333333332,1.3826666666666667,False,,False,0.010000000003996623,,0.03804259946562048,-28.394596304196284,1.3353333333333333,-0.004666666666666819,,False,0.0,,,,,False,,
1.35,1.3073333333333332,1.3926666666666667,False,,False,0.01000000000950597,,0.03478860769155903,-29.171259044463532,1.3453333333333333,-0.004666666666666819,,False,0.0,,,,,False,,
1.36,1.3173333333333332,1.4026666666666667,False,,False,0.010000000208892742,,0.03156715538832624,-30.015291038629634,1.3553333333333333,-0.004666666666666819,,False,0.0,,,,,False,,
1.37,1.3273333333333333,1.4126666666666667,False,,False,0.010000000009505967,,0.04036414871379199,-27.88008404845025,1.3653333333333333,-0.004666666666666819,,False,0.0,,,,,False,,
1.38,1.3373333333333333,1.4226666666666667,False,119.21052561660726,True,0.010000516719604524,-0.6000000000000011,0.05425478141559304,-25.311239637734893,1.3753333333333333,-0.004666666666666597,,False,0.0,,,pyin_probability_below_0.5|voicing_disagreement,,False,-2.5000000000000036,
1.39,1.3473333333333333,1.4326666666666668,False,119.9011051661721,True,0.010467533617069907,-0.5000000000000001,0.06403798890170957,-23.871246309134882,1.3853333333333333,-0.004666666666666597,,False,0.0,,,pyin_probability_below_0.5|voicing_disagreement,,False,-2.4000000000000026,
1.4,1.3573333333333333,1.4426666666666668,False,121.29428889978496,True,0.020317628556360583,-0.30000000000000204,0.07303715762250182,-22.72912273052736,1.3953333333333333,-0.004666666666666597,,False,0.0,,,pyin_probability_below_0.5|voicing_disagreement,,False,-2.200000000000002,
1.41,1.3673333333333333,1.4526666666666668,False,121.29428889978496,True,0.047686993082531035,-0.30000000000000204,0.08194597733024184,-21.72944721555063,1.4053333333333333,-0.004666666666666597,,False,0.0,,,pyin_probability_below_0.5|voicing_disagreement,,False,-2.200000000000002,
1.42,1.3773333333333333,1.4626666666666666,False,121.29428889978496,True,0.12793708630129036,-0.30000000000000204,0.09156381122441923,-20.76552277357889,1.4153333333333333,-0.004666666666666597,118.31801129486787,True,0.7517220709315809,2.9762776049170867,0.4301029741637247,pyin_probability_below_0.5,-0.991920658846418,False,-2.200000000000002,-2.6692871665024995
1.43,1.3873333333333333,1.4726666666666666,False,121.29428889978496,True,0.1765306086328976,-0.30000000000000204,0.09921932696086153,-20.068074465201526,1.4253333333333333,-0.004666666666666597,121.13095430179895,True,0.9635297878263955,0.16333459798600813,0.023328466662693118,pyin_probability_below_0.5,-0.585146151345389,False,-2.200000000000002,-2.2625126590014712
1.44,1.3973333333333333,1.4826666666666666,False,121.29428889978496,True,0.20650679911775227,-0.30000000000000204,0.10693192073604361,-19.417852644157,1.4353333333333331,-0.004666666666666819,121.63647708706333,True,0.9850732580253133,0.3421881872783672,-0.04877177498689994,pyin_probability_below_0.5,-0.5130459096957951,False,-2.200000000000002,-2.1904124173518777
1.45,1.4073333333333333,1.4926666666666666,False,121.29428889978496,True,0.5485250542599845,-0.30000000000000204,0.11460188793219062,-18.816164556311676,1.4453333333333331,-0.004666666666666819,122.56953277000191,True,0.9894385738902708,1.2752438702169542,-0.18106545845444294,,-0.380752226228251,True,-2.200000000000002,-2.058118733884335
1.46,1.4173333333333333,1.5026666666666666,False,121.9969395672486,True,0.6860828109301793,-0.2000000000000017,0.11937622191068695,-18.461643400712166,1.4553333333333331,-0.004666666666666819,122.92199351483103,True,0.9830067630714265,0.9250539475824269,-0.130777354495216,,-0.33104033018747986,True,-2.100000000000004,-2.0084068378435624
1.47,1.4273333333333333,1.5126666666666666,False,121.9969395672486,True,0.6860828109301794,-0.2000000000000017,0.12133162020351175,-18.32052006010675,1.4653333333333332,-0.004666666666666819,121.55001772815723,True,0.9779365201367,0.44692183909137384,0.06353823362760028,,-0.5253559183102935,True,-2.100000000000004,-2.2027224259663756
1.48,1.4373333333333334,1.5226666666666666,False,121.9969395672486,True,0.6860828109301793,-0.2000000000000017,0.11932597157377281,-18.465300416852553,1.4753333333333332,-0.004666666666666819,122.39448699485473,True,0.9649793550341275,0.3975474276061277,-0.056323436507594894,,-0.40549424817509944,True,-2.100000000000004,-2.0828607558311827
1.49,1.4473333333333334,1.5326666666666666,False,121.9969395672486,True,0.6860828109301792,-0.2000000000000017,0.11949263191898558,-18.453177461778026,1.4853333333333332,-0.004666666666666819,122.45326210102482,True,0.9921274627991518,0.45632253377621623,-0.06463500705454467,,-0.3971826776281501,True,-2.100000000000004,-2.0745491852842344
1.5,1.4573333333333334,1.5426666666666666,False,121.29428889978496,True,0.6860828109301792,-0.30000000000000204,0.12043076670106116,-18.385250975589265,1.4953333333333332,-0.004666666666666819,121.92987229080613,True,0.9951620975874185,0.6355833910211715,-0.09048000057092766,,-0.4713376841117667,True,-2.200000000000002,-2.148704191767848
1.51,1.4673333333333334,1.5526666666666666,False,121.29428889978496,True,0.7571601330199091,-0.30000000000000204,0.12330824632016317,-18.180157574072673,1.5053333333333332,-0.004666666666666819,121.20620360045581,True,0.9982894647156045,0.08808529932915121,0.012576986921175651,,-0.5743946716038728,True,-2.200000000000002,-2.251761179259955
1.52,1.4773333333333334,1.5626666666666666,False,120.59568520237023,True,0.7571601330199094,-0.4000000000000008,0.12303965447797961,-18.19909794267953,1.5153333333333332,-0.004666666666666819,120.46539673013145,True,0.9985379964175229,0.1302884722387887,0.018713917609246743,,-0.6805316022919394,True,-2.3000000000000016,-2.357898109948021
1.53,1.4873333333333334,1.5726666666666667,False,119.9011051661721,True,0.6860828109301792,-0.5000000000000001,0.12251572154090809,-18.23616355817422,1.5253333333333332,-0.004666666666666819,119.75186500790328,True,0.9951430340323727,0.14924015826882453,0.021561984121780755,,-0.7833796688044732,True,-2.4000000000000026,-2.4607461764605554
1.54,1.4973333333333334,1.5826666666666667,False,119.21052561660726,True,0.6860828109301793,-0.6000000000000011,0.12039990307588361,-18.38747725386054,1.5353333333333332,-0.004666666666666819,118.92179588400951,True,0.9984792561535374,0.28872973259774426,0.04198161642641328,,-0.9037993011091069,True,-2.5000000000000036,-2.5811658087651903
1.55,1.5073333333333334,1.5926666666666667,False,119.21052561660726,True,0.7571601330199093,-0.6000000000000011,0.11987513177040189,-18.42541804862548,1.5453333333333332,-0.004666666666666819,118.41399535634994,True,0.9996554700325001,0.7965302602573132,0.1160642400810851,,-0.97788192476378,True,-2.5000000000000036,-2.655248432419863
1.56,1.5173333333333334,1.6026666666666667,False,119.21052561660726,True,0.7571601330199094,-0.6000000000000011,0.11916840353864215,-18.476777574434312,1.5553333333333332,-0.004666666666666819,117.98657439812948,True,0.9952942503145338,1.2239512184777794,0.17866700988333148,,-1.0404846945660249,True,-2.5000000000000036,-2.717851202222107
1.57,1.5273333333333334,1.6126666666666667,False,118.52392351256819,True,0.8266685594724995,-0.7000000000000002,0.11721052428912843,-18.620667828561597,1.5653333333333332,-0.004666666666666819,117.91400028789802,True,0.9908565996008629,0.6099232246701689,0.08931919034915195,,-1.0511368750318446,True,-2.6000000000000028,-2.728503382687929
1.58,1.5373333333333334,1.6226666666666667,False,119.21052561660726,True,0.7571601330199093,-0.6000000000000011,0.1158762935365128,-18.720108095113492,1.5753333333333333,-0.004666666666666819,118.67738000971909,True,0.9808046021452016,0.5331456068881693,0.07759968886869512,,-0.9394173735513904,True,-2.5000000000000036,-2.6167838812074726
1.59,1.5473333333333332,1.6326666666666667,False,119.21052561660726,True,0.7571601330199094,-0.6000000000000011,0.11368362268634782,-18.886041909278454,1.5853333333333333,-0.004666666666666819,119.42481232023877,True,0.9897221433546742,0.21428670363151525,-0.031091835811855324,,-0.8307258488708382,True,-2.5000000000000036,-2.508092356526922
1.6,1.5573333333333332,1.6426666666666667,False,119.21052561660726,True,0.7571601330199094,-0.6000000000000011,0.11287754466817186,-18.947848919989426,1.5953333333333333,-0.004666666666666819,119.24529313884999,True,0.998148659783227,0.034767522242731275,-0.005048374919007385,,-0.8567693097636864,True,-2.5000000000000036,-2.534135817419769
1.61,1.5673333333333332,1.6526666666666667,False,119.21052561660726,True,0.7571601330199094,-0.6000000000000011,0.11107220398533327,-19.087892208426435,1.6053333333333333,-0.004666666666666819,119.1691068095059,True,0.9935506909767504,0.04141880710135126,0.006016088632859436,,-0.8678337733155523,True,-2.5000000000000036,-2.5452002809716348
1.62,1.5773333333333333,1.6626666666666667,False,119.21052561660726,True,0.7571601330199094,-0.6000000000000011,0.11045677982132024,-19.136152440826713,1.6153333333333333,-0.004666666666666819,119.26388507249025,True,0.9876216318760911,0.05335945588299751,-0.007747389595305416,,-0.8540702950873893,True,-2.5000000000000036,-2.531436802743471
1.63,1.5873333333333333,1.6726666666666667,False,119.21052561660726,True,0.8266685594724996,-0.6000000000000011,0.10449804947479897,-19.617836317419773,1.6253333333333333,-0.004666666666666597,118.99938862259829,True,0.9919438323540776,0.21113699400896735,0.030689541191812972,,-0.8925072258745073,True,-2.5000000000000036,-2.5698737335305895
1.64,1.5973333333333333,1.6826666666666668,False,118.52392351256819,True,0.7571601330199094,-0.7000000000000002,0.10073628571239808,-19.936281324548855,1.6353333333333333,-0.004666666666666597,118.79229158846073,True,0.983309228868706,0.2683680758925391,-0.03915519624471365,,-0.9226624884379806,True,-2.6000000000000028,-2.600028996094064
1.65,1.6073333333333333,1.6926666666666668,False,118.52392351256819,True,0.6860828109301793,-0.7000000000000002,0.09742447368894368,-20.226638633898656,1.6453333333333333,-0.004666666666666597,118.5393219184894,True,0.9964199308849001,0.015398405921217773,-0.0022490407250751404,,-0.9595686439576186,True,-2.6000000000000028,-2.6369351516136996
1.66,1.6173333333333333,1.7026666666666668,False,118.52392351256819,True,0.6860828109301793,-0.7000000000000002,0.09378853663242395,-20.557004806303315,1.6553333333333333,-0.004666666666666597,118.36927716703205,True,0.9627250565924267,0.1546463455361362,0.022603355116971213,,-0.9844210397996643,True,-2.6000000000000028,-2.6617875474557464
1.67,1.6273333333333333,1.7126666666666666,False,118.52392351256819,True,0.42606232904328145,-0.7000000000000002,0.09382212972231756,-20.55389425955024,1.6653333333333333,-0.004666666666666597,116.49661298030738,True,0.8983989845018792,2.027310532260813,0.2986833517396028,pyin_probability_below_0.5,-1.2605010364222955,False,-2.6000000000000028,-2.937867544078377
1.68,1.6373333333333333,1.7226666666666666,False,120.59568520237023,True,0.24075439447557428,-0.4000000000000008,0.09190084494335868,-20.73360991318065,1.6753333333333333,-0.004666666666666597,115.52343503470253,True,0.9301907682447269,5.072250167667704,0.7439129290822579,pyin_probability_below_0.5,-1.4057306137649501,False,-2.3000000000000016,-3.0830971214210323
1.69,1.6473333333333333,1.7326666666666666,False,121.9969395672486,True,0.17653060863289755,-0.2000000000000017,0.0934370291604397,-20.58961956896116,1.6853333333333333,-0.004666666666666597,119.56513291974986,True,0.9733880720316744,2.431806647498746,0.34857862042175536,pyin_probability_below_0.5,-0.8103963051044475,False,-2.100000000000004,-2.487762812760532
1.7,1.6573333333333333,1.7426666666666666,False,123.4144757235675,True,0.2407543944755743,0.0,0.09711852184374145,-20.25395872471568,1.6953333333333331,-0.004666666666666819,121.76518185300874,True,0.9963004675986555,1.6492938705587648,0.23291954997620515,pyin_probability_below_0.5,-0.49473723465889813,False,-1.9000000000000006,-2.1721037423149805
1.71,1.6673333333333333,1.7526666666666666,False,124.84848285663055,True,0.42606232904328145,0.20000000000000068,0.10317668724189813,-19.728368408040815,1.7053333333333331,-0.004666666666666819,124.11230787316849,True,0.9590297631360664,0.7361749834620639,0.10238519152803625,pyin_probability_below_0.5,-0.16420287621072968,False,-1.7000000000000013,-1.8415693838668137
1.72,1.6773333333333333,1.7626666666666666,False,125.57172276022992,True,0.48498680771591135,0.2999999999999983,0.1093543640590743,-19.22327761348599,1.7153333333333332,-0.004666666666666819,124.74227681565218,True,0.966007888398018,0.829445944577742,0.11473352023907055,pyin_probability_below_0.5,-0.07655120492176545,False,-1.6000000000000023,-1.7539177125778496
1.73,1.6873333333333334,1.7726666666666666,False,126.29915234996876,True,0.6159498854580681,0.39999999999999736,0.11313669598695889,-18.927930168547178,1.7253333333333332,-0.004666666666666819,125.31653512188917,True,0.9775714104870261,0.9826172280795902,0.13521804364058462,,0.002964271676719467,True,-1.5000000000000022,-1.674402235979361
1.74,1.6973333333333334,1.7826666666666666,False,126.29915234996876,True,0.6860828109301794,0.39999999999999736,0.11657911393090227,-18.667584997895748,1.7353333333333332,-0.004666666666666819,126.13854062221226,True,0.9891647364422486,0.16061172775650334,0.022029715611586075,,0.11615259970572314,True,-1.5000000000000022,-1.561213907950361
1.75,1.7073333333333334,1.7926666666666666,False,127.03079589645196,True,0.6860828109301792,0.49999999999999706,0.1195854681814626,-18.446431837059777,1.7453333333333332,-0.004666666666666819,126.70128602121675,True,0.9927532113918017,0.32950987523521746,0.044965463720040184,,0.19321685159726204,True,-1.4000000000000046,-1.4841496560588183
1.76,1.7173333333333334,1.8026666666666666,False,127.76667781088264,True,0.5485250542599844,0.5999999999999976,0.11997089996458382,-18.41848166528246,1.7553333333333332,-0.004666666666666819,127.18772668891775,True,0.9915783200310108,0.5789511219648915,0.07862595038231006,,0.2595563649349957,True,-1.3000000000000027,-1.4178101427210879
1.77,1.7273333333333334,1.8126666666666666,False,129.25125509628117,True,0.5485250542599845,0.8000000000000002,0.11798225708776715,-18.563665994260287,1.7653333333333332,-0.004666666666666819,127.3967628967248,True,0.9895310095506871,1.8544921995563755,0.2501960423105797,,0.28798627300672835,True,-1.0999999999999999,-1.3893802346493522
1.78,1.7373333333333334,1.8226666666666667,False,130.0,True,0.5485250542599845,0.8999999999999985,0.1142475342244465,-18.84306328849224,1.7753333333333332,-0.004666666666666819,128.21716968660309,True,0.954068458741356,1.7828303133969143,0.2390658678788498,,0.39911644743845787,True,-1.0000000000000013,-1.2782500602176246
1.79,1.7473333333333334,1.8326666666666667,False,130.0,True,0.5485250542599845,0.8999999999999985,0.10999672092676974,-19.172405224951113,1.7853333333333332,-0.004666666666666819,132.00626347828833,True,0.9108441566502944,2.006263478288332,-0.26513713729484445,,0.9033194526121517,True,-1.0000000000000013,-0.7740470550439325
1.8,1.7573333333333334,1.8426666666666667,False,130.0,True,0.48498680771591135,0.8999999999999985,0.10703494859995763,-19.409487903133858,1.7953333333333332,-0.004666666666666819,132.92240774315502,True,0.9307391591367548,2.92240774315502,-0.38487249550481106,pyin_probability_below_0.5,1.0230548108221162,False,-1.0000000000000013,-0.6543116968339651
1.81,1.7673333333333334,1.8526666666666667,False,130.0,True,0.48498680771591135,0.8999999999999985,0.10435429161786507,-19.629793713449917,1.8053333333333332,-0.004666666666666819,131.53785620664112,True,0.9587270957888256,1.5378562066411234,-0.20359727274685546,pyin_probability_below_0.5,0.8417795880641594,False,-1.0000000000000013,-0.8355869195919212
1.82,1.7773333333333334,1.8626666666666667,False,130.0,True,0.3721358982975087,0.8999999999999985,0.10057228376751726,-19.95043375842181,1.8153333333333332,-0.004666666666666819,130.0971865337229,True,0.990990143338999,0.09718653372289054,-0.012937675056350031,pyin_probability_below_0.5,0.6511199903736551,False,-1.0000000000000013,-1.026246517282428
1.83,1.7873333333333334,1.8726666666666667,False,128.5068226458765,True,0.3721358982975087,0.699999999999998,0.10000308084760878,-19.999732405098857,1.8253333333333333,-0.004666666666666819,129.02714396095922,True,0.986949080210178,0.5203213150827253,-0.06995575882180949,pyin_probability_below_0.5,0.5081380741391159,False,-1.2000000000000022,-1.1692284335169678
1.84,1.7973333333333332,1.8826666666666667,False,127.76667781088264,True,0.3721358982975087,0.5999999999999976,0.10113069521725403,-19.902340144324196,1.8353333333333333,-0.004666666666666819,128.10675435473425,True,0.9797854036495263,0.3400765438516089,-0.04601903634078476,pyin_probability_below_0.5,0.3842013516580931,False,-1.3000000000000027,-1.2931651559979902
1.85,1.8073333333333332,1.8926666666666667,False,126.29915234996876,True,0.4260623290432815,0.39999999999999736,0.09965324907126517,-20.030170741935464,1.8453333333333333,-0.004666666666666819,126.83994329527866,True,0.9848725684789779,0.5407909453098938,-0.07397017200162163,pyin_probability_below_0.5,0.21215248731892877,False,-1.5000000000000022,-1.465214020337153
1.86,1.8173333333333332,1.9026666666666667,False,124.84848285663055,True,0.3233360583906409,0.20000000000000068,0.10622619285965919,-19.47536766662654,1.8553333333333333,-0.004666666666666819,125.273624637845,True,0.9855330971786624,0.42514178121444957,-0.058852905367426656,pyin_probability_below_0.5,-0.0029647793152684813,False,-1.7000000000000013,-1.6803312869713511
1.87,1.8273333333333333,1.9126666666666667,False,124.12940850835416,True,0.42606232904328145,0.10000000000000017,0.11033987747947482,-19.145350052303215,1.8653333333333333,-0.004666666666666819,123.53832216268945,True,0.9823686978522808,0.5910863456647064,0.08263577557547336,pyin_probability_below_0.5,-0.24445346025816467,False,-1.800000000000001,-1.9218199679142458
1.88,1.8373333333333333,1.9226666666666667,False,122.70366064862014,True,0.5485250542599847,-0.10000000000000259,0.10960761660117341,-19.203185316133883,1.8753333333333333,-0.004666666666666597,122.69921092054427,True,0.9778532809125556,0.004449728075869075,0.0006278264557892074,,-0.36244551113848394,True,-2.000000000000005,-2.039812018794567
1.89,1.8473333333333333,1.9326666666666668,False,121.9969395672486,True,0.6860828109301794,-0.2000000000000017,0.11118119005227048,-19.079373634125428,1.8853333333333333,-0.004666666666666597,120.79309955402006,True,0.9783130763195763,1.2038400132285432,0.17168298238111399,,-0.633500667063807,True,-2.100000000000004,-2.31086717471989
1.9,1.8573333333333333,1.9426666666666668,False,121.29428889978496,True,0.7571601330199094,-0.30000000000000204,0.11196596899853573,-19.018279139804104,1.8953333333333333,-0.004666666666666597,121.17985906289819,True,0.9624890847440346,0.11442983688677089,0.016340285858841376,,-0.5781579705415351,True,-2.200000000000002,-2.2555244781976183
1.91,1.8673333333333333,1.9526666666666668,False,120.59568520237023,True,0.7571601330199094,-0.4000000000000008,0.11372331581554154,-18.883009722614858,1.9053333333333333,-0.004666666666666597,121.54994553091508,True,0.9866508640999979,0.9542603285448479,-0.13645148333309495,,-0.5253662013495985,True,-2.3000000000000016,-2.20273270900568
1.92,1.8773333333333333,1.9626666666666666,False,119.9011051661721,True,0.7571601330199093,-0.5000000000000001,0.11168694087745348,-19.03995208583842,1.9153333333333333,-0.004666666666666597,120.80635184809759,True,0.9957709075493328,0.9052466819254903,-0.13021626222603552,,-0.6316014224566586,True,-2.4000000000000026,-2.30896793011274
1.93,1.8873333333333333,1.9726666666666666,False,119.21052561660726,True,0.6860828109301793,-0.6000000000000011,0.11050298853221334,-19.132519528175,1.9253333333333333,-0.004666666666666597,119.91775001000136,True,0.9986112772693607,0.7072243933940996,-0.10240315719993906,,-0.759414527482756,True,-2.5000000000000036,-2.4367810351388384
1.94,1.8973333333333333,1.9826666666666666,False,118.52392351256819,True,0.6860828109301792,-0.7000000000000002,0.10771053500045079,-19.354836339090657,1.9353333333333333,-0.004666666666666597,118.71985158199688,True,0.9987743946867382,0.1959280694286889,-0.028594842747042534,,-0.9332228419356507,True,-2.6000000000000028,-2.6105893495917334
1.95,1.9073333333333333,1.9926666666666666,False,117.84127594565435,True,0.6860828109301793,-0.8000000000000028,0.10369753245100691,-19.684631556049776,1.9453333333333331,-0.004666666666666819,117.64342315859606,True,0.99914134659717,0.1978527870582809,0.02909144955584372,,-1.0909091342385373,True,-2.700000000000003,-2.768275641894621
1.96,1.9173333333333333,2.002666666666667,False,117.16256013940793,True,0.6860828109301792,-0.9000000000000006,0.09980480965358839,-20.016970585939532,1.9553333333333331,-0.004666666666666819,116.69964384091098,True,0.9967609308316909,0.4629162984969497,0.06853758246415244,,-1.2303552671468465,True,-2.800000000000002,-2.907721774802929
1.97,1.9273333333333333,2.0126666666666666,False,116.48775344855382,True,0.7571601330199094,-1.0000000000000013,0.09557611722054508,-20.39301233337577,1.9653333333333332,-0.004666666666666819,115.43930411626037,True,0.9896349803701299,1.048449332293444,0.15652538055937965,,-1.4183430652420763,True,-2.900000000000002,-3.095709572898159
1.98,1.9373333333333334,2.022666666666667,False,115.81683335824411,True,0.7571601330199094,-1.1000000000000019,0.0921226191820965,-20.712674457976995,1.9753333333333332,-0.004666666666666819,114.57945277092155,True,0.985895851392964,1.237380587322562,0.185959247631701,,-1.5477769323143957,True,-3.0000000000000036,-3.225143439970479
1.99,1.9473333333333334,2.0326666666666666,False,115.81683335824411,True,0.6860828109301793,-1.1000000000000019,0.09039760330483539,-20.876861674847355,1.9853333333333332,-0.004666666666666819,114.21292378296978,True,0.9879120364141164,1.6039095752743293,0.24142857893690572,,-1.6032462636195985,True,-3.0000000000000036,-3.280612771275681
2.0,1.9573333333333334,2.042666666666667,False,115.81683335824411,True,0.6159498854580681,-1.1000000000000019,0.08838400069878331,-21.07252688007708,1.9953333333333332,-0.004666666666666819,116.4389003163817,True,0.9758489017514866,0.6220669581375944,-0.09273795371263649,,-1.2690797309700566,True,-3.0000000000000036,-2.946446238626139
2.01,1.9673333333333334,2.0526666666666666,False,116.48775344855382,True,0.6159498854580681,-1.0000000000000013,0.08448968441434133,-21.463926241220616,2.005333333333333,-0.004666666666666597,117.27052170717864,True,0.9654111165935464,0.7827682586248272,-0.11594542492519727,,-1.1458722597574966,True,-2.900000000000002,-2.8232387674135797
2.02,1.9773333333333334,2.062666666666667,False,117.16256013940793,True,0.615949885458068,-0.9000000000000006,0.07815928821698857,-22.140388086308114,2.0153333333333334,-0.004666666666666597,115.80950908996554,True,0.9446205536178296,1.353051049442385,0.2010948687872508,,-1.362912553469945,True,-2.800000000000002,-3.040279061126026
2.03,1.9873333333333334,2.0726666666666667,False,117.84127594565435,True,0.6860828109301793,-0.8000000000000028,0.07139905666728438,-22.92615052271163,2.025333333333333,-0.004666666666666597,117.69447396801523,True,0.9254270861651502,0.1468019776391145,0.021580470494307637,,-1.0833981551770018,True,-2.700000000000003,-2.760764662833085
2.04,1.9973333333333334,2.082666666666667,False,118.52392351256819,True,0.6860828109301793,-0.7000000000000002,0.0652818858397959,-23.704146166582873,2.0353333333333334,-0.004666666666666597,121.90551370534658,True,0.9419776313415681,3.38159019277839,-0.4870210758129251,,-0.47479660886976827,True,-2.6000000000000028,-2.1521631165258515
2.05,2.0073333333333334,2.0926666666666667,False,119.21052561660726,True,0.6159498854580681,-0.6000000000000011,0.05818015559480139,-24.70450243253433,2.0453333333333332,-0.004666666666666597,121.40262501300575,True,0.9595892960744699,2.19209939639849,-0.31545591803249123,,-0.5463617666502028,True,-2.5000000000000036,-2.223728274306285
2.06,2.017333333333333,2.1026666666666665,False,120.59568520237023,True,0.7571601330199094,-0.4000000000000008,0.05148252705088834,-25.766802872757637,2.0553333333333335,-0.004666666666666597,119.89126585706998,True,0.9464742871593907,0.7044193453002521,0.10142074135834597,,-0.7632384260410408,True,-2.3000000000000016,-2.4406049336971236
2.07,2.0273333333333334,2.1126666666666667,False,121.29428889978496,True,0.8266685594724996,-0.30000000000000204,0.04538285671255388,-26.86216340152496,2.0653333333333332,-0.004666666666666597,117.52947956464693,True,0.9410822446379457,3.7648093351380254,0.5458674507591574,,-1.1076851354418513,False,-2.200000000000002,-2.785051643097934
2.08,2.037333333333333,2.1226666666666665,False,119.9011051661721,True,0.6159498854580681,-0.5000000000000001,0.03555451093592362,-28.982105816941978,2.075333333333333,-0.004666666666667041,116.15410862856227,True,0.9471466045644895,3.7469965376098315,0.5496572425549469,,-1.3114749272376414,False,-2.4000000000000026,-2.988841434893725
2.09,2.0473333333333334,2.1326666666666667,False,119.21052561660726,True,0.42606232904328145,-0.6000000000000011,0.026813754871951704,-31.43284730409149,2.0853333333333333,-0.004666666666666597,116.92654617961351,True,0.940076402998995,2.2839794369937465,0.3349094025026452,pyin_probability_below_0.5,-1.1967270871853408,False,-2.5000000000000036,-2.8740935948414235
2.1,2.0573333333333332,2.1426666666666665,False,118.52392351256819,True,0.27960516533635893,-0.7000000000000002,0.017984972274915308,-34.901804546801614,2.095333333333333,-0.004666666666667041,119.39563227462114,True,0.8822993795487739,0.8717087620529469,-0.12686125254971597,pyin_probability_below_0.5,-0.834956432132977,False,-2.6000000000000028,-2.5123229397890596
2.11,2.0673333333333335,2.1526666666666667,False,117.84127594565435,True,0.12793708630129036,-0.8000000000000028,0.012400610084055508,-38.13113895865683,2.1053333333333333,-0.004666666666666597,119.49663749338313,True,0.747860016437462,1.6553615477287877,-0.2415007956746493,pyin_probability_below_0.5,-0.8203168890080448,False,-2.700000000000003,-2.4976833966641276
2.12,2.0773333333333333,2.1626666666666665,False,119.21052561660726,True,0.04069733156888106,-0.6000000000000011,0.01033303996190876,-39.71543782041651,2.115333333333333,-0.004666666666667041,118.88746959854026,True,0.6031626264726228,0.3230560180669926,0.046979473383287174,pyin_probability_below_0.5,-0.9087971580659827,False,-2.5000000000000036,-2.586163665722066
2.13,2.0873333333333335,2.1726666666666667,False,,False,0.010467533617069905,,0.008599291702345456,-41.31074637613099,2.1253333333333333,-0.004666666666666597,119.57499011068386,True,0.7135331945351269,,,voicing_disagreement,-0.8089690996345753,False,,-2.486335607290658
2.14,2.0973333333333333,2.1826666666666665,False,,False,0.0100028158258111,,0.007476197781757494,-42.52638435883973,2.135333333333333,-0.004666666666667041,,False,0.0,,,,,False,,
2.15,2.1073333333333335,2.1926666666666668,False,,False,0.010000005216229449,,0.006772791486930732,-43.384645895134966,2.1453333333333333,-0.004666666666666597,,False,0.0,,,,,False,,
2.16,2.1173333333333333,2.2026666666666666,False,,False,0.01,,0.005912884780522576,-44.56401167309005,2.155333333333333,-0.004666666666667041,,False,0.0,,,,,False,,
2.17,2.1273333333333335,2.212666666666667,False,,False,0.01,,0.005309748936022332,-45.498520268682725,2.1653333333333333,-0.004666666666666597,,False,0.0,,,,,False,,
2.18,2.1373333333333333,2.2226666666666666,False,,False,0.01,,0.005039672412089213,-45.95195385142992,2.175333333333333,-0.004666666666667041,,False,0.0,,,,,False,,
2.19,2.1473333333333335,2.232666666666667,False,65.0,True,0.01,-11.100000000000001,0.006077448924008388,-44.32557364718995,2.1853333333333333,-0.004666666666666597,,False,0.0,,,near_pyin_floor|pyin_probability_below_0.5|voicing_disagreement,,False,-13.000000000000002,
2.2,2.1573333333333333,2.2426666666666666,False,65.0,True,0.01,-11.100000000000001,0.006095444457508269,-44.29989243452722,2.195333333333333,-0.004666666666667041,,False,0.0,,,near_pyin_floor|pyin_probability_below_0.5|voicing_disagreement,,False,-13.000000000000002,
2.21,2.167333333333333,2.252666666666667,False,65.0,True,0.01,-11.100000000000001,0.00612546626268093,-44.25721695526073,2.2053333333333334,-0.004666666666666597,,False,0.0,,,near_pyin_floor|pyin_probability_below_0.5|voicing_disagreement,,False,-13.000000000000002,
2.22,2.1773333333333333,2.2626666666666666,False,65.0,True,0.01,-11.100000000000001,0.005845158790706422,-44.6640737242914,2.215333333333333,-0.004666666666667041,,False,0.0,,,near_pyin_floor|pyin_probability_below_0.5|voicing_disagreement,,False,-13.000000000000002,
2.23,2.187333333333333,2.272666666666667,False,65.0,True,0.01,-11.100000000000001,0.005768015228492561,-44.77947203358962,2.2253333333333334,-0.004666666666666597,,False,0.0,,,near_pyin_floor|pyin_probability_below_0.5|voicing_disagreement,,False,-13.000000000000002,
2.24,2.1973333333333334,2.2826666666666666,False,65.0,True,0.01,-11.100000000000001,0.005833265562536158,-44.68176503262469,2.235333333333333,-0.004666666666667041,,False,0.0,,,near_pyin_floor|pyin_probability_below_0.5|voicing_disagreement,,False,-13.000000000000002,
2.25,2.207333333333333,2.292666666666667,False,65.0,True,0.01,-11.100000000000001,0.005765169426256747,-44.783758503527224,2.2453333333333334,-0.004666666666666597,,False,0.0,,,near_pyin_floor|pyin_probability_below_0.5|voicing_disagreement,,False,-13.000000000000002,
2.26,2.2173333333333334,2.3026666666666666,False,65.0,True,0.01,-11.100000000000001,0.0053912650016033365,-45.3661864077402,2.255333333333333,-0.004666666666666597,,False,0.0,,,near_pyin_floor|pyin_probability_below_0.5|voicing_disagreement,,False,-13.000000000000002,
2.27,2.227333333333333,2.312666666666667,False,65.0,True,0.01,-11.100000000000001,0.004847620195403235,-46.28942827808168,2.2653333333333334,-0.004666666666666597,,False,0.0,,,near_pyin_floor|pyin_probability_below_0.5|voicing_disagreement,,False,-13.000000000000002,
2.28,2.2373333333333334,2.3226666666666667,False,65.0,True,0.01,-11.100000000000001,0.0033283038944888193,-49.55554053660394,2.275333333333333,-0.004666666666666597,,False,0.0,,,near_pyin_floor|pyin_probability_below_0.5|voicing_disagreement,,False,-13.000000000000002,
2.29,2.247333333333333,2.332666666666667,False,65.0,True,0.01,-11.100000000000001,0.0029447929498054915,-50.61890470628509,2.2853333333333334,-0.004666666666666597,,False,0.0,,,near_pyin_floor|pyin_probability_below_0.5|voicing_disagreement,,False,-13.000000000000002,
2.3,2.2573333333333334,2.3426666666666667,False,65.0,True,0.01,-11.100000000000001,0.002052539496313749,-53.75416954296624,2.2953333333333332,-0.004666666666666597,,False,0.0,,,near_pyin_floor|pyin_probability_below_0.5|voicing_disagreement,,False,-13.000000000000002,
2.31,2.267333333333333,2.3526666666666665,False,65.0,True,0.01,-11.100000000000001,0.0019564435099296354,-54.17065374678173,2.3053333333333335,-0.004666666666666597,,False,0.0,,,near_pyin_floor|pyin_probability_below_0.5|voicing_disagreement,,False,-13.000000000000002,
2.32,2.2773333333333334,2.3626666666666667,False,65.0,True,0.010000000101429396,-11.100000000000001,0.0016653264513825721,-55.57001239465973,2.3153333333333332,-0.004666666666666597,,False,0.0,,,near_pyin_floor|pyin_probability_below_0.5|voicing_disagreement,,False,-13.000000000000002,
2.33,2.287333333333333,2.3726666666666665,False,,False,0.01,,0.0012855356452973244,-57.81831753497224,2.3253333333333335,-0.004666666666666597,,False,0.0,,,,,False,,
2.34,2.2973333333333334,2.3826666666666667,False,,False,0.01,,0.0006159025211573139,-64.20976036299217,2.3353333333333333,-0.004666666666666597,,False,0.0,,,,,False,,
2.35,2.3073333333333332,2.3926666666666665,False,,False,0.01,,0.0004866772061252345,-66.25517987545236,2.345333333333333,-0.004666666666667041,,False,0.0,,,,,False,,
2.36,2.3173333333333335,2.4026666666666667,False,,False,0.01,,0.0004299659455033953,-67.33131880774016,2.3553333333333333,-0.004666666666666597,,False,0.0,,,,,False,,
2.37,2.3273333333333333,2.4126666666666665,False,,False,0.01,,0.00036844735434439166,-68.6724911520873,2.365333333333333,-0.004666666666667041,,False,0.0,,,,,False,,
2.38,2.3373333333333335,2.4226666666666667,False,,False,0.01,,0.0003509751473022748,-69.0944727004052,2.3753333333333333,-0.004666666666666597,,False,0.0,,,,,False,,
2.39,2.3473333333333333,2.4326666666666665,False,,False,0.01,,0.00032449916017694334,-69.77572845684027,2.385333333333333,-0.004666666666667041,,False,0.0,,,,,False,,
2.4,2.3573333333333335,2.4426666666666668,False,,False,0.01,,0.00021101754868126888,-73.51362852641304,2.3953333333333333,-0.004666666666666597,,False,0.0,,,,,False,,
2.41,2.3673333333333333,2.4526666666666666,False,,False,0.01,,0.00017661523090239448,-75.05943693117831,2.405333333333333,-0.004666666666667041,,False,0.0,,,,,False,,
2.42,2.3773333333333335,2.462666666666667,False,,False,0.01,,0.00012986964424771506,-77.72984698259316,2.4153333333333333,-0.004666666666666597,,False,0.0,,,,,False,,
2.43,2.3873333333333333,2.4726666666666666,False,,False,0.01,,9.998923883555849e-05,-80.00093475316322,2.425333333333333,-0.004666666666667041,,False,0.0,,,,,False,,
2.44,2.3973333333333335,2.482666666666667,False,,False,0.01,,9.695636769972865e-05,-80.26847325908238,2.4353333333333333,-0.004666666666666597,,False,0.0,,,,,False,,
2.45,2.4073333333333333,2.4926666666666666,False,,False,0.01,,9.495407166638998e-05,-80.44972815633136,2.445333333333333,-0.004666666666667041,,False,0.0,,,,,False,,
2.46,2.417333333333333,2.502666666666667,False,,False,0.01,,9.441496145077809e-05,-80.49918359694954,2.4553333333333334,-0.004666666666666597,,False,0.0,,,,,False,,
2.47,2.4273333333333333,2.5126666666666666,False,,False,0.010000000000006925,,8.750838825651295e-05,-81.15900629980304,2.465333333333333,-0.004666666666667041,,False,0.0,,,,,False,,
2.48,2.437333333333333,2.522666666666667,False,,False,0.01,,7.463377453276967e-05,-82.54129187580568,2.4753333333333334,-0.004666666666666597,,False,0.0,,,,,False,,
2.49,2.4473333333333334,2.5326666666666666,False,,False,0.010000000000001869,,7.189812592273793e-05,-82.86564859346083,2.485333333333333,-0.004666666666667041,,False,0.0,,,,,False,,
2.5,2.457333333333333,2.542666666666667,False,,False,0.010000000000023851,,5.7984261129888274e-05,-84.73379745012824,2.4953333333333334,-0.004666666666666597,,False,0.0,,,,,False,,
2.51,2.4673333333333334,2.5526666666666666,False,,False,0.010000000009505967,,5.499981252783285e-05,-85.19277581675749,2.505333333333333,-0.004666666666666597,,False,0.0,,,,,False,,
2.52,2.477333333333333,2.562666666666667,False,,False,0.010000002871100368,,5.370084101433154e-05,-85.40037825434285,2.5153333333333334,-0.004666666666666597,,False,0.0,,,,,False,,
2.53,2.4873333333333334,2.5726666666666667,False,,False,0.010000001546554296,,5.66373358585405e-05,-84.9379436689176,2.525333333333333,-0.004666666666666597,,False,0.0,,,,,False,,
2.54,2.497333333333333,2.582666666666667,False,,False,0.010000000417925075,,5.5781795851699064e-05,-85.07015016141068,2.5353333333333334,-0.004666666666666597,,False,0.0,,,,,False,,
2.55,2.5073333333333334,2.5926666666666667,False,,False,0.010000001546554296,,5.494811221698775e-05,-85.20094446984291,2.5453333333333332,-0.004666666666666597,,False,0.0,,,,,False,,
2.56,2.517333333333333,2.6026666666666665,False,,False,0.010000001546554298,,5.2883799106642804e-05,-85.53354706447813,2.5553333333333335,-0.004666666666666597,,False,0.0,,,,,False,,
2.57,2.5273333333333334,2.6126666666666667,False,,False,0.01000000002170159,,5.198399881350811e-05,-85.6826063182301,2.5653333333333332,-0.004666666666666597,,False,0.0,,,,,False,,
2.58,2.537333333333333,2.6226666666666665,False,,False,0.010000001546554296,,5.1232818674328965e-05,-85.80903499801772,2.5753333333333335,-0.004666666666666597,,False,0.0,,,,,False,,
2.59,2.5473333333333334,2.6326666666666667,False,,False,0.01000020633903134,,5.512369543692942e-05,-85.17323350921117,2.5853333333333333,-0.004666666666666597,,False,0.0,,,,,False,,
2.6,2.5573333333333332,2.6426666666666665,False,,False,0.010000516719604524,,5.359912675804744e-05,-85.41684571631278,2.595333333333333,-0.004666666666667041,,False,0.0,,,,,False,,
2.61,2.5673333333333335,2.6526666666666667,False,,False,0.01000419105279527,,4.935206998037571e-05,-86.13389253883257,2.6053333333333333,-0.004666666666666597,,False,0.0,,,,,False,,
2.62,2.5773333333333333,2.6626666666666665,False,,False,0.010004191052795269,,4.5754009986074856e-05,-86.79141674735725,2.615333333333333,-0.004666666666667041,,False,0.0,,,,,False,,
2.63,2.5873333333333335,2.6726666666666667,False,,False,0.01000123296498612,,4.820774146032227e-05,-86.33766429599672,2.6253333333333333,-0.004666666666666597,,False,0.0,,,,,False,,
2.64,2.5973333333333333,2.6826666666666665,False,,False,0.010000516719604524,,4.787169596737028e-05,-86.39842372685017,2.635333333333333,-0.004666666666667041,,False,0.0,,,,,False,,
2.65,2.6073333333333335,2.6926666666666668,False,,False,0.010000027850262288,,5.007471310739546e-05,-86.00763060453474,2.6453333333333333,-0.004666666666666597,,False,0.0,,,,,False,,
2.66,2.6173333333333333,2.7026666666666666,False,,False,0.010000078000901521,,4.6208940542793146e-05,-86.70547977340144,2.655333333333333,-0.004666666666667041,,False,0.0,,,,,False,,
2.67,2.6273333333333335,2.712666666666667,False,,False,0.010000000009505967,,4.2037461930340174e-05,-87.52727025959466,2.6653333333333333,-0.004666666666666597,,False,0.0,,,,,False,,
2.68,2.6373333333333333,2.7226666666666666,False,,False,0.010000000009505964,,3.636176457080149e-05,-88.78710098822744,2.675333333333333,-0.004666666666667041,,False,0.0,,,,,False,,
2.69,2.6473333333333335,2.7306666666666666,True,,False,0.010000000009505962,,3.703833355334173e-05,-88.62697123076805,2.6853333333333333,-0.004666666666666597,,False,0.0,,,edge_window,,False,,
2.7,2.6573333333333333,2.7306666666666666,True,,False,0.010000000047726025,,3.868418340911271e-05,-88.24933132608723,2.695333333333333,-0.004666666666667041,,False,0.0,,,edge_window,,False,,
2.71,2.667333333333333,2.7306666666666666,True,,False,0.010000001546554298,,3.953903425340212e-05,-88.0594788519596,2.7053333333333334,-0.004666666666666597,,False,0.0,,,edge_window,,False,,
2.72,2.6773333333333333,2.7306666666666666,True,,False,0.010000005216229449,,3.6594261830107457e-05,-88.73174017784619,,,,,,,,edge_window,,False,,
2.73,2.687333333333333,2.7306666666666666,True,,False,0.01000617855533408,,3.654030912714592e-05,-88.74455565765223,,,,,,,,edge_window,,False,,
