source_id,speaker_id,duration_s,frame_count,voiced_frame_count,voiced_frames_percent,median_f0_hz,f0_min_hz,f0_max_hz,f0_range_hz,f0_p05_hz,f0_p95_hz,praat_median_hz,agreement_screen_percent,median_absolute_disagreement_st,flagged_frames,flags,warnings
yof_01208_00284398735,yof_01208,2.7306666666666666,274,143,52.18978102189781,182.78887791090543,118.52392351256819,213.63948179230545,95.11555827973726,124.99354980596438,212.40900892134297,180.88590812983756,8.02919708029197,0.1284135694743267,138,edge_window|pyin_probability_below_0.5|voicing_disagreement|pitch_difference_over_1_semitone,
yof_01208_00601301614,yof_01208,5.802666666666667,581,445,76.592082616179,243.99387913449723,125.57172276022992,298.66157229922914,173.0898495389992,151.2409495062077,278.66110025943624,242.4353075514858,33.39070567986231,0.16670092362961478,255,edge_window|voicing_disagreement|pyin_probability_below_0.5|pitch_difference_over_1_semitone,
yof_01208_00638640400,yof_01208,2.6453333333333333,265,167,63.0188679245283,193.6580702059513,136.14823596668148,227.65433896553014,91.50610299884866,138.7688106871075,225.0395058615972,190.17189305766686,13.584905660377359,0.2077650904477569,137,edge_window|pyin_probability_below_0.5|pitch_difference_over_1_semitone|voicing_disagreement,
yof_01208_00712661610,yof_01208,5.034666666666666,504,358,71.03174603174604,198.18461302324906,115.81683335824411,361.3787371590077,245.5619038007636,133.57875114510824,304.1461402770959,196.6405874325802,18.452380952380953,0.2282009703969619,279,edge_window|pyin_probability_below_0.5|voicing_disagreement|pitch_difference_over_1_semitone,
yof_01208_01099449672,yof_01208,2.3893333333333335,239,174,72.80334728033473,197.04315364635175,178.6139741695516,246.828951447135,68.21497727758342,181.36973844095348,239.8022103323442,191.2047773630309,20.502092050209207,0.15720680067085724,134,edge_window|pyin_probability_below_0.5|voicing_disagreement|pitch_difference_over_1_semitone,
yof_01208_01304309543,yof_01208,4.352,436,259,59.403669724770644,195.90826859169485,130.0,217.37383415501247,87.37383415501247,167.52159915240023,214.87708272009507,194.04772860546868,33.25688073394495,0.09912216023401574,123,edge_window|pyin_probability_below_0.5|voicing_disagreement|pitch_difference_over_1_semitone,
yof_01208_01348944590,yof_01208,4.266666666666667,427,348,81.49882903981265,219.8995964441766,154.59692495035372,376.2900017344983,221.69307678414455,189.23491376948436,275.4604045334168,218.89257318332773,28.10304449648712,0.17381770354933548,229,edge_window|pyin_probability_below_0.5|voicing_disagreement|pitch_difference_over_1_semitone,
yof_01208_01740136044,yof_01208,2.816,282,183,64.8936170212766,212.40900892134297,187.0613654014066,231.63366671648822,44.57230131508163,195.90826859169485,226.21278239745277,206.4839268300133,22.340425531914892,0.1398981911058687,130,edge_window|pyin_probability_below_0.5|voicing_disagreement|pitch_difference_over_1_semitone,
yof_01208_01850003899,yof_01208,2.304,231,150,64.93506493506493,181.73609144327253,148.4707041104003,226.34314645699226,77.87244234659195,152.73550375471723,211.18562305262122,180.18063509450647,15.584415584415584,0.1273946705297651,121,edge_window|pyin_probability_below_0.5|voicing_disagreement|pitch_difference_over_1_semitone,
yof_01208_01947924185,yof_01208,1.8773333333333333,188,93,49.46808510638298,190.3311404729313,162.84637702113662,213.63948179230545,50.79310477116883,170.15513977393036,199.79457380544176,185.55792531606824,9.042553191489361,0.22222317418874743,85,edge_window|pyin_probability_below_0.5|voicing_disagreement|pitch_difference_over_1_semitone,
yof_02121_00334458563,yof_02121,4.010666666666666,402,238,59.20398009950249,181.73609144327253,159.12696062960518,257.013645291753,97.88668466214781,160.97592684906726,248.4745393211912,181.44575201571885,14.17910447761194,0.16600581971150824,201,edge_window|pyin_probability_below_0.5|voicing_disagreement|pitch_difference_over_1_semitone|possible_octave_disagreement,
yof_02121_00443892123,yof_02121,2.9013333333333335,291,118,40.549828178694156,181.2127300113882,152.82122781686914,230.29955496661373,77.47832714974459,154.59692495035372,219.20631377269237,173.82491370794372,1.3745704467353952,0.24581189037812362,132,edge_window|pyin_probability_below_0.5|voicing_disagreement|pitch_difference_over_1_semitone,
yof_02121_00460996262,yof_02121,4.778666666666667,478,310,64.85355648535564,195.90826859169485,136.93693467412865,239.8022103323442,102.86527565821555,142.58724736030138,230.29955496661373,195.71426269800048,25.732217573221757,0.1302438100910993,208,edge_window|pyin_probability_below_0.5|voicing_disagreement|pitch_difference_over_1_semitone|possible_octave_disagreement,
yof_02121_00907251659,yof_02121,2.56,256,99,38.671875,190.3311404729313,163.7897364863335,257.013645291753,93.22390880541948,163.7897364863335,254.20876817579006,171.68277563879462,6.640625,0.23340450661893747,126,edge_window|pyin_probability_below_0.5|voicing_disagreement|pitch_difference_over_1_semitone,
yof_02121_00930959735,yof_02121,3.328,333,253,75.97597597597597,198.18461302324906,107.43854136004751,241.19137040474044,133.75282904469293,109.9497982220883,235.41421097734403,197.73497764253108,21.02102102102102,0.2198378194939994,187,pyin_probability_below_0.5|edge_window|voicing_disagreement|pitch_difference_over_1_semitone|possible_octave_disagreement,
yof_02121_00956906502,yof_02121,5.717333333333333,572,314,54.89510489510489,177.5852333780714,149.33078614961454,258.50251019256234,109.1717240429478,157.89152796464276,217.37383415501247,176.64766925477267,12.412587412587413,0.13937413743973576,263,edge_window|pyin_probability_below_0.5|voicing_disagreement|pitch_difference_over_1_semitone,
yof_02121_01178327964,yof_02121,4.864,487,264,54.20944558521561,214.87708272009507,72.96003314010925,272.296471933363,199.33643879325376,78.64961579925402,255.5333556217653,215.24953322097613,10.061601642710473,0.17728384026190064,242,edge_window|voicing_disagreement|pyin_probability_below_0.5|pitch_difference_over_1_semitone,
yof_02121_01204042551,yof_02121,4.010666666666666,402,256,63.681592039801,173.52918104210445,140.9494931391844,410.34715661609357,269.3976634769092,147.61557577921405,232.97550689710764,174.1257564737494,15.17412935323383,0.16350740801630037,224,edge_window|pyin_probability_below_0.5|voicing_disagreement|pitch_difference_over_1_semitone|possible_octave_disagreement,
yof_02121_01888276578,yof_02121,3.6693333333333333,367,191,52.043596730245234,202.8169587634771,144.24403136881983,310.98499165172495,166.74096028290512,149.33078614961454,268.393730863033,200.01228332609773,10.899182561307901,0.2657524816224591,167,edge_window|pyin_probability_below_0.5|voicing_disagreement|pitch_difference_over_1_semitone|possible_octave_disagreement,
yof_02121_02015408040,yof_02121,3.584,359,217,60.44568245125348,185.98397121658357,150.19585059339548,450.07901172319436,299.88316112979885,154.41884239698882,276.5058800907153,184.65353905220218,17.827298050139277,0.11713032040122584,174,edge_window|pyin_probability_below_0.5|voicing_disagreement|pitch_difference_over_1_semitone,
yof_02436_00053848547,yof_02436,2.986666666666667,299,237,79.26421404682274,180.68936857950385,160.04877373483913,227.65433896553014,67.60556523069101,161.90845090664698,214.87708272009507,179.89825706419228,36.78929765886288,0.09150660789433042,135,edge_window|voicing_disagreement|pyin_probability_below_0.5|pitch_difference_over_1_semitone|possible_octave_disagreement,
yof_02436_00111533593,yof_02436,3.584,359,222,61.83844011142061,213.63948179230545,170.54805357686834,241.19137040474044,70.6433168278721,173.52918104210445,232.84170930058292,212.47620863844327,33.98328690807799,0.12049650943683568,105,edge_window|pyin_probability_below_0.5|voicing_disagreement|pitch_difference_over_1_semitone,
yof_02436_00554684236,yof_02436,2.816,282,176,62.4113475177305,198.18461302324906,183.84776310850236,223.74337368352585,39.89561057502348,184.9127823656466,213.63948179230545,196.7427680495345,27.30496453900709,0.08558708496213895,104,edge_window|pyin_probability_below_0.5|voicing_disagreement|pitch_difference_over_1_semitone,
yof_02436_00656157829,yof_02436,2.7306666666666666,274,153,55.839416058394164,181.73609144327253,150.19585059339548,221.17346184722248,70.977611253827,159.12696062960518,209.2436829178911,182.34106373787796,11.678832116788321,0.20227270700330255,130,edge_window|pyin_probability_below_0.5|voicing_disagreement|pitch_difference_over_1_semitone|possible_octave_disagreement,
yof_02436_00691876145,yof_02436,2.56,256,138,53.90625,196.4757111190233,152.82122781686914,258.50251019256234,105.6812823756932,153.70651218352927,242.79937299980904,194.56932197365498,27.34375,0.13471294992236607,75,edge_window|pyin_probability_below_0.5|voicing_disagreement|pitch_difference_over_1_semitone,
yof_02436_01200814924,yof_02436,4.096,410,317,77.3170731707317,185.98397121658357,155.49249582586248,258.50251019256234,103.01001436669986,160.79049622622165,239.25455654648556,184.86245445816718,29.024390243902438,0.1731016838051761,206,edge_window|pyin_probability_below_0.5|voicing_disagreement|pitch_difference_over_1_semitone|possible_octave_disagreement,
yof_02436_01208289328,yof_02436,5.888,589,260,44.14261460101868,189.23491376948436,145.07962854192903,331.3857631030082,186.30613456107915,149.28778204765382,280.2753675911423,188.47418519181144,13.921901528013583,0.1730143652557324,187,edge_window|pyin_probability_below_0.5|voicing_disagreement|pitch_difference_over_1_semitone,
yof_02436_01809127750,yof_02436,4.693333333333333,470,348,74.04255319148936,184.9127823656466,147.61557577921405,249.6969657132611,102.08138993404705,152.82122781686914,231.63366671648822,185.29725423558153,26.170212765957448,0.17776200736401382,237,edge_window|voicing_disagreement|pyin_probability_below_0.5|pitch_difference_over_1_semitone|possible_octave_disagreement,
yof_02436_02010584865,yof_02436,4.949333333333334,495,377,76.16161616161617,187.0613654014066,152.82122781686914,273.87386934825736,121.05264153138822,155.49249582586248,231.63366671648822,184.41129713852325,34.94949494949495,0.1620952478106327,197,edge_window|pyin_probability_below_0.5|voicing_disagreement|pitch_difference_over_1_semitone,
yof_02436_02038636916,yof_02436,2.304,231,178,77.05627705627705,201.6488190383855,162.84637702113662,231.63366671648822,68.7872896953516,166.50875328496616,225.23505195090647,202.84186859122843,48.05194805194805,0.09141920370442594,76,edge_window|pyin_probability_below_0.5|voicing_disagreement|pitch_difference_over_1_semitone,
yof_04310_00141945315,yof_04310,3.925333333333333,393,307,78.11704834605598,209.96928336801093,147.61557577921405,285.17449472060275,137.5589189413887,151.06592630451914,273.87386934825736,210.65153369664066,25.699745547073793,0.23127144745236017,213,edge_window|pyin_probability_below_0.5|voicing_disagreement|pitch_difference_over_1_semitone,
yof_04310_00338359348,yof_04310,1.792,180,136,75.55555555555556,238.4210512332145,208.75994928447787,261.5061646776419,52.74621539316402,209.66694984712768,257.38586151695534,231.37544067717639,43.888888888888886,0.07570621033304475,66,edge_window|pyin_probability_below_0.5|voicing_disagreement|pitch_difference_over_1_semitone,
yof_04310_00896135803,yof_04310,2.1333333333333333,214,158,73.83177570093457,216.12185299712482,188.14500086724917,255.5333556217653,67.38835475451614,200.48740730303228,252.59830469993753,217.31074346854973,15.42056074766355,0.21833932536592454,136,edge_window|pyin_probability_below_0.5|voicing_disagreement|pitch_difference_over_1_semitone,
yof_04310_00904609684,yof_04310,2.816,282,206,73.04964539007092,210.5774532103161,147.61557577921405,327.579472972667,179.96389719345296,150.19585059339548,256.6627440245367,197.93380651422166,12.76595744680851,0.32955706543807906,175,pyin_probability_below_0.5|edge_window|voicing_disagreement|pitch_difference_over_1_semitone,
yof_04310_00967300235,yof_04310,1.792,180,133,73.88888888888889,202.8169587634771,175.5454930018647,239.8022103323442,64.25671733047949,178.2024778529595,236.22866994483977,198.26146149770386,16.11111111111111,0.23801931113472366,113,edge_window|pyin_probability_below_0.5|voicing_disagreement|pitch_difference_over_1_semitone,
yof_04310_01165246344,yof_04310,3.328,333,204,61.261261261261254,195.90826859169485,141.7660052464835,231.63366671648822,89.86766147000472,147.61557577921405,228.77530890957834,193.32610356583,13.813813813813814,0.3247792809646215,165,edge_window|pyin_probability_below_0.5|voicing_disagreement|pitch_difference_over_1_semitone,
yof_04310_01174196641,yof_04310,1.9626666666666666,197,156,79.18781725888326,226.9987427112612,144.24403136881983,266.0772119191614,121.83318055034158,149.97958448245024,257.013645291753,231.28699053787463,34.51776649746193,0.1644410573279439,98,edge_window|pyin_probability_below_0.5|voicing_disagreement|pitch_difference_over_1_semitone,
yof_04310_01265456913,yof_04310,2.3893333333333335,239,195,81.58995815899581,222.45470667747657,144.24403136881983,269.16888019875813,124.9248488299383,148.4707041104003,263.93790171069827,222.71970365761754,18.410041841004183,0.26726812008010037,161,edge_window|pyin_probability_below_0.5|voicing_disagreement|pitch_difference_over_1_semitone,
yof_04310_01491615865,yof_04310,2.304,231,216,93.5064935064935,199.33268480704808,74.23535205520015,255.5333556217653,181.29800356656517,74.66539307480728,245.76272883471398,207.54377995155482,30.303030303030305,0.1297272151128159,147,edge_window|pyin_probability_below_0.5|voicing_disagreement|pitch_difference_over_1_semitone,
yof_04310_01892910806,yof_04310,2.9013333333333335,291,255,87.62886597938144,219.8995964441766,74.23535205520015,266.0772119191614,191.84185986396125,75.09792529669774,263.0210544784999,227.2276553160612,27.835051546391753,0.15588660656520023,177,edge_window|pyin_probability_below_0.5|voicing_disagreement|pitch_difference_over_1_semitone|possible_octave_disagreement,
yof_06136_00616155826,yof_06136,3.072,308,262,85.06493506493507,228.31373305026437,73.38268631239852,298.66157229922914,225.27888598683063,73.80778788960703,281.8989862783688,241.79171860533557,29.87012987012987,0.11754150101893482,174,pyin_probability_below_0.5|edge_window|voicing_disagreement|pitch_difference_over_1_semitone,
yof_06136_00877626961,yof_06136,8.021333333333333,803,700,87.17310087173101,184.9127823656466,73.38268631239852,302.13185260903833,228.74916629663983,74.66539307480728,264.5447199466984,219.04356478885086,31.133250311332503,0.13169556115927666,454,pyin_probability_below_0.5|edge_window|voicing_disagreement|pitch_difference_over_1_semitone,
yof_06136_00931220222,yof_06136,2.3893333333333335,239,193,80.75313807531381,227.65433896553014,164.73856077731807,296.94140822080067,132.2028474434826,187.0613654014066,272.296471933363,228.53594899115075,37.23849372384937,0.18065001314676876,100,edge_window|pyin_probability_below_0.5|voicing_disagreement|pitch_difference_over_1_semitone,
yof_06136_00981963925,yof_06136,4.181333333333333,419,324,77.32696897374701,216.12185299712482,72.96003314010925,316.4209135543536,243.46088041424434,75.09792529669774,284.92812208645734,216.57137875734608,39.856801909307876,0.20247494552384065,162,edge_window|pyin_probability_below_0.5|voicing_disagreement|pitch_difference_over_1_semitone,
yof_06136_01063669619,yof_06136,3.072,308,199,64.6103896103896,212.40900892134297,139.33055012971812,349.06885072286843,209.7383005931503,149.33078614961454,347.05836208420885,211.540360477788,44.48051948051948,0.09429642382712858,67,edge_window|pyin_probability_below_0.5|voicing_disagreement|pitch_difference_over_1_semitone,
yof_06136_01085823195,yof_06136,5.973333333333334,598,407,68.06020066889631,203.99186545315516,148.4707041104003,281.8989862783688,133.4282821679685,165.6928815515041,259.1040935875259,203.55895771888908,34.11371237458194,0.14413360047952922,219,edge_window|pyin_probability_below_0.5|voicing_disagreement|pitch_difference_over_1_semitone|praat_near_search_limit|possible_octave_disagreement,
yof_06136_01151773106,yof_06136,3.498666666666667,350,294,84.0,212.40900892134297,173.52918104210445,273.87386934825736,100.3446883061529,179.64867439581087,257.5347480070362,207.76035596506318,52.857142857142854,0.1214466977699967,113,edge_window|pyin_probability_below_0.5|voicing_disagreement|pitch_difference_over_1_semitone,
yof_06136_01387293319,yof_06136,4.010666666666666,402,334,83.08457711442786,198.18461302324906,158.21045677717683,318.2539212592103,160.04346448203347,164.73856077731807,278.66110025943624,194.17931583664955,35.57213930348259,0.179148413929874,188,edge_window|pyin_probability_below_0.5|voicing_disagreement|pitch_difference_over_1_semitone,
yof_06136_01760701628,yof_06136,5.290666666666667,530,430,81.13207547169812,200.48740730303228,162.84637702113662,337.17828420926253,174.3319071881259,175.5454930018647,298.66157229922914,198.7526865360779,37.35849056603774,0.17094007012779955,234,edge_window|pyin_probability_below_0.5|voicing_disagreement|pitch_difference_over_1_semitone,
yof_06136_01956124024,yof_06136,4.010666666666666,402,289,71.8905472636816,195.90826859169485,120.59568520237023,331.3857631030082,210.79007790063793,157.66372166997556,304.93830723061245,195.44943070066307,27.36318407960199,0.1666424571744854,185,edge_window|pyin_probability_below_0.5|voicing_disagreement|pitch_difference_over_1_semitone,
yof_09697_00041565012,yof_09697,3.498666666666667,350,225,64.28571428571429,203.99186545315516,65.0,248.25881701670832,183.25881701670832,65.98513997206537,236.7747879983708,209.2645705553863,33.142857142857146,0.1199111599022458,110,near_pyin_floor|pyin_probability_below_0.5|edge_window|voicing_disagreement|pitch_difference_over_1_semitone,Some F0 estimates lie within 5% of a search limit; inspect range sensitivity.
yof_09697_00099367593,yof_09697,3.328,333,209,62.76276276276276,211.18562305262122,72.53981427096451,254.06159179290393,181.5217775219394,74.66539307480728,228.9731271349986,211.8791513311553,32.432432432432435,0.09270087072206581,102,edge_window|pyin_probability_below_0.5|voicing_disagreement|pitch_difference_over_1_semitone,
yof_09697_00132648621,yof_09697,5.034666666666666,504,358,71.03174603174604,205.1735783080468,163.7897364863335,281.8989862783688,118.10924979203529,170.54805357686834,257.013645291753,200.09072798580215,39.285714285714285,0.10624017000389256,165,edge_window|voicing_disagreement|pyin_probability_below_0.5|pitch_difference_over_1_semitone|possible_octave_disagreement,
yof_09697_00498508152,yof_09697,3.584,359,199,55.43175487465181,183.84776310850236,158.21045677717683,257.013645291753,98.80318851457616,161.90845090664698,251.14344552045984,182.71478823106582,22.56267409470752,0.11716862334629022,124,edge_window|pyin_probability_below_0.5|voicing_disagreement|pitch_difference_over_1_semitone|possible_octave_disagreement,
yof_09697_00503862354,yof_09697,4.437333333333333,444,284,63.96396396396396,211.18562305262122,70.88300262324175,263.0210544784999,192.13805185525814,73.38268631239852,257.013645291753,212.99437126671256,36.486486486486484,0.08850035778032439,126,edge_window|pyin_probability_below_0.5|voicing_disagreement|pitch_difference_over_1_semitone,
yof_09697_00984469114,yof_09697,3.4133333333333336,342,218,63.74269005847953,204.58272188060099,171.53602840047625,248.25881701670832,76.72278861623207,174.38363871353476,237.04784702513638,205.72506051105512,37.42690058479532,0.10113411932691646,98,edge_window|voicing_disagreement|praat_near_search_limit|pyin_probability_below_0.5|pitch_difference_over_1_semitone,
yof_09697_01103354325,yof_09697,5.461333333333333,547,414,75.68555758683729,203.99186545315516,154.59692495035372,239.8022103323442,85.20528538199048,164.40647227547348,228.9731271349986,200.27265170390336,34.73491773308958,0.09761774488001465,232,edge_window|pyin_probability_below_0.5|voicing_disagreement|pitch_difference_over_1_semitone,
yof_09697_01599872597,yof_09697,4.266666666666667,427,357,83.60655737704919,200.48740730303228,70.88300262324175,291.8401325604369,220.9571299371952,73.72276757416533,264.851218341191,201.7770952236767,31.381733021077284,0.13537247341165382,223,pyin_probability_below_0.5|edge_window|voicing_disagreement|pitch_difference_over_1_semitone,
yof_09697_01759056954,yof_09697,3.328,333,154,46.246246246246244,223.74337368352585,176.56241769755178,258.50251019256234,81.94009249501056,181.73609144327253,236.1604051881484,222.97585600740135,21.62162162162162,0.1718658378704348,84,edge_window|pyin_probability_below_0.5|voicing_disagreement|pitch_difference_over_1_semitone,
yof_09697_01906894462,yof_09697,3.2426666666666666,325,211,64.92307692307693,213.63948179230545,181.73609144327253,263.0210544784999,81.28496303522735,183.84776310850236,248.25881701670832,211.20819461541348,32.30769230769231,0.1162818593196297,114,edge_window|pyin_probability_below_0.5|voicing_disagreement,
yom_00295_00169173375,yom_00295,6.485333333333333,649,443,68.25885978428352,135.36407982952485,85.76801420023813,177.5852333780714,91.81721917783327,92.50995062537015,171.53602840047625,134.81165855842934,13.097072419106317,0.11880057785770021,371,edge_window|pyin_probability_below_0.5|voicing_disagreement|pitch_difference_over_1_semitone,
yom_00295_00263338725,yom_00295,3.072,308,272,88.31168831168831,140.5435884673778,101.40847938173854,281.8989862783688,180.49050689663025,107.43854136004751,280.2753675911423,139.02114317362543,19.805194805194805,0.100125398876178,215,edge_window|pyin_probability_below_0.5|voicing_disagreement|pitch_difference_over_1_semitone|possible_octave_disagreement,
yom_00295_00358190062,yom_00295,3.4133333333333336,342,226,66.08187134502924,132.2723599733492,95.71685877653417,191.43371755306833,95.71685877653417,106.97444101212643,177.5852333780714,129.5180635900751,9.941520467836257,0.1982535424032528,207,edge_window|pyin_probability_below_0.5|voicing_disagreement|pitch_difference_over_1_semitone|praat_near_search_limit,
yom_00295_00999748557,yom_00295,3.84,384,205,53.385416666666664,127.76667781088264,99.66634240352404,183.84776310850236,84.18142070497832,100.24370365151614,160.04877373483913,125.41274650368692,2.6041666666666665,0.18684259939619152,238,edge_window|pyin_probability_below_0.5|voicing_disagreement|pitch_difference_over_1_semitone|praat_near_search_limit,
yom_00295_01090465200,yom_00295,4.437333333333333,444,266,59.909909909909906,116.82515679398088,69.66527506485906,173.52918104210445,103.8639059772454,79.34300897708259,171.53602840047625,117.49269186274415,24.54954954954955,0.10882083182755403,161,pyin_probability_below_0.5|edge_window|voicing_disagreement|pitch_difference_over_1_semitone,
yom_00295_01100371474,yom_00295,5.034666666666666,504,297,58.92857142857143,133.03860595958074,103.18106837793296,161.90845090664698,58.72738252871402,106.2045044606715,158.21045677717683,133.22870576029146,10.119047619047619,0.18660737471763245,258,edge_window|pyin_probability_below_0.5|voicing_disagreement|pitch_difference_over_1_semitone,
yom_00295_01260038205,yom_00295,2.9013333333333335,291,189,64.94845360824742,135.36407982952485,106.2045044606715,190.3311404729313,84.12663601225981,110.20457130269747,182.78887791090543,136.31764922003265,8.59106529209622,0.2247004248219634,186,edge_window|pyin_probability_below_0.5|voicing_disagreement|pitch_difference_over_1_semitone,
yom_00295_01634346315,yom_00295,3.328,333,182,54.65465465465466,123.4144757235675,71.70662344064351,155.49249582586248,83.78587238521897,75.97052115648096,150.19585059339548,121.85694975606367,4.504504504504505,0.21006058907956504,195,edge_window|pyin_probability_below_0.5|voicing_disagreement|pitch_difference_over_1_semitone,
yom_00295_01761232169,yom_00295,2.304,231,207,89.6103896103896,119.9011051661721,100.24370365151614,166.65273064969477,66.40902699817863,105.167092636697,161.90845090664698,117.57788245439446,5.194805194805195,0.21146965612608803,204,edge_window|pyin_probability_below_0.5|voicing_disagreement|pitch_difference_over_1_semitone,
yom_00295_01894974080,yom_00295,3.072,308,227,73.7012987012987,132.2723599733492,105.59281152631061,165.6928815515041,60.100070025193475,108.87580214914924,163.7897364863335,132.14366311586303,22.07792207792208,0.10990907717754167,169,edge_window|pyin_probability_below_0.5|voicing_disagreement|pitch_difference_over_1_semitone,
yom_01208_00480893374,yom_01208,4.352,436,330,75.68807339449542,129.25125509628117,109.31653398298289,160.97592684906726,51.659392866084374,112.51975293079859,156.39325469067515,127.21011870817634,21.788990825688074,0.14918322125642092,246,edge_window|pyin_probability_below_0.5|voicing_disagreement|pitch_difference_over_1_semitone,
yom_01208_00587267142,yom_01208,3.498666666666667,350,189,54.0,140.13768379557115,103.77879022636449,185.98397121658357,82.20518099021908,104.37997464223893,178.6139741695516,147.60854550135986,10.857142857142858,0.1404869561591836,161,edge_window|pyin_probability_below_0.5|voicing_disagreement|pitch_difference_over_1_semitone,
yom_01208_00717404914,yom_01208,4.693333333333333,470,249,52.97872340425533,141.7660052464835,113.82716948276507,216.12185299712482,102.29468351435975,115.81683335824411,197.27407525062736,142.43985831842681,19.148936170212767,0.16586676412544216,167,edge_window|pyin_probability_below_0.5|voicing_disagreement|pitch_difference_over_1_semitone,
yom_01208_00740667051,yom_01208,4.522666666666667,453,349,77.04194260485652,137.7302022667084,65.0,184.9127823656466,119.91278236564659,85.28583569496914,163.7897364863335,137.7280403028472,23.841059602649008,0.13408872535013594,249,edge_window|pyin_probability_below_0.5|voicing_disagreement|pitch_difference_over_1_semitone|near_pyin_floor,Some F0 estimates lie within 5% of a search limit; inspect range sensitivity.
yom_01208_00784200761,yom_01208,2.7306666666666666,274,176,64.23357664233576,134.19686543151653,65.0,182.78887791090543,117.78887791090543,65.0,176.8181216176817,134.25898724399462,15.693430656934307,0.12332054085050223,142,edge_window|pyin_probability_below_0.5|voicing_disagreement|pitch_difference_over_1_semitone|near_pyin_floor,Some F0 estimates lie within 5% of a search limit; inspect range sensitivity.
yom_01208_00896307834,yom_01208,2.7306666666666666,274,151,55.1094890510949,123.4144757235675,65.0,167.61814009714527,102.61814009714527,65.0,163.7897364863335,125.29507987986709,28.83211678832117,0.11473352023907055,80,edge_window|pyin_probability_below_0.5|voicing_disagreement|pitch_difference_over_1_semitone|near_pyin_floor,Some F0 estimates lie within 5% of a search limit; inspect range sensitivity.
yom_01208_01142657335,yom_01208,3.4133333333333336,342,304,88.88888888888889,140.9494931391844,78.64961579925402,192.54268179725335,113.89306599799933,82.440854446723,179.64867439581087,144.57915851271417,22.80701754385965,0.1666887364974427,224,edge_window|pyin_probability_below_0.5|voicing_disagreement|pitch_difference_over_1_semitone,
yom_01208_01278650394,yom_01208,2.6453333333333333,265,153,57.73584905660377,139.33055012971812,65.0,199.33268480704808,134.33268480704808,65.0,173.5465841193065,139.39816466612098,17.735849056603772,0.15856009117414852,117,edge_window|pyin_probability_below_0.5|pitch_difference_over_1_semitone|voicing_disagreement|near_pyin_floor,Some F0 estimates lie within 5% of a search limit; inspect range sensitivity.
yom_01208_01404835296,yom_01208,3.328,333,243,72.97297297297297,142.58724736030138,65.0,189.23491376948436,124.23491376948436,65.0,167.33018216516248,141.4588047500078,15.015015015015015,0.21070565042885353,202,edge_window|pyin_probability_below_0.5|voicing_disagreement|pitch_difference_over_1_semitone|near_pyin_floor,Some F0 estimates lie within 5% of a search limit; inspect range sensitivity.
yom_01208_01663739947,yom_01208,4.522666666666667,453,300,66.22516556291392,141.35774919283395,65.0,168.58914210463126,103.58914210463126,82.84644077575204,158.21045677717683,142.1643414857088,22.075055187637968,0.12094853143307438,207,edge_window|pyin_probability_below_0.5|voicing_disagreement|pitch_difference_over_1_semitone|near_pyin_floor,Some F0 estimates lie within 5% of a search limit; inspect range sensitivity.
yom_01523_00116259153,yom_01523,2.7306666666666666,274,187,68.24817518248175,113.17157322849613,65.0,143.41324688128702,78.41324688128702,66.1361799866746,141.7660052464835,117.60310757100882,8.394160583941606,0.136041695876171,166,pyin_probability_below_0.5|edge_window|voicing_disagreement|near_pyin_floor,Some F0 estimates lie within 5% of a search limit; inspect range sensitivity.
yom_01523_00312896002,yom_01523,4.010666666666666,402,236,58.70646766169154,124.84848285663055,65.0,163.7897364863335,98.78973648633351,65.0,153.70651218352927,130.29815147735098,14.17910447761194,0.19681609990580984,187,near_pyin_floor|pyin_probability_below_0.5|edge_window|voicing_disagreement|pitch_difference_over_1_semitone,Some F0 estimates lie within 5% of a search limit; inspect range sensitivity.
yom_01523_00387763688,yom_01523,7.594666666666667,760,559,73.55263157894737,111.2273533387383,65.0,170.54805357686834,105.54805357686834,97.3899599969843,149.41729259399264,110.74771650598143,14.078947368421053,0.16654981389761303,481,near_pyin_floor|pyin_probability_below_0.5|edge_window|voicing_disagreement|pitch_difference_over_1_semitone|possible_octave_disagreement,Some F0 estimates lie within 5% of a search limit; inspect range sensitivity.
yom_01523_00447820718,yom_01523,3.7546666666666666,376,201,53.45744680851063,113.82716948276507,65.0,136.14823596668148,71.14823596668148,94.07250043362458,126.29915234996876,113.2894111743941,3.9893617021276597,0.13332870790461687,212,edge_window|pyin_probability_below_0.5|voicing_disagreement|pitch_difference_over_1_semitone|near_pyin_floor,Some F0 estimates lie within 5% of a search limit; inspect range sensitivity.
yom_01523_00762007073,yom_01523,7.168,717,643,89.6792189679219,103.77879022636449,87.26721268071712,163.7897364863335,76.52252380561639,89.82433719790544,146.76537262479707,106.13764233489933,6.4156206415620645,0.16430774525167738,599,pyin_probability_below_0.5|edge_window|voicing_disagreement|pitch_difference_over_1_semitone|possible_octave_disagreement,
yom_01523_01346428924,yom_01523,4.266666666666667,427,326,76.34660421545667,128.13675022837958,65.0,152.82122781686914,87.82122781686914,65.0,149.33078614961454,130.97888552379794,29.508196721311474,0.09328612945437596,208,edge_window|near_pyin_floor|pyin_probability_below_0.5|voicing_disagreement|pitch_difference_over_1_semitone,Some F0 estimates lie within 5% of a search limit; inspect range sensitivity.
yom_01523_01458350798,yom_01523,4.693333333333333,470,341,72.5531914893617,122.70366064862014,65.0,160.04877373483913,95.04877373483913,92.4563911828233,150.19585059339548,117.89186479137472,6.170212765957447,0.1342676335862738,321,edge_window|pyin_probability_below_0.5|voicing_disagreement|pitch_difference_over_1_semitone|near_pyin_floor,Some F0 estimates lie within 5% of a search limit; inspect range sensitivity.
yom_01523_01656064431,yom_01523,5.12,512,400,78.125,100.24370365151614,65.0,206.36213675586595,141.36213675586595,87.16755338610298,161.9553472123714,100.924396028859,3.515625,0.19460820436159493,402,edge_window|near_pyin_floor|pyin_probability_below_0.5|voicing_disagreement|pitch_difference_over_1_semitone,Some F0 estimates lie within 5% of a search limit; inspect range sensitivity.
yom_01523_02042697707,yom_01523,5.205333333333333,521,354,67.94625719769674,117.16256013940793,86.76459052105223,202.8169587634771,116.05236824242486,91.92388155425118,174.88829903558488,117.17352604762173,9.213051823416507,0.20039364883178779,315,edge_window|pyin_probability_below_0.5|voicing_disagreement|pitch_difference_over_1_semitone,
yom_01523_02091535034,yom_01523,7.168,717,478,66.66666666666666,124.12940850835416,65.0,168.58914210463126,103.58914210463126,89.82433719790544,150.19585059339548,124.77646142394323,7.810320781032078,0.17497248719814007,433,edge_window|pyin_probability_below_0.5|voicing_disagreement|pitch_difference_over_1_semitone|near_pyin_floor,Some F0 estimates lie within 5% of a search limit; inspect range sensitivity.
yom_07049_00667014222,yom_07049,4.181333333333333,419,206,49.16467780429594,147.61557577921405,108.06092649856241,171.53602840047625,63.475101901913845,118.52392351256819,165.93698210885447,146.9651580032154,10.739856801909308,0.1668370883280228,173,edge_window|voicing_disagreement|pyin_probability_below_0.5|pitch_difference_over_1_semitone|possible_octave_disagreement,
yom_07049_00676007103,yom_07049,6.144,615,407,66.17886178861788,154.59692495035372,72.12201568440993,252.59830469993753,180.47628901552758,75.22843665336629,235.68255189130872,170.34450849638193,21.13821138211382,0.10110298538989984,288,edge_window|pyin_probability_below_0.5|voicing_disagreement|pitch_difference_over_1_semitone,
yom_07049_00727404490,yom_07049,5.546666666666667,555,443,79.81981981981981,149.33078614961454,65.0,307.41302436705854,242.41302436705854,76.41061390843457,256.57211123257133,147.89889691320616,20.72072072072072,0.17392436304294573,330,pyin_probability_below_0.5|edge_window|voicing_disagreement|near_pyin_floor|pitch_difference_over_1_semitone,Some F0 estimates lie within 5% of a search limit; inspect range sensitivity.
yom_07049_00866136075,yom_07049,3.1573333333333333,316,158,50.0,163.7897364863335,74.23535205520015,225.0395058615972,150.80415380639704,76.78685976426513,218.8230472376974,170.1998218777473,8.860759493670885,0.22857327929830595,158,edge_window|pyin_probability_below_0.5|voicing_disagreement|pitch_difference_over_1_semitone|possible_octave_disagreement,
yom_07049_00939672341,yom_07049,4.010666666666666,402,151,37.56218905472637,138.52806521170294,106.81974089615274,206.36213675586595,99.54239585971321,109.31835764979726,182.262484677089,136.81554068060836,3.9800995024875623,0.17857486518807247,166,edge_window|pyin_probability_below_0.5|voicing_disagreement|pitch_difference_over_1_semitone|possible_octave_disagreement,
yom_07049_00985777771,yom_07049,4.352,436,255,58.48623853211009,154.59692495035372,123.4144757235675,232.97550689710764,109.56103117354013,124.84848285663055,228.9731271349986,152.13573795303813,15.825688073394495,0.2363064640743202,224,edge_window|pyin_probability_below_0.5|pitch_difference_over_1_semitone|possible_octave_disagreement|voicing_disagreement,
yom_07049_01002258700,yom_07049,4.266666666666667,427,202,47.306791569086656,145.9200662802185,75.09792529669774,254.06159179290393,178.9636664962062,75.99252579407863,226.34314645699226,145.78374988116775,6.791569086651054,0.2663882590565882,196,edge_window|pyin_probability_below_0.5|voicing_disagreement|pitch_difference_over_1_semitone,
yom_07049_01135577802,yom_07049,3.584,359,202,56.26740947075209,141.7660052464835,119.21052561660726,193.6580702059513,74.44754458934405,119.93583416798201,188.03694938471585,141.35236720745823,11.977715877437326,0.15957271387299699,163,edge_window|pyin_probability_below_0.5|voicing_disagreement|pitch_difference_over_1_semitone,
yom_07049_01273855916,yom_07049,4.096,410,197,48.048780487804876,143.41324688128702,118.52392351256819,227.65433896553014,109.13041545296196,120.59568520237023,213.88700197786335,145.11124484397578,9.512195121951219,0.24312124805350205,170,edge_window|pyin_probability_below_0.5|voicing_disagreement|pitch_difference_over_1_semitone,
yom_07049_01994824495,yom_07049,3.7546666666666666,376,213,56.64893617021277,134.5844400993791,67.29222004968955,161.90845090664698,94.61623085695743,74.0643263889629,158.21045677717683,143.99148070642184,17.02127659574468,0.09490158774242098,153,edge_window|pyin_probability_below_0.5|voicing_disagreement|pitch_difference_over_1_semitone|near_pyin_floor,Some F0 estimates lie within 5% of a search limit; inspect range sensitivity.
yom_07508_00242160806,yom_07508,1.4506666666666668,146,125,85.61643835616438,89.3069870847758,73.38268631239852,158.21045677717683,84.82777046477831,73.80778788960703,156.2131029177126,132.15761852565674,11.643835616438356,0.1704853198228457,118,pyin_probability_below_0.5|edge_window|voicing_disagreement|pitch_difference_over_1_semitone,
yom_07508_00813365935,yom_07508,2.474666666666667,248,175,70.56451612903226,116.48775344855382,97.3899599969843,184.9127823656466,87.52282236866229,99.49413163595419,179.64867439581087,114.75800425077017,14.516129032258064,0.09490101732410366,145,edge_window|pyin_probability_below_0.5|voicing_disagreement|pitch_difference_over_1_semitone,
yom_07508_00859742057,yom_07508,2.474666666666667,248,183,73.79032258064517,123.4144757235675,77.74624791293124,144.24403136881983,66.4977834558886,88.28120884877589,136.85806480338394,122.7314144017972,7.661290322580645,0.17453423970574358,173,edge_window|voicing_disagreement|pyin_probability_below_0.5|pitch_difference_over_1_semitone,
yom_07508_00965345335,yom_07508,2.048,205,162,79.02439024390245,122.70366064862014,94.61745688474217,163.7897364863335,69.17227960159134,108.25146451572243,160.92956919335586,122.91871163283392,19.024390243902438,0.12200431799567965,131,edge_window|pyin_probability_below_0.5|voicing_disagreement|pitch_difference_over_1_semitone,
yom_07508_00981058538,yom_07508,2.3893333333333335,239,205,85.77405857740585,124.84848285663055,89.82433719790544,167.61814009714527,77.79380289923984,93.0997250267741,165.50201739666687,123.68289131106967,20.0836820083682,0.1334509457448838,162,edge_window|pyin_probability_below_0.5|voicing_disagreement|pitch_difference_over_1_semitone,
yom_07508_01340339424,yom_07508,4.181333333333333,419,373,89.02147971360382,103.18106837793296,81.42318851056831,172.52972650401387,91.10653799344556,85.27402678843417,143.41324688128702,102.07238736366507,5.250596658711217,0.17853349682415565,363,edge_window|pyin_probability_below_0.5|voicing_disagreement|pitch_difference_over_1_semitone,
yom_07508_01439327770,yom_07508,1.536,154,117,75.97402597402598,133.03860595958074,65.0,178.6139741695516,113.6139741695516,65.0,172.72961741163198,127.10219580852328,16.233766233766232,0.13839086155568636,107,edge_window|pyin_probability_below_0.5|voicing_disagreement|pitch_difference_over_1_semitone|near_pyin_floor,Some F0 estimates lie within 5% of a search limit; inspect range sensitivity.
yom_07508_01795437934,yom_07508,4.010666666666666,402,328,81.59203980099502,108.06092649856241,75.09792529669774,154.59692495035372,79.49899965365599,84.46548077117176,139.85518701252258,108.58189195840092,4.2288557213930345,0.18962012352031554,329,edge_window|pyin_probability_below_0.5|voicing_disagreement|pitch_difference_over_1_semitone,
yom_07508_01950161981,yom_07508,1.536,154,96,62.33766233766234,120.59568520237023,91.92388155425118,164.73856077731807,72.81467922306689,92.9919856082918,164.73856077731807,117.97819020868012,7.792207792207792,0.2561566995443322,102,edge_window|pyin_probability_below_0.5|voicing_disagreement|pitch_difference_over_1_semitone,
yom_07508_01963431820,yom_07508,2.1333333333333333,214,194,90.65420560747664,114.4865635674993,71.70662344064351,161.90845090664698,90.20182746600346,77.74624791293124,152.55895676766048,115.8178016598089,1.4018691588785046,0.1950015019643085,201,pyin_probability_below_0.5|edge_window|voicing_disagreement|pitch_difference_over_1_semitone,
yom_08421_00307169252,yom_08421,3.84,384,310,80.72916666666666,126.29915234996876,73.80778788960703,172.52972650401387,98.72193861440684,74.66539307480728,164.73856077731807,129.4095739503466,10.416666666666666,0.15448321659076503,276,edge_window|pyin_probability_below_0.5|voicing_disagreement|pitch_difference_over_1_semitone,
yom_08421_00321336704,yom_08421,3.072,308,278,90.25974025974025,128.5068226458765,72.96003314010925,177.5852333780714,104.62520023796215,74.23535205520015,165.1704976752921,137.04882735523097,12.337662337662337,0.13060860231391797,241,pyin_probability_below_0.5|edge_window|voicing_disagreement|pitch_difference_over_1_semitone,
yom_08421_00493295037,yom_08421,4.778666666666667,478,332,69.4560669456067,134.19686543151653,73.80778788960703,187.0613654014066,113.25357751179956,75.09792529669774,181.73609144327253,136.76600892437745,16.10878661087866,0.16009307135107217,270,edge_window|pyin_probability_below_0.5|voicing_disagreement|pitch_difference_over_1_semitone|possible_octave_disagreement,
yom_08421_00603010627,yom_08421,5.461333333333333,547,457,83.54661791590493,151.06592630451914,73.38268631239852,188.14500086724917,114.76231455485065,74.66539307480728,177.5852333780714,151.77348361339392,21.02376599634369,0.1234519931021977,360,edge_window|pyin_probability_below_0.5|voicing_disagreement|pitch_difference_over_1_semitone,
yom_08421_01106977022,yom_08421,9.386666666666667,939,649,69.1160809371672,114.4865635674993,65.0,172.52972650401387,107.52972650401387,90.34468428975191,140.13768379557115,114.92487326885589,20.02129925452609,0.13732521634694803,464,edge_window|pyin_probability_below_0.5|voicing_disagreement|pitch_difference_over_1_semitone|near_pyin_floor,Some F0 estimates lie within 5% of a search limit; inspect range sensitivity.
yom_08421_01180079847,yom_08421,6.314666666666667,632,578,91.45569620253164,137.7302022667084,73.80778788960703,208.75994928447787,134.95216139487084,75.09792529669774,176.56241769755178,140.3237281116123,38.13291139240506,0.07337531554724108,342,edge_window|pyin_probability_below_0.5|voicing_disagreement|pitch_difference_over_1_semitone,
yom_08421_01191226543,yom_08421,3.2426666666666666,325,305,93.84615384615384,130.75308233882095,73.38268631239852,183.84776310850236,110.46507679610384,74.23535205520015,173.32929013448634,149.91219546860506,17.23076923076923,0.1434642443153743,248,pyin_probability_below_0.5|edge_window|voicing_disagreement|pitch_difference_over_1_semitone,
yom_08421_01200800536,yom_08421,4.522666666666667,453,381,84.10596026490066,124.84848285663055,73.80778788960703,175.5454930018647,101.73770511225769,74.66539307480728,166.65273064969477,143.6775213154223,11.258278145695364,0.14396684385377045,332,edge_window|pyin_probability_below_0.5|voicing_disagreement|pitch_difference_over_1_semitone,
yom_08421_01373096942,yom_08421,4.522666666666667,453,312,68.87417218543047,128.87903887107882,95.71685877653417,165.6928815515041,69.97602277496992,98.52157682317586,161.90845090664698,129.012187138385,27.1523178807947,0.10507180058515582,198,edge_window|pyin_probability_below_0.5|voicing_disagreement|pitch_difference_over_1_semitone,
yom_08421_01497838425,yom_08421,3.2426666666666666,325,266,81.84615384615384,94.34497865918337,72.53981427096451,199.33268480704808,126.79287053608357,74.66539307480728,187.87409200078852,128.1814086246029,2.769230769230769,0.2598262939629865,254,pyin_probability_below_0.5|edge_window|voicing_disagreement|pitch_difference_over_1_semitone,
