speaker_id,clips,pyin_median_hz,pyin_p05_hz,pyin_p95_hz,praat_median_hz,pyin_voiced_percent,relative_p05_st,relative_p95_st,clip_median_f0_sd_hz
yof_01208,10,203.99186545315516,146.72310730756814,270.72815965904965,201.87495502180153,67.69769477677269,-5.704999999999997,4.900000000000001,18.03405337918259
yof_02121,10,190.3311404729313,146.76537262479707,252.59830469993753,186.4969990454118,57.25867747656448,-4.500000000000001,4.899999999999999,12.131492538448025
yof_02436,10,190.3311404729313,158.21045677717683,232.97550689710764,189.33205308392232,65.64802182810368,-3.2000000000000006,3.4999999999999982,9.855784303191497
yof_04310,10,213.63948179230545,148.4707041104003,258.50251019256234,214.6802880610269,77.4015748031496,-6.299999999999997,3.3000000000000034,12.533878545889964
yof_06136,10,206.36213675586595,75.09792529669774,285.17449472060275,209.90185801224942,78.73365450791466,-17.500000000000004,5.6,13.2357250282783
yof_09697,10,205.1735783080468,78.83186083498778,251.14344552045984,207.0712363491973,66.32189707366297,-16.56,3.4999999999999982,9.790315960040061
yom_00295,10,129.25125509628117,104.37997464223893,172.52972650401387,128.60574341622532,66.26251976805483,-3.700000000000003,5.0,7.14945598935138
yom_01208,10,137.7302022667084,81.09532187179998,173.52918104210445,138.0422894090655,66.95890410958904,-9.170000000000002,3.9999999999999973,5.972816359962762
yom_01523,10,113.82716948276507,88.28120884877589,151.06592630451914,116.02016536292578,71.96676970633693,-4.4,4.899999999999999,8.78084884863176
yom_07049,10,146.76537262479707,75.97052115648096,226.8020638349804,148.79477495316257,56.407879490150634,-11.400000000000002,7.534999999999988,8.177795676684527
yom_07508,10,115.81683335824411,79.10522838858842,160.04877373483913,114.98531042403579,80.60930424042816,-6.599999999999998,5.600000000000002,11.960521030376578
yom_08421,10,128.5068226458765,74.66539307480728,174.53442536143424,134.8873754760367,79.85136251032205,-9.4,5.299999999999999,14.120627167631485
