timestamp_s,window_start_s,window_end_s,edge_padded,f0_hz,voiced,voicing_probability,relative_pitch_semitones,rms_amplitude,rms_dbfs,praat_timestamp_s,praat_time_offset_s,praat_f0_hz,praat_voiced,praat_strength,absolute_difference_hz,signed_difference_semitones,flags,praat_relative_semitones,agreement_screen_pass
0.0,0.0,0.042666666666666665,True,245.40732129724032,True,0.24075439447557428,2.999999999999999,0.042000708063841805,-27.53486776079091,,,,,,,,pyin_probability_below_0.5|edge_window,,False
0.01,0.0,0.05266666666666667,True,243.99387913449723,True,0.42606232904328145,2.9,0.047271805560158496,-26.50795618756217,,,,,,,,pyin_probability_below_0.5|edge_window,,False
0.02,0.0,0.06266666666666666,True,242.58857779956992,True,0.5485250542599844,2.799999999999997,0.052938087753846993,-25.524635009447287,0.02500000000000002,0.005000000000000018,246.41023014437988,True,0.9685987726783812,3.821652344809962,-0.27060635985167686,edge_window,1.4569962046027358,False
0.03,0.0,0.07266666666666667,True,242.58857779956992,True,0.5485250542599844,2.799999999999997,0.05812253306082508,-24.71310933608098,0.02500000000000002,-0.00499999999999998,246.41023014437988,True,0.9685987726783812,3.821652344809962,-0.27060635985167686,edge_window,1.4569962046027358,False
0.04,0.0,0.08266666666666667,True,243.99387913449723,True,0.615949885458068,2.9,0.06335420728562272,-23.964490775750605,0.03500000000000002,-0.004999999999999984,242.4713102006674,True,0.9848469828028822,1.522568933829831,0.10837082880073623,edge_window,1.1780190159503234,False
0.05,0.007333333333333333,0.09266666666666666,False,246.828951447135,True,0.27960516533635893,3.0999999999999988,0.07843997544821413,-22.109251018776245,0.04500000000000002,-0.004999999999999984,240.052582244469,True,0.9958890193999086,6.776369202666018,0.4819340173219049,pyin_probability_below_0.5,1.0044558274291562,False
0.06,0.017333333333333333,0.10266666666666667,False,248.25881701670832,True,0.48498680771591124,3.2,0.0949102183183049,-20.453740552222463,0.05500000000000002,-0.004999999999999977,240.95925295001962,True,0.9912415563859271,7.299564066688703,0.5166690512290318,pyin_probability_below_0.5,1.0697207935220272,False
0.07,0.027333333333333334,0.11266666666666666,False,248.25881701670832,True,0.5485250542599844,3.2,0.1045754007977003,-19.61140924517451,0.06500000000000002,-0.0049999999999999906,243.2520747783749,True,0.9803820631769631,5.00674223833343,0.3527141555909973,,1.233675689160063,True
0.08,0.037333333333333336,0.12266666666666666,False,248.25881701670832,True,0.615949885458068,3.2,0.11178208557903489,-19.032555835533643,0.07500000000000002,-0.004999999999999977,246.39820038841992,True,0.9715219802273589,1.8606166282883976,0.1302388498417335,,1.4561509949093283,True
0.09,0.04733333333333333,0.13266666666666665,False,246.828951447135,True,0.6860828109301793,3.0999999999999988,0.12013703041050115,-18.406462146004014,0.08500000000000002,-0.004999999999999977,249.07897567061812,True,0.9512787220839033,2.250024223483109,-0.15709953658472456,,1.643489381335784,True
0.1,0.05733333333333333,0.14266666666666666,False,246.828951447135,True,0.6860828109301794,3.0999999999999988,0.12523602128768188,-18.045414764930698,0.09500000000000003,-0.004999999999999977,249.10741446844278,True,0.9376154604618369,2.278463021307772,-0.15907607452861822,,1.6454659192796788,True
0.11,0.06733333333333333,0.15266666666666667,False,246.828951447135,True,0.7571601330199093,3.0999999999999988,0.12906190794785563,-17.7840383783946,0.10500000000000002,-0.004999999999999977,247.03402252740975,True,0.9542813352161982,0.20507108027473464,-0.014377512620483628,,1.5007673573715423,True
0.12,0.07733333333333334,0.16266666666666665,False,246.828951447135,True,0.7571601330199094,3.0999999999999988,0.1296726975928178,-17.743029087873026,0.11500000000000002,-0.004999999999999977,245.73469311821205,True,0.9855816013938452,1.0942583289229617,0.07692083713176089,,1.409469007619298,True
0.13,0.08733333333333333,0.17266666666666666,False,246.828951447135,True,0.8266685594724996,3.0999999999999988,0.12781536266747665,-17.86833886709961,0.12500000000000003,-0.004999999999999977,245.37411124204107,True,0.9874572897218195,1.4548402050939444,0.10234297284323199,,1.3840468719078285,True
0.14,0.09733333333333333,0.18266666666666667,False,245.40732129724032,True,0.8911444948731203,2.999999999999999,0.11912061971002588,-18.48026111775284,0.135,-0.0050000000000000044,244.9374120196316,True,0.9876924293401027,0.46990927760870704,0.03318168362524392,,1.3532081611258138,True
0.15,0.10733333333333334,0.19266666666666668,False,245.40732129724032,True,0.8911444948731203,2.999999999999999,0.11411901580493547,-18.85283964957521,0.14500000000000002,-0.004999999999999977,244.76554572026103,True,0.9867286820881634,0.6417755769792848,0.0453335727192787,,1.341056272031782,True
0.16,0.11733333333333333,0.20266666666666666,False,245.40732129724032,True,0.8911444948731203,2.999999999999999,0.1092580927325289,-19.230927700622015,0.15500000000000003,-0.004999999999999977,244.81502979743632,True,0.977553404277458,0.5922914998039914,0.04183390284394939,,1.3445559419071076,True
0.17,0.12733333333333333,0.21266666666666667,False,243.99387913449723,True,0.8911444948731203,2.9,0.10359458346210716,-19.693259029656407,0.16500000000000004,-0.004999999999999977,243.77714703681897,True,0.9759531801078546,0.21673209767826052,0.01538484213235601,,1.2710050026187016,True
0.18,0.13733333333333334,0.22266666666666668,False,243.99387913449723,True,0.8911444948731203,2.9,0.0984412733703105,-20.136455543813284,0.17500000000000002,-0.004999999999999977,242.3148905558483,True,0.9881851857991008,1.6789885786489265,0.11954272371146185,,1.1668471210395979,True
0.19,0.14733333333333334,0.23266666666666666,False,243.99387913449723,True,0.8911444948731204,2.9,0.0948642775089745,-20.457945930882882,0.18500000000000003,-0.004999999999999977,241.52685421411047,True,0.99595680374023,2.4670249203867627,0.17593622707485765,,1.1104536176762019,True
0.2,0.15733333333333333,0.24266666666666667,False,241.19137040474044,True,0.9459302094659092,2.6999999999999966,0.09233520784383374,-20.692653377803975,0.19500000000000003,-0.004999999999999977,240.08732000715054,True,0.9981714698127546,1.1040503975899014,0.07942894755512692,,1.0069608971959298,True
0.21,0.16733333333333333,0.25266666666666665,False,242.58857779956992,True,0.9459302094659092,2.799999999999997,0.09316866512031478,-20.61460253693905,0.20500000000000002,-0.004999999999999977,239.66215424731092,True,0.9992025054287308,2.9264235522589956,0.21011419775889323,,0.9762756469921625,True
0.22,0.17733333333333334,0.26266666666666666,False,241.19137040474044,True,0.9459302094659092,2.6999999999999966,0.09300722744844916,-20.629666035583814,0.21500000000000002,-0.004999999999999977,240.7226469720593,True,0.9987544433675011,0.4687234326811449,0.033676971114290154,,1.0527128736367648,True
0.23,0.18733333333333332,0.27266666666666667,False,241.19137040474044,True,0.9459302094659092,2.6999999999999966,0.09329151846423794,-20.603156761000374,0.22500000000000003,-0.004999999999999977,241.9967624062742,True,0.999266330631011,0.805392001533761,-0.05771347649132934,,1.1441033212423863,True
0.24,0.19733333333333333,0.2826666666666667,False,242.58857779956992,True,0.9459302094659092,2.799999999999997,0.0934099642848565,-20.592135879442726,0.23500000000000001,-0.004999999999999977,242.64013705312243,True,0.9997119290868807,0.051559253552511564,-0.0036791365761451116,,1.1900689813272018,True
0.25,0.20733333333333334,0.2926666666666667,False,242.58857779956992,True,0.9459302094659092,2.799999999999997,0.09360708658790556,-20.57382542918628,0.24500000000000002,-0.004999999999999977,242.80831547124242,True,0.9997425324600769,0.21973767167250458,-0.015674487015586495,,1.2020643317666453,True
0.26,0.21733333333333332,0.30266666666666664,False,242.58857779956992,True,0.9459302094659092,2.799999999999997,0.09370716721500393,-20.564543814499146,0.255,-0.0050000000000000044,242.51404659902215,True,0.9998933593406409,0.07453120054776718,0.00531973840715954,,1.1810701063438966,True
0.27,0.22733333333333333,0.31266666666666665,False,241.19137040474044,True,0.9459302094659092,2.6999999999999966,0.09352836796049663,-20.581132877709194,0.265,-0.0050000000000000044,242.1777900557912,True,0.9989588775942183,0.9864196510507668,-0.07065927232782979,,1.157049117078887,True
0.28,0.23733333333333334,0.32266666666666666,False,241.19137040474044,True,0.9459302094659092,2.6999999999999966,0.09415547512475962,-20.523088415265036,0.275,-0.0050000000000000044,241.52039378875062,True,0.9988724810237729,0.3290233840101848,-0.023600691584703057,,1.1099905363357618,True
0.29,0.24733333333333332,0.33266666666666667,False,241.19137040474044,True,0.9459302094659092,2.6999999999999966,0.09461123058188163,-20.48114617465972,0.28500000000000003,-0.004999999999999949,240.62374519594536,True,0.9996379060122801,0.5676252087950786,0.04079127081683998,,1.0455985739342184,True
0.3,0.25733333333333336,0.3426666666666667,False,241.19137040474044,True,0.8911444948731203,2.6999999999999966,0.0951285083680879,-20.433786260289892,0.29500000000000004,-0.004999999999999949,239.40758738225728,True,0.9996517580329707,1.7837830224831634,0.12851297471050627,,0.9578768700405497,True
0.31,0.2673333333333333,0.3526666666666667,False,241.19137040474044,True,0.9459302094659092,2.6999999999999966,0.0934074732541401,-20.59236751539892,0.30500000000000005,-0.004999999999999949,238.890265682026,True,0.9994583407550911,2.3011047227144275,0.16596266365477036,,0.9204271810962878,True
0.32,0.2773333333333333,0.3626666666666667,False,241.19137040474044,True,0.9459302094659092,2.6999999999999966,0.09073880709537616,-20.844138690357724,0.315,-0.0050000000000000044,238.5970631293126,True,0.9991348212908007,2.5943072754278376,0.1872240574426818,,0.8991657873083775,True
0.33,0.28733333333333333,0.37266666666666665,False,241.19137040474044,True,0.8911444948731203,2.6999999999999966,0.08854106270648247,-21.05710539487518,0.325,-0.0050000000000000044,238.43850573299832,True,0.9966744107177985,2.752864671742117,0.19873263211747788,,0.8876572126335815,True
0.34,0.29733333333333334,0.38266666666666665,False,239.8022103323442,True,0.8911444948731203,2.6000000000000005,0.08568863951182423,-21.341535049137022,0.335,-0.0050000000000000044,241.9973027172976,True,0.9697787786686015,2.195092384953398,-0.15775213005789798,,1.1441419748089576,True
0.35,0.30733333333333335,0.39266666666666666,False,239.8022103323442,True,0.8911444948731203,2.6000000000000005,0.08325524784146422,-21.59176764009445,0.34500000000000003,-0.004999999999999949,242.36911274818266,True,0.9583026783085272,2.566902415838456,-0.18433078172036468,,1.170720626471424,True
0.36,0.31733333333333336,0.4026666666666667,False,239.8022103323442,True,0.8266685594724995,2.6000000000000005,0.08097595515507758,-21.832878410997132,0.35500000000000004,-0.004999999999999949,241.08244735184596,True,0.9837327145476736,1.2802370195017545,-0.09217990717460914,,1.078569751925667,True
0.37,0.3273333333333333,0.4126666666666667,False,239.8022103323442,True,0.8266685594724996,2.6000000000000005,0.07862550044127675,-22.08873154617843,0.36500000000000005,-0.004999999999999949,240.26456918759038,True,0.9860199084728339,0.4623588552461797,-0.03334751225180152,,1.0197373570028585,True
0.38,0.3373333333333333,0.4226666666666667,False,239.8022103323442,True,0.7571601330199094,2.6000000000000005,0.07675292839625403,-22.29810091321824,0.37500000000000006,-0.004999999999999949,239.42719802533787,True,0.9856639885052575,0.3750123070063296,0.027094923471171324,,0.9592949212798854,True
0.39,0.3473333333333333,0.43266666666666664,False,238.4210512332145,True,0.8266685594724996,2.4999999999999987,0.07472873842774896,-22.530246989024057,0.385,-0.0050000000000000044,238.5027453268248,True,0.9875761801814779,0.08169409361028102,-0.005930993541070899,,0.8923208382921298,True
0.4,0.35733333333333334,0.44266666666666665,False,238.4210512332145,True,0.8911444948731203,2.4999999999999987,0.07454833351703925,-22.551241209865182,0.395,-0.0050000000000000044,237.84047466363927,True,0.9909080428321128,0.5805765695752427,0.04220850808066745,,0.8441813366703874,True
0.41,0.36733333333333335,0.45266666666666666,False,238.4210512332145,True,0.8911444948731204,2.4999999999999987,0.07455040686223063,-22.55099964045327,0.405,-0.004999999999999949,237.52084316354419,True,0.9906779655884559,0.9002080696703274,0.06549004146425982,,0.8208998032867982,True
0.42,0.37733333333333335,0.46266666666666667,False,238.4210512332145,True,0.8911444948731203,2.4999999999999987,0.07448084845665905,-22.559107693717316,0.41500000000000004,-0.004999999999999949,237.27654749830364,True,0.9898556943584502,1.1445037349108702,0.08330534623821226,,0.8030844985128474,True
0.43,0.3873333333333333,0.4726666666666667,False,238.4210512332145,True,0.8911444948731204,2.4999999999999987,0.07442214580378734,-22.565956243583667,0.42500000000000004,-0.004999999999999949,237.74456956463047,True,0.9897568808641483,0.6764816685840458,0.04919082079839651,,0.8371990239526611,True
0.44,0.3973333333333333,0.4826666666666667,False,238.4210512332145,True,0.8911444948731203,2.4999999999999987,0.07348862547623565,-22.67559751088268,0.43500000000000005,-0.004999999999999949,238.19029572465956,True,0.9905402693495774,0.23075550855494953,0.016763840272996607,,0.8696260044780604,True
0.45,0.4073333333333333,0.49266666666666664,False,238.4210512332145,True,0.8911444948731204,2.4999999999999987,0.07201335439190769,-22.851739182230133,0.445,-0.0050000000000000044,237.92155323159844,True,0.9920919390676661,0.49949800161607527,0.036307827882195845,,0.8500820168688612,True
0.46,0.41733333333333333,0.5026666666666667,False,238.4210512332145,True,0.8911444948731204,2.4999999999999987,0.07117062047983648,-22.95398495779212,0.455,-0.0050000000000000044,237.63678692953474,True,0.9923279000670718,0.7842643036797767,0.05704123261721036,,0.8293486121338499,True
0.47,0.42733333333333334,0.5126666666666667,False,239.8022103323442,True,0.8911444948731204,2.6000000000000005,0.06911138313966202,-23.209008306468686,0.465,-0.004999999999999949,237.85431508757222,True,0.991326317329527,1.9478952447719848,0.14120109687124607,,0.8451887478798119,True
0.48,0.43733333333333335,0.5226666666666666,False,239.8022103323442,True,0.8911444948731203,2.6000000000000005,0.0671181585628196,-23.46319934423571,0.47500000000000003,-0.004999999999999949,239.2853100182155,True,0.9896803979512636,0.5169003141286908,0.03735750705318894,,0.9490323376978702,True
0.49,0.44733333333333336,0.5326666666666666,False,239.8022103323442,True,0.8911444948731203,2.6000000000000005,0.06457358878748294,-23.79890152531697,0.48500000000000004,-0.004999999999999949,240.87716887819016,True,0.9899633623173021,1.0749585458459592,-0.07743240167182044,,1.0638222464228806,True
0.5,0.4573333333333333,0.5426666666666666,False,241.19137040474044,True,0.8911444948731204,2.6999999999999966,0.06170653422481874,-24.193376904901424,0.49500000000000005,-0.004999999999999949,242.11987165665613,True,0.9892987839537337,0.9285012519156908,-0.06651841792958506,,1.1529082626806402,True
0.51,0.4673333333333333,0.5526666666666666,False,242.58857779956992,True,0.8911444948731203,2.799999999999997,0.05870065131768096,-24.627141599543272,0.505,-0.0050000000000000044,242.95972227494127,True,0.986745372789946,0.3711444753713522,-0.02646649480301195,,1.2128563395540688,True
0.52,0.47733333333333333,0.5626666666666666,False,242.58857779956992,True,0.8911444948731204,2.799999999999997,0.054875132392355704,-25.212488379297064,0.515,-0.0050000000000000044,243.67856357981356,True,0.9817800245668394,1.0899857802436372,-0.07761263287707725,,1.2640024776281336,True
0.53,0.48733333333333334,0.5726666666666667,False,243.99387913449723,True,0.8266685594724996,2.9,0.05111384040752063,-25.82922974730662,0.525,-0.0050000000000000044,244.5124523568041,True,0.9840589737345821,0.5185732223068555,-0.03675579613799549,,1.3231456408890567,True
0.54,0.49733333333333335,0.5826666666666667,False,245.40732129724032,True,0.7571601330199094,2.999999999999999,0.04687134380997576,-26.5818518999858,0.535,-0.0050000000000000044,245.56648589760525,True,0.9891727328165195,0.15916460036493163,-0.011224679653895496,,1.3976145244049536,True
0.55,0.5073333333333333,0.5926666666666667,False,248.25881701670832,True,0.615949885458068,3.2,0.04200341718017208,-27.534307524364397,0.545,-0.0050000000000000044,248.00158589163559,True,0.9837734536036348,0.25723112507273527,0.017947324407856624,,1.5684425203432015,True
0.56,0.5173333333333333,0.6026666666666667,False,249.6969657132611,True,0.5485250542599844,3.3000000000000003,0.037518367094157415,-28.51512143220757,0.555,-0.0050000000000000044,253.18084930594023,True,0.9686879465007343,3.4838835926791205,-0.2398799157691317,,1.9262697605201882,True
0.57,0.5273333333333333,0.6126666666666667,False,252.59830469993753,True,0.4849868077159112,3.4999999999999982,0.03254395682596456,-29.750592898166772,0.5650000000000001,-0.004999999999999893,258.660566272214,True,0.9555676853652262,6.062261572276469,-0.41058204221171385,pyin_probability_below_0.5,2.2969718869627718,False
0.58,0.5373333333333333,0.6226666666666667,False,254.06159179290393,True,0.3721358982975087,3.599999999999997,0.028088534412161834,-31.02941841163662,0.5750000000000001,-0.004999999999999893,264.92879379596775,True,0.8813647619438252,10.867202003063824,-0.725116340084161,pyin_probability_below_0.5,2.7115061848352164,False
0.59,0.5473333333333333,0.6326666666666667,False,258.50251019256234,True,0.27960516533635893,3.9000000000000004,0.023670307596424096,-32.51592196726402,0.5850000000000001,-0.004999999999999893,286.4056884366909,True,0.724958983011193,27.903178244128583,-1.7745822840488223,pyin_probability_below_0.5|pitch_difference_over_1_semitone,4.0609721287998815,False
0.6,0.5573333333333333,0.6426666666666667,False,263.0210544784999,True,0.12793708630129036,4.200000000000001,0.01920246437203512,-34.33286063999516,0.5950000000000001,-0.004999999999999893,252.03452227624052,True,0.4255157460139996,10.986532202259355,0.7386831645537084,pyin_probability_below_0.5,1.847706680197353,False
0.61,0.5673333333333334,0.6526666666666666,False,267.61858152730787,True,0.022944219124638603,4.499999999999994,0.01445997276638552,-36.79665049963975,0.605,-0.0050000000000000044,249.49716626075457,True,0.5652914473567695,18.1214152665533,1.2138583213014447,pyin_probability_below_0.5|pitch_difference_over_1_semitone,1.6725315234496083,False
0.62,0.5773333333333334,0.6626666666666666,False,,False,0.010037765502929688,,0.01002645622948607,-39.97705075520073,0.615,-0.0050000000000000044,,False,0.0,,,,,False
0.63,0.5873333333333334,0.6726666666666666,False,,False,0.01010197459374499,,0.007383841455133884,-42.63435273991295,0.625,-0.0050000000000000044,,False,0.0,,,,,False
0.64,0.5973333333333334,0.6826666666666666,False,,False,0.010467533617069903,,0.004138255061563498,-47.66365490165224,0.635,-0.0050000000000000044,,False,0.0,,,,,False
0.65,0.6073333333333333,0.6926666666666667,False,,False,0.010467533617069905,,0.001176013266121485,-58.59175558269997,0.645,-0.0050000000000000044,,False,0.0,,,,,False
0.66,0.6173333333333333,0.7026666666666667,False,,False,0.01002672467381077,,0.0009993303295644516,-60.005818631997485,0.655,-0.0050000000000000044,,False,0.0,,,,,False
0.67,0.6273333333333333,0.7126666666666667,False,,False,0.010000127845232541,,0.00091853219883645,-60.73811230089469,0.665,-0.0050000000000000044,,False,0.0,,,,,False
0.68,0.6373333333333333,0.7226666666666667,False,,False,0.010000005216229449,,0.0008161393578954413,-61.76471356027741,0.675,-0.0050000000000000044,,False,0.0,,,,,False
0.69,0.6473333333333333,0.7326666666666667,False,,False,0.010000127845232541,,0.0008125036530687666,-61.8034935545746,0.685,-0.004999999999999893,,False,0.0,,,,,False
0.7,0.6573333333333333,0.7426666666666667,False,,False,0.01000020633903134,,0.0007944152850217131,-61.99904816697244,0.6950000000000001,-0.004999999999999893,,False,0.0,,,,,False
0.71,0.6673333333333333,0.7526666666666667,False,,False,0.010000000208892744,,0.000722290413432357,-62.82576298511611,0.7050000000000001,-0.004999999999999893,,False,0.0,,,,,False
0.72,0.6773333333333333,0.7626666666666667,False,,False,0.010000000208892744,,0.0007032884162214884,-63.057330714792236,0.7150000000000001,-0.004999999999999893,,False,0.0,,,,,False
0.73,0.6873333333333334,0.7726666666666666,False,,False,0.01,,0.0007887050922162589,-62.061707103492616,0.7250000000000001,-0.004999999999999893,,False,0.0,,,,,False
0.74,0.6973333333333334,0.7826666666666666,False,,False,0.010000078102280324,,0.009735441898150168,-40.232886615652355,0.735,-0.0050000000000000044,,False,0.0,,,,,False
0.75,0.7073333333333334,0.7926666666666666,False,,False,0.010000000417925077,,0.011913834234467149,-38.478968936778124,0.745,-0.0050000000000000044,,False,0.0,,,,,False
0.76,0.7173333333333334,0.8026666666666666,False,,False,0.010000000208892744,,0.014246491522081607,-36.925841520416775,0.755,-0.0050000000000000044,,False,0.0,,,,,False
0.77,0.7273333333333334,0.8126666666666666,False,,False,0.010000000003996621,,0.0175468868776288,-35.11599847489806,0.765,-0.0050000000000000044,,False,0.0,,,,,False
0.78,0.7373333333333333,0.8226666666666667,False,,False,0.01000000002170159,,0.024110477723592635,-32.35588368903764,0.775,-0.0050000000000000044,,False,0.0,,,,,False
0.79,0.7473333333333333,0.8326666666666667,False,232.97550689710764,True,0.010000002871100368,2.0999999999999988,0.035692866498873224,-28.9483714479182,0.785,-0.0050000000000000044,,False,0.0,,,pyin_probability_below_0.5|voicing_disagreement,,False
0.8,0.7573333333333333,0.8426666666666667,False,234.3251202788159,True,0.01002672467381077,2.1999999999999993,0.04529412848241575,-26.87916184625876,0.795,-0.0050000000000000044,,False,0.0,,,pyin_probability_below_0.5|voicing_disagreement,,False
0.81,0.7673333333333333,0.8526666666666667,False,235.68255189130872,True,0.010824463728234167,2.3000000000000003,0.05454312219796204,-25.265200109502615,0.805,-0.0050000000000000044,,False,0.0,,,pyin_probability_below_0.5|voicing_disagreement,,False
0.82,0.7773333333333333,0.8626666666666667,False,237.04784702513638,True,0.020317628556360583,2.399999999999998,0.06492601575274955,-23.751624944142357,0.8150000000000001,-0.004999999999999893,,False,0.0,,,pyin_probability_below_0.5|voicing_disagreement,,False
0.83,0.7873333333333333,0.8726666666666667,False,238.4210512332145,True,0.056071395445892624,2.4999999999999987,0.07371448394293104,-22.648943410127057,0.8250000000000001,-0.004999999999999893,231.78203534642563,True,0.5983701688647746,6.639015886788883,0.4889144527648045,pyin_probability_below_0.5,0.3974753919862537,False
0.84,0.7973333333333333,0.8826666666666667,False,238.4210512332145,True,0.1504646013433388,2.4999999999999987,0.08274495873067864,-21.645169126184832,0.8350000000000001,-0.004999999999999893,235.94446891848136,True,0.8501010558697067,2.4765823147331503,0.1807712577066354,pyin_probability_below_0.5,0.7056185870444226,False
0.85,0.8073333333333333,0.8926666666666667,False,238.4210512332145,True,0.20650679911775227,2.4999999999999987,0.0854956584489933,-21.361118771990544,0.8450000000000001,-0.004999999999999893,242.06393393678303,True,0.9379334970543907,3.6428827035685174,-0.2625182310342931,pyin_probability_below_0.5,1.1489080757853518,False
0.86,0.8173333333333334,0.9026666666666666,False,237.04784702513638,True,0.2796051653363589,2.399999999999998,0.089216474143332,-20.991098883567574,0.8550000000000001,-0.004999999999999893,242.2045189895272,True,0.9651310216734973,5.156671964390824,-0.37256991354497593,pyin_probability_below_0.5,1.158959758296034,False
0.87,0.8273333333333334,0.9126666666666666,False,238.4210512332145,True,0.42606232904328145,2.4999999999999987,0.0891178690787987,-21.000704131553988,0.865,-0.0050000000000000044,240.65221201266718,True,0.9748926701915039,2.231160779452665,-0.1612567318600731,pyin_probability_below_0.5,1.0476465766111294,False
0.88,0.8373333333333334,0.9226666666666666,False,237.04784702513638,True,0.42606232904328145,2.399999999999998,0.08610128498101116,-21.29980734119445,0.875,-0.0050000000000000044,237.15874395425908,True,0.9502484030057705,0.11089692912270266,-0.008097253255699152,pyin_probability_below_0.5,0.7944870980067584,False
0.89,0.8473333333333334,0.9326666666666666,False,235.68255189130872,True,0.3721358982975087,2.3000000000000003,0.0810800441628166,-21.821720468534124,0.885,-0.0050000000000000044,228.2865913345796,True,0.9000191460151521,7.395960556729108,0.5519859938970357,pyin_probability_below_0.5,0.13440385085402395,False
0.9,0.8573333333333333,0.9426666666666667,False,232.97550689710764,True,0.3721358982975086,2.0999999999999988,0.07349658316458565,-22.674657013488574,0.895,-0.0050000000000000044,216.03871749749942,True,0.955619998884777,16.936789399608216,1.3066608117093306,pyin_probability_below_0.5|pitch_difference_over_1_semitone,-0.8202709669582733,False
0.91,0.8673333333333333,0.9526666666666667,False,227.65433896553014,True,0.42606232904328145,1.6999999999999993,0.06514347464826338,-23.7225816116703,0.905,-0.0050000000000000044,210.70444383939778,True,0.9648802100155627,16.94989512613236,1.339490581277723,pyin_probability_below_0.5|pitch_difference_over_1_semitone,-1.2531007365266649,False
0.92,0.8773333333333333,0.9626666666666667,False,216.12185299712482,True,0.5485250542599844,0.8000000000000002,0.05423757368453167,-25.313994937019086,0.915,-0.0050000000000000044,204.36054783923964,True,0.9825552457759299,11.761305157885175,0.9687389787481167,,-1.7823491339970587,False
0.93,0.8873333333333333,0.9726666666666667,False,211.18562305262122,True,0.6159498854580681,0.39999999999999736,0.043200096157686864,-27.290305730041425,0.925,-0.0050000000000000044,201.63486671227548,True,0.9677316328344137,9.550756340345743,0.8011979032571086,,-2.0148080585060515,False
0.94,0.8973333333333333,0.9826666666666667,False,207.55758045272898,True,0.5485250542599844,0.10000000000000017,0.03424280296515308,-29.308613862096475,0.935,-0.004999999999999893,200.9509726156225,True,0.9292300623061328,6.6066078371064805,0.5600167572414478,,-2.073626912490387,False
0.95,0.9073333333333333,0.9926666666666667,False,225.0395058615972,True,0.011085791888943373,1.5000000000000004,0.029410299134830745,-30.63001116443484,0.9450000000000001,-0.004999999999999893,,False,0.0,,,pyin_probability_below_0.5|voicing_disagreement,,False
0.96,0.9173333333333333,1.0026666666666666,False,226.34314645699226,True,0.026168028608935755,1.599999999999999,0.037254556509323446,-28.576412044442137,0.9550000000000001,-0.004999999999999893,,False,0.0,,,pyin_probability_below_0.5|voicing_disagreement,,False
0.97,0.9273333333333333,1.0126666666666666,False,221.17346184722248,True,0.09203757081218104,1.1999999999999993,0.048625674585150436,-26.262687212933468,0.9650000000000001,-0.004999999999999893,,False,0.0,,,pyin_probability_below_0.5|voicing_disagreement,,False
0.98,0.9373333333333334,1.0226666666666666,False,213.63948179230545,True,0.1504646013433388,0.5999999999999976,0.06055802014044315,-24.35656663850049,0.9750000000000001,-0.004999999999999893,,False,0.0,,,pyin_probability_below_0.5|voicing_disagreement,,False
0.99,0.9473333333333334,1.0326666666666666,False,209.96928336801093,True,0.20650679911775224,0.2999999999999983,0.07243351652127625,-22.801208600910833,0.985,-0.0050000000000000044,230.98843153739463,True,0.8510647195853779,21.019148169383698,-1.6517077182327173,pyin_probability_below_0.5|pitch_difference_over_1_semitone,0.338097562983776,False
1.0,0.9573333333333334,1.0426666666666666,False,206.36213675586595,True,0.27960516533635876,0.0,0.08384950790834447,-21.529989636308223,1.005,0.004999999999999893,213.3184682960217,True,0.9745002726310117,6.956331540155759,-0.5739670101197268,pyin_probability_below_0.5,-1.0396431451292136,False
1.01,0.9673333333333334,1.0526666666666666,False,203.99186545315516,True,0.37213589829750876,-0.20000000000000362,0.09423706390460944,-20.5155650686884,1.015,0.004999999999999893,205.0118470827127,True,0.984399842045732,1.0199816295575488,-0.08634790018009555,pyin_probability_below_0.5,-1.7272622550688501,False
1.02,0.9773333333333334,1.0626666666666666,False,201.6488190383855,True,0.4849868077159112,-0.4000000000000008,0.10363365522882415,-19.689983674329998,1.025,0.004999999999999893,199.22668825715198,True,0.9934547345239214,2.422130781233534,0.20920840672641977,pyin_probability_below_0.5,-2.2228185619753607,False
1.03,0.9873333333333333,1.0726666666666667,False,200.48740730303228,True,0.6159498854580678,-0.5000000000000041,0.11128698666305306,-19.071112337897077,1.035,0.004999999999999893,195.7261207477121,True,0.9965180764096034,4.761286555320197,0.4161038244234141,,-2.5297139796723584,True
1.04,0.9973333333333333,1.0826666666666667,False,198.18461302324906,True,0.7571601330199094,-0.7000000000000022,0.11571525579296126,-18.732187605765255,1.045,0.004999999999999893,194.12540445437318,True,0.9977981516101296,4.059208568875874,0.35827231392164516,,-2.6718824691705882,True
1.05,1.0073333333333334,1.0926666666666667,False,195.90826859169485,True,0.8911444948731203,-0.9000000000000026,0.11809693784649034,-18.55522726256681,1.055,0.004999999999999893,193.54363875412201,True,0.9971775116868273,2.364629837572835,0.21023278703963788,,-2.7238429422885804,True
1.06,1.0173333333333334,1.1026666666666667,False,194.7799199939686,True,0.8911444948731204,-0.9999999999999994,0.11946004235664655,-18.455546712044363,1.065,0.004999999999999893,193.0041774849923,True,0.9994522088552313,1.7757425089762933,0.15855458757066965,,-2.7721647428196103,True
1.07,1.0273333333333334,1.1126666666666667,False,193.6580702059513,True,0.9459302094659092,-1.0999999999999999,0.11974048540445352,-18.435179712841528,1.075,0.004999999999999893,192.65813375604012,True,0.9995696366652882,0.9999364499111891,0.08962232892570601,,-2.8032324841746483,True
1.08,1.0373333333333334,1.1226666666666667,False,193.6580702059513,True,0.9459302094659092,-1.0999999999999999,0.11894009368260802,-18.493434475331817,1.085,0.004999999999999893,192.85305438598,True,0.9995667926603395,0.8050158199713167,0.07211553428246145,,-2.785725689531401,True
1.09,1.0473333333333332,1.1326666666666667,False,194.7799199939686,True,0.9459302094659092,-0.9999999999999994,0.11762606292129778,-18.589928781386213,1.095,0.004999999999999893,193.5366934233384,True,0.9999761348171438,1.2432265706302132,0.11085405307339805,,-2.7244642083223414,True
1.1,1.0573333333333332,1.1426666666666667,False,194.7799199939686,True,0.8911444948731204,-0.9999999999999994,0.11585887061452838,-18.721414185869023,1.105,0.004999999999999893,194.78852272404862,True,0.9998691563024579,0.008602730080013998,-0.0007646070676545012,,-2.6128455481812867,True
1.11,1.0673333333333332,1.1526666666666667,False,195.90826859169485,True,0.8911444948731204,-0.9000000000000026,0.11448673130383963,-18.824896878786102,1.115,0.004999999999999893,196.4080185289456,True,0.9994871243913627,0.4997499372507548,-0.044106482639815696,,-2.4695036726091266,True
1.12,1.0773333333333333,1.1626666666666667,False,197.04315364635175,True,0.8911444948731204,-0.8000000000000008,0.11340948878837975,-18.907012144129837,1.125,0.004999999999999893,197.58516223357466,True,0.9993855976813713,0.5420085872229095,-0.04755585310844216,,-2.366054302140501,True
1.13,1.0873333333333333,1.1726666666666667,False,199.33268480704808,True,0.8911444948731203,-0.6000000000000011,0.11201689253201601,-19.014329585839228,1.125,-0.004999999999999893,197.58516223357466,True,0.9993855976813713,1.747522573473418,0.1524441468915582,,-2.366054302140501,True
1.14,1.0973333333333333,1.1826666666666668,False,201.6488190383855,True,0.8266685594724996,-0.4000000000000008,0.11030520514677755,-19.148079866665693,1.135,-0.004999999999999893,198.73214150479285,True,0.9988636926878528,2.9166775335926616,0.2522368083221281,,-2.2658469635710676,True
1.15,1.1073333333333333,1.1926666666666668,False,203.99186545315516,True,0.8266685594724996,-0.20000000000000362,0.10844515308496673,-19.29579707686728,1.145,-0.004999999999999893,200.80536053298982,True,0.9987935429280116,3.1865049201653335,0.27256608556051865,,-2.0861762408094626,True
1.16,1.1173333333333333,1.2026666666666668,False,206.36213675586595,True,0.8266685594724996,0.0,0.10615484641027571,-19.48120347391757,1.155,-0.004999999999999893,203.51579441974505,True,0.996720255651199,2.846342336120898,0.24045031978175058,,-1.8540604750306926,True
1.17,1.1273333333333333,1.2126666666666666,False,208.75994928447787,True,0.7571601330199094,0.19999999999999687,0.10405641974309868,-19.654622418033764,1.165,-0.004999999999999893,207.69253284251715,True,0.9932942036482887,1.0674164419607166,0.08874730323006341,,-1.5023574584790065,True
1.18,1.1373333333333333,1.2226666666666666,False,211.18562305262122,True,0.8266685594724997,0.39999999999999736,0.10216648417090714,-19.813831032535656,1.175,-0.004999999999999893,212.01478500816563,True,0.994989889380929,0.8291619555444072,-0.0678390294095082,,-1.1457711258394347,True
1.19,1.1473333333333333,1.2326666666666666,False,214.87708272009507,True,0.8266685594724996,0.7000000000000017,0.09958595394178481,-20.036038242720792,1.1949999999999998,0.004999999999999893,218.03775712334448,True,0.998850427425018,3.160674403249402,-0.2527963408679893,,-0.6608138143809492,True
1.2,1.1573333333333333,1.2426666666666666,False,217.37383415501247,True,0.8911444948731203,0.9000000000000021,0.09729220789111963,-20.23843881753125,1.2049999999999998,0.004999999999999893,219.0600895897335,True,0.9988587636811485,1.6862554347210335,-0.13378049652126092,,-0.5798296587276793,True
1.21,1.1673333333333333,1.2526666666666666,False,218.63306796596578,True,0.8911444948731204,0.9999999999999971,0.09427841207849653,-20.51175481725938,1.2149999999999999,0.004999999999999893,220.37064295994395,True,0.9984965466846597,1.7375749939781713,-0.13704506936726452,,-0.47656508588167684,True
1.22,1.1773333333333333,1.2626666666666666,False,221.17346184722248,True,0.9459302094659092,1.1999999999999993,0.09266897319502045,-20.66131298177201,1.2249999999999999,0.004999999999999893,221.72696218405764,True,0.9987393017000228,0.5535003368351568,-0.04327108650899146,,-0.3703390687399504,True
1.23,1.1873333333333334,1.2726666666666666,False,222.45470667747657,True,0.9459302094659092,1.2999999999999994,0.09074967460563378,-20.843098470130343,1.2349999999999999,0.004999999999999893,223.1180539302611,True,0.999189017119659,0.663347252784547,-0.05154759448257888,,-0.2620625607663629,True
1.24,1.1973333333333334,1.2826666666666666,False,222.45470667747657,True,0.9459302094659092,1.2999999999999994,0.08935040580727502,-20.978069413931138,1.2449999999999999,0.004999999999999893,224.2290479344128,True,0.9995117355815963,1.774341256936225,-0.1375387451882445,,-0.17607141006069701,True
1.25,1.2073333333333334,1.2926666666666666,False,223.74337368352585,True,0.9459302094659092,1.4000000000000004,0.08802664459771724,-21.107717045566478,1.255,0.004999999999999893,224.9514198138482,True,0.9995316815886882,1.2080461303223444,-0.09322219367736193,,-0.12038796157157916,True
1.26,1.2173333333333334,1.3026666666666666,False,225.0395058615972,True,0.9459302094659093,1.5000000000000004,0.08662975132070429,-21.246658645692044,1.265,0.004999999999999893,224.98208650337395,True,0.9992276503679118,0.05741935822325672,0.004417847954747297,,-0.11802800320368935,True
1.27,1.2273333333333334,1.3126666666666666,False,225.0395058615972,True,0.9459302094659093,1.5000000000000004,0.08474697732508502,-21.437515657057254,1.275,0.004999999999999893,224.93674423624827,True,0.9994059704026593,0.10276162534893274,0.00790728078628892,,-0.12151743603523052,True
1.28,1.2373333333333334,1.3226666666666667,False,226.34314645699226,True,0.9459302094659093,1.599999999999999,0.08315762319433397,-21.601958642784624,1.285,0.004999999999999893,225.66331391186074,True,0.9991001330226701,0.6798325451315179,0.052076695377356035,,-0.06568685062630092,True
1.29,1.2473333333333334,1.3326666666666667,False,226.34314645699226,True,0.9459302094659093,1.599999999999999,0.08154502227647771,-21.772050885935236,1.295,0.004999999999999893,226.521156852543,True,0.9990799986268993,0.17801039555072862,-0.013610155248942723,,0.0,True
1.3,1.2573333333333334,1.3426666666666667,False,227.65433896553014,True,0.9459302094659092,1.6999999999999993,0.08002097870510545,-21.935922824792165,1.305,0.004999999999999893,227.27740897754646,True,0.9989209778222409,0.3769299879836865,0.028688003489942993,,0.05770184126111444,True
1.31,1.2673333333333334,1.3526666666666667,False,227.65433896553014,True,0.9459302094659092,1.6999999999999993,0.07799970535004158,-22.15814075775263,1.315,0.004999999999999893,228.35223697879016,True,0.9995369486719246,0.6978980132600157,-0.05299159312213618,,0.13938143787319363,True
1.32,1.2773333333333334,1.3626666666666667,False,228.9731271349986,True,0.9459302094659092,1.800000000000001,0.07570842189186018,-22.417116127906667,1.325,0.004999999999999893,229.07353777538503,True,0.9989842556067602,0.10041064038642844,-0.007590245083179257,,0.19398008983423748,True
1.33,1.2873333333333334,1.3726666666666667,False,228.9731271349986,True,0.9848789761259924,1.800000000000001,0.07275894924946649,-22.762271628799347,1.335,0.004999999999999893,229.75786344442687,True,0.9986380579373955,0.7847363094282684,-0.059231382729669296,,0.24562122748072623,True
1.34,1.2973333333333332,1.3826666666666667,False,230.29955496661373,True,0.9848789761259924,1.8999999999999972,0.06968411083806783,-23.13732474277831,1.345,0.004999999999999893,230.71138084765207,True,0.9981777722164388,0.4118258810383395,-0.030930597163876784,,0.31732044191493425,True
1.35,1.3073333333333332,1.3926666666666667,False,231.63366671648822,True,0.9848789761259924,2.0000000000000004,0.06547237995219728,-23.67883743959571,1.355,0.004999999999999893,232.66217206115428,True,0.9974104957273641,1.0285053446660584,-0.07670051015406298,,0.4630903549051207,True
1.36,1.3173333333333332,1.4026666666666667,False,234.3251202788159,True,0.9848789761259924,2.1999999999999993,0.06071557857092577,-24.333997242964248,1.365,0.004999999999999893,235.5225611625164,True,0.9965208053115627,1.1974408837005228,-0.08824370108935961,,0.6746335458404212,True
1.37,1.3273333333333333,1.4126666666666667,False,234.3251202788159,True,0.9848789761259924,2.1999999999999993,0.0554418390037304,-25.123247452511485,1.375,0.004999999999999893,239.67028862371632,True,0.9932076856451179,5.345168344900429,-0.39047339065126585,,0.9768632354023239,True
1.38,1.3373333333333333,1.4226666666666667,False,235.68255189130872,True,0.9848789761259924,2.3000000000000003,0.04896547031220292,-26.20220139498942,1.375,-0.004999999999999893,239.67028862371632,True,0.9932076856451179,3.9877367324075976,-0.29047339065126787,,0.9768632354023239,True
1.39,1.3473333333333333,1.4326666666666668,False,238.4210512332145,True,0.9848789761259924,2.4999999999999987,0.04289362006289913,-27.35214598732086,1.385,-0.004999999999999893,244.5363003311705,True,0.9910761203875826,6.115249097955996,-0.43844423415282585,,1.3248340789038844,True
1.4,1.3573333333333333,1.4426666666666668,False,241.19137040474044,True,0.9848789761259924,2.6999999999999966,0.03610920933064568,-28.847640420938422,1.395,-0.004999999999999893,248.33863005335346,True,0.9889340674317829,7.147259648613016,-0.5055648714508911,,1.5919547162019485,False
1.41,1.3673333333333333,1.4526666666666668,False,243.99387913449723,True,0.9848789761259924,2.9,0.029433117107829417,-30.62327483205238,1.405,-0.004999999999999893,248.7001325144697,True,0.9789530333403497,4.706253379972452,-0.33074783612054565,,1.6171376808716063,True
1.42,1.3773333333333333,1.4626666666666666,False,246.828951447135,True,0.9848789761259924,3.0999999999999988,0.022903302494135875,-32.80203781907993,1.415,-0.004999999999999893,244.62349464881038,True,0.9544441991172555,2.205456798324633,0.15538380426197476,,1.3310060404890858,True
1.43,1.3873333333333333,1.4726666666666666,False,248.25881701670832,True,0.9459302094659092,3.2,0.016146050985769923,-35.8386736088301,1.425,-0.004999999999999893,,False,0.0,,,voicing_disagreement,,False
1.44,1.3973333333333333,1.4826666666666666,False,246.828951447135,True,0.8266685594724996,3.0999999999999988,0.009703736082120332,-40.261220474563935,1.4449999999999998,0.004999999999999893,,False,0.0,,,voicing_disagreement,,False
1.45,1.4073333333333333,1.4926666666666666,False,241.19137040474044,True,0.4849868077159113,2.6999999999999966,0.004537775212761597,-46.863140430260934,1.4549999999999998,0.004999999999999893,,False,0.0,,,pyin_probability_below_0.5|voicing_disagreement,,False
1.46,1.4173333333333333,1.5026666666666666,False,235.68255189130872,True,0.24075439447557428,2.3000000000000003,0.0016584452573605304,-55.60597718555648,1.4649999999999999,0.004999999999999893,,False,0.0,,,pyin_probability_below_0.5|voicing_disagreement,,False
1.47,1.4273333333333333,1.5126666666666666,False,239.8022103323442,True,0.3721358982975087,2.6000000000000005,0.0011178238745029908,-59.032532379029576,1.4749999999999999,0.004999999999999893,,False,0.0,,,pyin_probability_below_0.5|voicing_disagreement,,False
1.48,1.4373333333333334,1.5226666666666666,False,241.19137040474044,True,0.06608151270920701,2.6999999999999966,0.001023156991675023,-59.80115447361342,1.4849999999999999,0.004999999999999893,,False,0.0,,,pyin_probability_below_0.5|voicing_disagreement,,False
1.49,1.4473333333333334,1.5326666666666666,False,249.6969657132611,True,0.010000000003996623,3.3000000000000003,0.0033810408290339427,-49.41899169431444,1.4949999999999999,0.004999999999999893,,False,0.0,,,pyin_probability_below_0.5|voicing_disagreement,,False
1.5,1.4573333333333334,1.5426666666666666,False,,False,0.010000000001606035,,0.016749847976105906,-35.51978260649847,1.505,0.004999999999999893,,False,0.0,,,,,False
1.51,1.4673333333333334,1.5526666666666666,False,,False,0.010000000021701592,,0.018366945687551404,-34.71926116493271,1.515,0.004999999999999893,,False,0.0,,,,,False
1.52,1.4773333333333334,1.5626666666666666,False,,False,0.010000000009505967,,0.018731833243194947,-34.54839434203854,1.525,0.004999999999999893,,False,0.0,,,,,False
1.53,1.4873333333333334,1.5726666666666667,False,,False,0.010000000000006923,,0.02289556192642082,-32.80497386207574,1.535,0.004999999999999893,,False,0.0,,,,,False
1.54,1.4973333333333334,1.5826666666666667,False,197.04315364635175,True,0.010006178555334077,-0.8000000000000008,0.03759196868036311,-28.498098596322194,1.545,0.004999999999999893,,False,0.0,,,pyin_probability_below_0.5|voicing_disagreement,,False
1.55,1.5073333333333334,1.5926666666666667,False,192.54268179725335,True,0.013100262550513395,-1.2000000000000022,0.04975631266527164,-26.06303623534064,1.555,0.004999999999999893,,False,0.0,,,pyin_probability_below_0.5|voicing_disagreement,,False
1.56,1.5173333333333334,1.6026666666666667,False,192.54268179725335,True,0.03489742801962526,-1.2000000000000022,0.05699045329856166,-24.883957773216473,1.565,0.004999999999999893,203.61490600117742,True,0.6402762118631175,11.072224203924065,-0.9679786858247892,pyin_probability_below_0.5,-1.845631469424152,False
1.57,1.5273333333333334,1.6126666666666667,False,192.54268179725335,True,0.06608151270920701,-1.2000000000000022,0.06208227638048274,-24.14064734229207,1.575,0.004999999999999893,192.54561108817012,True,0.8108311802983638,0.002929290916767968,-0.00026338313932172783,pyin_probability_below_0.5,-2.813346772109619,False
1.58,1.5373333333333334,1.6226666666666667,False,192.54268179725335,True,0.15046460134333883,-1.2000000000000022,0.06594817321337054,-23.61594460109103,1.585,0.004999999999999893,190.56820804768734,True,0.9368599662499097,1.974473749566016,0.1784499757253011,pyin_probability_below_0.5,-2.9920601309742434,False
1.59,1.5473333333333332,1.6326666666666667,False,192.54268179725335,True,0.2796051653363589,-1.2000000000000022,0.06715461474610648,-23.458482760454316,1.595,0.004999999999999893,190.26830179197233,True,0.9554149059702041,2.2743800052810172,0.20571669072428106,pyin_probability_below_0.5,-3.0193268459732243,False
1.6,1.5573333333333332,1.6426666666666667,False,192.54268179725335,True,0.3721358982975087,-1.2000000000000022,0.0683124853602185,-23.309998275563267,1.605,0.004999999999999893,193.08600272672365,True,0.9440639345537198,0.5433209294702976,-0.048783524297478384,pyin_probability_below_0.5,-2.7648266309514633,False
1.61,1.5673333333333332,1.6526666666666667,False,192.54268179725335,True,0.48498680771591124,-1.2000000000000022,0.0687285637198504,-23.25725463645902,1.615,0.004999999999999893,199.2534447616782,True,0.9691453665134101,6.710762964424845,-0.5931165157929789,pyin_probability_below_0.5,-2.220493639455964,False
1.62,1.5773333333333333,1.6626666666666667,False,192.54268179725335,True,0.6159498854580681,-1.2000000000000022,0.06469240166800531,-23.7829345125741,1.625,0.004999999999999893,200.8421620352909,True,0.9779304882090561,8.299480238037546,-0.7306064480884515,,-2.0830037071604917,False
1.63,1.5873333333333333,1.6726666666666667,False,193.6580702059513,True,0.615949885458068,-1.0999999999999999,0.05619204884254175,-25.006502652357824,1.625,-0.004999999999999893,200.8421620352909,True,0.9779304882090561,7.184091829339593,-0.6306064480884512,,-2.0830037071604917,False
1.64,1.5973333333333333,1.6826666666666668,False,198.18461302324906,True,0.7571601330199094,-0.7000000000000022,0.04785133735698958,-26.40211839968859,1.635,-0.004999999999999893,200.46572261084407,True,0.9683167649677825,2.2811095875950116,-0.1981273982071431,,-2.115482757041798,True
1.65,1.6073333333333333,1.6926666666666668,False,200.48740730303228,True,0.8911444948731203,-0.5000000000000041,0.03966898970995944,-28.03097719998354,1.645,-0.004999999999999893,199.5594917743027,True,0.9003356725662395,0.927915528729585,0.08031267547251209,,-2.193922830721456,True
1.66,1.6173333333333333,1.7026666666666668,False,200.48740730303228,True,0.7571601330199094,-0.5000000000000041,0.03139122522725776,-30.063834661435507,1.655,-0.004999999999999893,200.0773645716816,True,0.6715574849570061,0.4100427313506714,0.03544396491590545,,-2.1490541201648505,True
1.67,1.6273333333333333,1.7126666666666666,False,208.75994928447787,True,0.03489742801962526,0.19999999999999687,0.024306486880151742,-32.28555614096057,1.665,-0.004999999999999893,,False,0.0,,,pyin_probability_below_0.5|voicing_disagreement,,False
1.68,1.6373333333333333,1.7226666666666666,False,203.99186545315516,True,0.010000516719604526,-0.20000000000000362,0.021142904963786256,-33.496706846656934,1.675,-0.004999999999999893,,False,0.0,,,pyin_probability_below_0.5|voicing_disagreement,,False
1.69,1.6473333333333333,1.7326666666666666,False,203.99186545315516,True,0.01000000000399662,-0.20000000000000362,0.019745930148869214,-34.090448072677184,1.685,-0.004999999999999893,,False,0.0,,,pyin_probability_below_0.5|voicing_disagreement,,False
1.7,1.6573333333333333,1.7426666666666666,False,,False,0.010000000000023853,,0.0191360325022753,-34.36296200096282,1.7049999999999998,0.004999999999999893,,False,0.0,,,,,False
1.71,1.6673333333333333,1.7526666666666666,False,,False,0.010000000000023851,,0.01911752360432688,-34.371367298342214,1.7149999999999999,0.004999999999999893,,False,0.0,,,,,False
1.72,1.6773333333333333,1.7626666666666666,False,,False,0.010000000000023853,,0.019159132273947766,-34.35248328424133,1.7249999999999999,0.004999999999999893,,False,0.0,,,,,False
1.73,1.6873333333333334,1.7726666666666666,False,216.12185299712482,True,0.010000000000613858,0.8000000000000002,0.02543498485035802,-31.891370334159802,1.7349999999999999,0.004999999999999893,,False,0.0,,,pyin_probability_below_0.5|voicing_disagreement,,False
1.74,1.6973333333333334,1.7826666666666666,False,203.99186545315516,True,0.010013068846238976,-0.20000000000000362,0.037939218390711626,-28.41823241048509,1.7449999999999999,0.004999999999999893,,False,0.0,,,pyin_probability_below_0.5|voicing_disagreement,,False
1.75,1.7073333333333334,1.7926666666666666,False,185.98397121658357,True,0.01240312479355135,-1.800000000000003,0.04750523128658565,-26.465171262744477,1.755,0.004999999999999893,,False,0.0,,,pyin_probability_below_0.5|voicing_disagreement,,False
1.76,1.7173333333333334,1.8026666666666666,False,182.78887791090543,True,0.047686993082531035,-2.1000000000000014,0.05094904752234406,-25.857278611819076,1.765,0.004999999999999893,207.3408689164558,True,0.6370406986897539,24.551991005550377,-2.181914686588433,pyin_probability_below_0.5|pitch_difference_over_1_semitone,-1.5316954686605078,False
1.77,1.7273333333333334,1.8126666666666666,False,181.73609144327253,True,0.07797523762294818,-2.200000000000002,0.054376160403817514,-25.291829239239043,1.775,0.004999999999999893,190.50447082671351,True,0.7758149824258058,8.768379383440987,-0.8157587905133235,pyin_probability_below_0.5,-2.9978513647356166,False
1.78,1.7373333333333334,1.8226666666666667,False,180.68936857950385,True,0.15046460134333883,-2.2999999999999976,0.05797048052299752,-24.735861994095238,1.785,0.004999999999999893,181.32232897077122,True,0.9443009085111875,0.6329603912673747,-0.06053968449885957,pyin_probability_below_0.5,-3.8530704707500787,False
1.79,1.7473333333333334,1.8326666666666667,False,179.64867439581087,True,0.1765306086328976,-2.4000000000000026,0.06043756966443734,-24.37386015950784,1.795,0.004999999999999893,175.06982768753173,True,0.9787993325067967,4.578846708279144,0.44697390243704826,pyin_probability_below_0.5,-4.460584057685994,False
1.8,1.7573333333333334,1.8426666666666667,False,178.6139741695516,True,0.20650679911775227,-2.499999999999999,0.06135355378182683,-24.24320553139232,1.805,0.004999999999999893,171.10760606392907,True,0.9948625634260798,7.506368105622528,0.7432927770034424,pyin_probability_below_0.5,-4.8569029322523845,False
1.81,1.7673333333333334,1.8526666666666667,False,177.5852333780714,True,0.37213589829750876,-2.6000000000000028,0.0613831824525543,-24.239011980594803,1.815,0.004999999999999893,169.71479006393426,True,0.9822105186084286,7.870443314137134,0.7847919234276556,pyin_probability_below_0.5,-4.9984020786766,False
1.82,1.7773333333333334,1.8626666666666667,False,174.53442536143424,True,0.7571601330199091,-2.900000000000002,0.056445014211415005,-24.96748826560333,1.825,0.004999999999999893,165.6637400002803,True,0.9702734102906625,8.870685361153932,0.9030451086575544,,-5.416655263906498,False
1.83,1.7873333333333334,1.8726666666666667,False,169.56576906952336,True,0.48498680771591135,-3.4000000000000012,0.04941944723097854,-26.122042332008768,1.835,0.004999999999999893,162.6933789771448,True,0.9466184680871282,6.872390092378566,0.7162730012430736,pyin_probability_below_0.5,-5.729883156492015,False
1.84,1.7973333333333332,1.8826666666666667,False,168.58914210463126,True,0.09203757081218102,-3.500000000000001,0.0441726478668738,-27.09693133586218,1.845,0.004999999999999893,164.21089987041412,True,0.8829933324400471,4.37824223421714,0.45554076970362145,pyin_probability_below_0.5,-5.569150924952561,False
1.85,1.8073333333333332,1.8926666666666667,False,169.56576906952336,True,0.022944219124638603,-3.4000000000000012,0.040552533129057065,-27.839640244784793,1.855,0.004999999999999893,,False,0.0,,,pyin_probability_below_0.5|voicing_disagreement,,False
1.86,1.8173333333333332,1.9026666666666667,False,169.56576906952336,True,0.010259050559778863,-3.4000000000000012,0.03402750590748978,-29.36339763889475,1.865,0.004999999999999893,,False,0.0,,,pyin_probability_below_0.5|voicing_disagreement,,False
1.87,1.8273333333333333,1.9126666666666667,False,177.5852333780714,True,0.010000000417925077,-2.6000000000000028,0.03248262789337561,-29.766976858675626,1.875,0.004999999999999893,,False,0.0,,,pyin_probability_below_0.5|voicing_disagreement,,False
1.88,1.8373333333333333,1.9226666666666667,False,,False,0.0100028158258111,,0.05006497136124376,-26.009320558575872,1.875,-0.004999999999999893,,False,0.0,,,,,False
1.89,1.8473333333333333,1.9326666666666668,False,195.90826859169485,True,0.011853505394683413,-0.9000000000000026,0.06338562008253851,-23.960185134840618,1.885,-0.004999999999999893,,False,0.0,,,pyin_probability_below_0.5|voicing_disagreement,,False
1.9,1.8573333333333333,1.9426666666666668,False,195.90826859169485,True,0.03010686179419501,-0.9000000000000026,0.07258527941186303,-22.783028940936056,1.895,-0.004999999999999893,,False,0.0,,,pyin_probability_below_0.5|voicing_disagreement,,False
1.91,1.8673333333333333,1.9526666666666668,False,194.7799199939686,True,0.0779752376229482,-0.9999999999999994,0.07867372497300869,-22.083405735164536,1.905,-0.004999999999999893,210.11091409510996,True,0.51097110273109,15.330994101141357,-1.3116737683860946,pyin_probability_below_0.5|pitch_difference_over_1_semitone,-1.3019363868628457,False
1.92,1.8773333333333333,1.9626666666666666,False,194.7799199939686,True,0.1765306086328976,-0.9999999999999994,0.08267463648818894,-21.65255411915806,1.915,-0.004999999999999893,197.6920905343731,True,0.7365192204539235,2.912170540404503,-0.25692233794258507,pyin_probability_below_0.5,-2.356687817306356,False
1.93,1.8873333333333333,1.9726666666666666,False,194.7799199939686,True,0.24075439447557426,-0.9999999999999994,0.08627154040311226,-21.282648948805615,1.925,-0.004999999999999893,194.2998075872425,True,0.9227105304349581,0.4801124067261071,0.04272581215929705,pyin_probability_below_0.5,-2.656335967408239,False
1.94,1.8973333333333333,1.9826666666666666,False,195.90826859169485,True,0.32333605839064083,-0.9000000000000026,0.09026739796337768,-20.889381525555105,1.935,-0.004999999999999893,193.01989611782798,True,0.9777044539244032,2.888372473866866,0.2571446945486603,pyin_probability_below_0.5,-2.770754849797605,False
1.95,1.9073333333333333,1.9926666666666666,False,195.90826859169485,True,0.42606232904328145,-0.9000000000000026,0.093765650898538,-20.55912454526967,1.9549999999999998,0.004999999999999893,195.94914838020654,True,0.9777399578620782,0.040879788511688275,-0.0036121547778140434,pyin_probability_below_0.5,-2.5099980004711306,False
1.96,1.9173333333333333,2.002666666666667,False,194.7799199939686,True,0.7571601330199094,-0.9999999999999994,0.0902062280992256,-20.895269529482746,1.9649999999999999,0.004999999999999893,198.14125435243818,True,0.9846178379765762,3.361334358469577,-0.2962120056393705,,-2.3173981496095726,True
1.97,1.9273333333333333,2.0126666666666666,False,195.90826859169485,True,0.8266685594724996,-0.9000000000000026,0.08121404455875204,-21.80737721149736,1.9749999999999999,0.004999999999999893,199.65200950984035,True,0.9878165106151889,3.7437409181455052,-0.32771163526290614,,-2.1858985199860363,True
1.98,1.9373333333333334,2.022666666666667,False,197.04315364635175,True,0.8266685594724995,-0.8000000000000008,0.07220985271248215,-22.828070816827243,1.9849999999999999,0.004999999999999893,200.39234481622563,True,0.9854246405658534,3.349191169873876,-0.29178928762734896,,-2.1218208676215933,True
1.99,1.9473333333333334,2.0326666666666666,False,198.18461302324906,True,0.8911444948731204,-0.7000000000000022,0.06404233022800952,-23.87065748672415,1.9949999999999999,0.004999999999999893,200.87875246585273,True,0.9651533940367443,2.694139442603671,-0.23376020967502423,,-2.079849945573918,True
2.0,1.9573333333333334,2.042666666666667,False,199.33268480704808,True,0.9459302094659092,-0.6000000000000011,0.05640610008171658,-24.97347852722256,2.005,0.004999999999999893,199.4166041772857,True,0.8911691217968567,0.08391937023762353,-0.007286988455660348,,-2.2063231667932817,True
2.01,1.9673333333333334,2.0526666666666666,False,200.48740730303228,True,0.8911444948731203,-0.5000000000000041,0.0486876983009927,-26.25161512268071,2.005,-0.004999999999999893,199.4166041772857,True,0.8911691217968567,1.070803125746579,0.0927130115443357,,-2.2063231667932817,True
2.02,1.9773333333333334,2.062666666666667,False,200.48740730303228,True,0.7571601330199094,-0.5000000000000041,0.04023164906052801,-27.908643314167772,2.015,-0.004999999999999893,188.89830079581705,True,0.7861461781288663,11.589106507215234,1.0308227879941971,pitch_difference_over_1_semitone,-3.14443294324314,False
2.03,1.9873333333333334,2.0726666666666667,False,202.8169587634771,True,0.01508558729750434,-0.30000000000000204,0.036009374853720494,-28.871688363985704,2.025,-0.004999999999999893,,False,0.0,,,pyin_probability_below_0.5|voicing_disagreement,,False
2.04,1.9973333333333334,2.082666666666667,False,190.3311404729313,True,0.010000016226422834,-1.4000000000000004,0.030813433052529843,-30.22519824871479,2.035,-0.004999999999999893,,False,0.0,,,pyin_probability_below_0.5|voicing_disagreement,,False
2.05,2.0073333333333334,2.0926666666666667,False,172.52972650401387,True,0.010000000000075398,-3.0999999999999983,0.028132275809745786,-31.015902668011055,2.045,-0.004999999999999893,,False,0.0,,,pyin_probability_below_0.5|voicing_disagreement,,False
2.06,2.017333333333333,2.1026666666666665,False,172.52972650401387,True,0.010000000000006923,-3.0999999999999983,0.02859619410681659,-30.873835273359646,2.055,-0.004999999999999893,,False,0.0,,,pyin_probability_below_0.5|voicing_disagreement,,False
2.07,2.0273333333333334,2.1126666666666667,False,172.52972650401387,True,0.010000000000006925,-3.0999999999999983,0.028897781257030856,-30.782710013255876,2.065,-0.004999999999999893,,False,0.0,,,pyin_probability_below_0.5|voicing_disagreement,,False
2.08,2.037333333333333,2.1226666666666665,False,172.52972650401387,True,0.010000000000006925,-3.0999999999999983,0.028975734871909173,-30.75931081616192,2.085,0.004999999999999893,,False,0.0,,,pyin_probability_below_0.5|voicing_disagreement,,False
2.09,2.0473333333333334,2.1326666666666667,False,172.52972650401387,True,0.010000000000006925,-3.0999999999999983,0.02901927761728149,-30.746268054873497,2.085,-0.004999999999999893,,False,0.0,,,pyin_probability_below_0.5|voicing_disagreement,,False
2.1,2.0573333333333332,2.1426666666666665,False,,False,0.010000000001606033,,0.03527310175513913,-29.051126975682475,2.105,0.004999999999999893,,False,0.0,,,,,False
2.11,2.0673333333333335,2.1526666666666667,False,,False,0.010002815825811098,,0.04517757017373682,-26.901542616837055,2.105,-0.004999999999999893,,False,0.0,,,,,False
2.12,2.0773333333333333,2.1626666666666665,False,177.5852333780714,True,0.013100262550513395,-2.6000000000000028,0.05073581718744394,-25.893706803496524,2.125,0.004999999999999893,,False,0.0,,,pyin_probability_below_0.5|voicing_disagreement,,False
2.13,2.0873333333333335,2.1726666666666667,False,176.56241769755178,True,0.03489742801962527,-2.700000000000001,0.05489074121563862,-25.210018093900107,2.125,-0.004999999999999893,,False,0.0,,,pyin_probability_below_0.5|voicing_disagreement,,False
2.14,2.0973333333333333,2.1826666666666665,False,174.53442536143424,True,0.09203757081218103,-2.900000000000002,0.0604372861124313,-24.373900910769386,2.145,0.004999999999999893,180.45663909534431,True,0.752138846427569,5.92221373391007,-0.5776871816711704,pyin_probability_below_0.5,-3.9359229735777728,False
2.15,2.1073333333333335,2.1926666666666668,False,173.52918104210445,True,0.1504646013433388,-3.0000000000000036,0.06553232353995361,-23.670888665082753,2.145,-0.004999999999999893,180.45663909534431,True,0.752138846427569,6.92745805323986,-0.6776871816711711,pyin_probability_below_0.5,-3.9359229735777728,False
2.16,2.1173333333333333,2.2026666666666666,False,172.52972650401387,True,0.20650679911775227,-3.0999999999999983,0.0679733882118003,-23.353221632593776,2.165,0.004999999999999893,170.57420251823632,True,0.993982470243011,1.9555239857775462,0.1973458232687505,pyin_probability_below_0.5,-4.91095597851769,False
2.17,2.1273333333333335,2.212666666666667,False,171.53602840047625,True,0.2407543944755743,-3.2000000000000006,0.07027710859291803,-23.063722299246958,2.165,-0.004999999999999893,170.57420251823632,True,0.993982470243011,0.9618258822399355,0.09734582326875066,pyin_probability_below_0.5,-4.91095597851769,False
2.18,2.1373333333333333,2.2226666666666666,False,170.54805357686834,True,0.3721358982975087,-3.3000000000000007,0.07214392675542457,-22.836004459149706,2.185,0.004999999999999893,167.06976308725726,True,0.9830408504569614,3.4782904896110836,0.35673164711174377,pyin_probability_below_0.5,-5.270341802360686,False
2.19,2.1473333333333335,2.232666666666667,False,168.58914210463126,True,0.8266685594724994,-3.500000000000001,0.06822016043722266,-23.321745271448844,2.185,-0.004999999999999893,167.06976308725726,True,0.9830408504569614,1.519379017374007,0.15673164711174653,,-5.270341802360686,True
2.2,2.1573333333333333,2.2426666666666666,False,167.61814009714527,True,0.8911444948731202,-3.600000000000003,0.06216011460951444,-24.129763869267098,2.205,0.004999999999999893,160.18533966690535,True,0.99168000576509,7.432800430239922,0.7852340774468531,,-5.998844232695799,False
2.21,2.167333333333333,2.252666666666667,False,166.65273064969477,True,0.8911444948731202,-3.700000000000001,0.05713168042543244,-24.862460035239366,2.205,-0.004999999999999893,160.18533966690535,True,0.99168000576509,6.467390982789425,0.6852340774468588,,-5.998844232695799,False
2.22,2.1773333333333333,2.2626666666666666,False,164.73856077731807,True,0.8911444948731202,-3.9000000000000035,0.051503165648297,-25.763321523512367,2.225,0.004999999999999893,164.60564639223162,True,0.9829566467032932,0.13291438508645115,0.013973582443882294,,-5.5275837376928285,True
2.23,2.187333333333333,2.272666666666667,False,163.7897364863335,True,0.8911444948731202,-4.000000000000001,0.04438302953876183,-27.05566113218323,2.225,-0.004999999999999893,164.60564639223162,True,0.9829566467032932,0.8159099058981099,-0.08602641755611547,,-5.5275837376928285,True
2.24,2.1973333333333334,2.2826666666666666,False,164.73856077731807,True,0.8911444948731202,-3.9000000000000035,0.038396445122149195,-28.31417964561835,2.245,0.004999999999999893,169.86622922544547,True,0.9876026267482684,5.127668448127395,-0.530649260576059,,-4.9829608946728845,False
2.25,2.207333333333333,2.292666666666667,False,166.65273064969477,True,0.9459302094659091,-3.700000000000001,0.033734462428937385,-29.438524121916004,2.245,-0.004999999999999893,169.86622922544547,True,0.9876026267482684,3.213498575750691,-0.33064926057605504,,-4.9829608946728845,True
2.26,2.2173333333333334,2.3026666666666666,False,168.58914210463126,True,0.9459302094659091,-3.500000000000001,0.028723014279417047,-30.835399717406947,2.255,-0.004999999999999893,172.80790163896876,True,0.9658755400366299,4.218759534337494,-0.42789075560561135,,-4.68571939964333,True
2.27,2.227333333333333,2.312666666666667,False,170.54805357686834,True,0.945930209465909,-3.3000000000000007,0.024083018099635672,-32.36578175868083,2.265,-0.004999999999999893,174.23801648887527,True,0.9378980619111593,3.6899629120069335,-0.3705737498386142,,-4.543036405410328,True
2.28,2.2373333333333334,2.3226666666666667,False,171.53602840047625,True,0.8911444948731202,-3.2000000000000006,0.018499458569725406,-34.65681964126029,2.275,-0.004999999999999893,173.6473082709057,True,0.914570654972632,2.111279870429456,-0.21178109087508856,,-4.601829064373854,True
2.29,2.247333333333333,2.332666666666667,False,173.52918104210445,True,0.7571601330199091,-3.0000000000000036,0.013011640392635332,-37.71335895952862,2.285,-0.004999999999999893,,False,0.0,,,voicing_disagreement,,False
2.3,2.2573333333333334,2.3426666666666667,False,175.5454930018647,True,0.3233360583906408,-2.8,0.007662622898957796,-42.31245093746751,2.295,-0.004999999999999893,,False,0.0,,,pyin_probability_below_0.5|voicing_disagreement,,False
2.31,2.267333333333333,2.3526666666666665,False,169.56576906952336,True,0.06608151270920701,-3.4000000000000012,0.0029579456145616034,-50.580196305990945,2.305,-0.004999999999999893,,False,0.0,,,pyin_probability_below_0.5|voicing_disagreement,,False
2.32,2.2773333333333334,2.3626666666666667,False,163.7897364863335,True,0.030106861794195014,-4.000000000000001,0.002001358662129509,-53.973501495385605,2.315,-0.004999999999999893,,False,0.0,,,pyin_probability_below_0.5|voicing_disagreement,,False
2.33,2.287333333333333,2.3726666666666665,False,157.29923159850804,True,0.010140046044704068,-4.7,0.0019901326499158845,-54.0223595049062,2.325,-0.004999999999999893,,False,0.0,,,pyin_probability_below_0.5|voicing_disagreement,,False
2.34,2.2973333333333334,2.3826666666666667,False,144.24403136881983,True,0.010006178555334078,-6.200000000000005,0.001854090159848693,-54.637383020090056,2.335,-0.004999999999999893,,False,0.0,,,pyin_probability_below_0.5|voicing_disagreement,,False
2.35,2.3073333333333332,2.3926666666666665,False,130.75308233882095,True,0.01001876450976914,-7.900000000000002,0.0018013725171261209,-54.887929348238266,2.355,0.004999999999999893,,False,0.0,,,pyin_probability_below_0.5|voicing_disagreement,,False
2.36,2.3173333333333335,2.4026666666666667,False,132.2723599733492,True,0.010140046044704068,-7.700000000000005,0.0017878750923723135,-54.953256518277925,2.355,-0.004999999999999893,,False,0.0,,,pyin_probability_below_0.5|voicing_disagreement,,False
2.37,2.3273333333333333,2.4126666666666665,False,130.75308233882095,True,0.010622609040911533,-7.900000000000002,0.001858437328599141,-54.61704159749897,2.375,0.004999999999999893,,False,0.0,,,pyin_probability_below_0.5|voicing_disagreement,,False
2.38,2.3373333333333335,2.4226666666666667,False,126.29915234996876,True,0.011853505394683413,-8.500000000000002,0.0018583878998747689,-54.617272618555106,2.375,-0.004999999999999893,,False,0.0,,,pyin_probability_below_0.5|voicing_disagreement,,False
2.39,2.3473333333333333,2.4326666666666665,False,121.9969395672486,True,0.03010686179419501,-9.100000000000003,0.0017975067190428736,-54.90658955116541,2.395,0.004999999999999893,,False,0.0,,,pyin_probability_below_0.5|voicing_disagreement,,False
2.4,2.3573333333333335,2.4426666666666668,False,120.59568520237023,True,0.24075439447557428,-9.3,0.0017821159638746942,-54.98128078901005,2.395,-0.004999999999999893,,False,0.0,,,pyin_probability_below_0.5|voicing_disagreement,,False
2.41,2.3673333333333333,2.4526666666666666,False,121.9969395672486,True,0.2065067991177523,-9.100000000000003,0.001606546829001359,-55.882132214817304,2.415,0.004999999999999893,,False,0.0,,,pyin_probability_below_0.5|voicing_disagreement,,False
2.42,2.3773333333333335,2.462666666666667,False,121.29428889978496,True,0.15046460134333883,-9.200000000000003,0.0014054453096265132,-57.043720990309616,2.415,-0.004999999999999893,,False,0.0,,,pyin_probability_below_0.5|voicing_disagreement,,False
2.43,2.3873333333333333,2.4726666666666666,False,120.59568520237023,True,0.06608151270920701,-9.3,0.0012915692283028692,-57.777646212358285,2.435,0.004999999999999893,,False,0.0,,,pyin_probability_below_0.5|voicing_disagreement,,False
2.44,2.3973333333333335,2.482666666666667,False,117.16256013940793,True,0.0779752376229482,-9.8,0.0011704882783980795,-58.63265862187635,2.435,-0.004999999999999893,,False,0.0,,,pyin_probability_below_0.5|voicing_disagreement,,False
2.45,2.4073333333333333,2.4926666666666666,False,117.16256013940793,True,0.03489742801962526,-9.8,0.0010953048129337453,-59.20930007942559,2.455,0.004999999999999893,,False,0.0,,,pyin_probability_below_0.5|voicing_disagreement,,False
2.46,2.417333333333333,2.502666666666667,False,119.9011051661721,True,0.012403124793551346,-9.4,0.000961631007713372,-60.33983082650852,2.455,-0.004999999999999893,,False,0.0,,,pyin_probability_below_0.5|voicing_disagreement,,False
2.47,2.4273333333333333,2.5126666666666666,False,119.9011051661721,True,0.010622609040911533,-9.4,0.000918647545343064,-60.73702162151933,2.475,0.004999999999999893,,False,0.0,,,pyin_probability_below_0.5|voicing_disagreement,,False
2.48,2.437333333333333,2.522666666666667,False,113.17157322849613,True,0.011853505394683413,-10.400000000000002,0.0009128033326883848,-60.79245565914273,2.475,-0.004999999999999893,,False,0.0,,,pyin_probability_below_0.5|voicing_disagreement,,False
2.49,2.4473333333333334,2.5326666666666666,False,116.48775344855382,True,0.010259050559778863,-9.9,0.0007838538645241128,-62.11529792351666,2.495,0.004999999999999893,,False,0.0,,,pyin_probability_below_0.5|voicing_disagreement,,False
2.5,2.457333333333333,2.542666666666667,False,116.48775344855382,True,0.01002672467381077,-9.9,0.0007659391204060307,-62.31611496563652,2.495,-0.004999999999999893,,False,0.0,,,pyin_probability_below_0.5|voicing_disagreement,,False
2.51,2.4673333333333334,2.5526666666666666,False,113.82716948276507,True,0.010349055133375844,-10.3,0.0008002381715676155,-61.93561473007784,2.505,-0.004999999999999893,,False,0.0,,,pyin_probability_below_0.5|voicing_disagreement,,False
2.52,2.477333333333333,2.562666666666667,False,113.82716948276507,True,0.01000419105279527,-10.3,0.0007451983891894609,-62.554561850794606,2.515,-0.004999999999999893,,False,0.0,,,pyin_probability_below_0.5|voicing_disagreement,,False
2.53,2.4873333333333334,2.5726666666666667,False,111.87168684176291,True,0.010000802780927255,-10.6,0.0007573837414675,-62.41368043972335,2.525,-0.004999999999999893,,False,0.0,,,pyin_probability_below_0.5|voicing_disagreement,,False
2.54,2.497333333333333,2.582666666666667,False,110.58673092361124,True,0.01001876450976914,-10.8,0.0007421587034375154,-62.590064302579044,2.535,-0.004999999999999893,,False,0.0,,,pyin_probability_below_0.5|voicing_disagreement,,False
2.55,2.5073333333333334,2.5926666666666667,False,104.98464168400547,True,0.0100028158258111,-11.700000000000001,0.0007036436340435077,-63.05294474197356,2.545,-0.004999999999999893,,False,0.0,,,pyin_probability_below_0.5|voicing_disagreement,,False
2.56,2.517333333333333,2.6026666666666665,False,103.77879022636449,True,0.010000000208892744,-11.9,0.0007744616436216227,-62.22000172919876,2.555,-0.004999999999999893,,False,0.0,,,pyin_probability_below_0.5|voicing_disagreement,,False
2.57,2.5273333333333334,2.6126666666666667,False,97.3899599969843,True,0.010000078102280324,-13.0,0.0007373228607716956,-62.64684601085479,2.565,-0.004999999999999893,,False,0.0,,,pyin_probability_below_0.5|voicing_disagreement,,False
2.58,2.537333333333333,2.6226666666666665,False,97.3899599969843,True,0.0100000470079773,-13.0,0.0007484827677855585,-62.51636387814315,2.575,-0.004999999999999893,,False,0.0,,,pyin_probability_below_0.5|voicing_disagreement,,False
2.59,2.5473333333333334,2.6326666666666667,False,94.07250043362458,True,0.010000000208892744,-13.6,0.0006806829973580899,-63.341101948265965,2.585,-0.004999999999999893,,False,0.0,,,pyin_probability_below_0.5|voicing_disagreement,,False
2.6,2.5573333333333332,2.6426666666666665,False,97.95413429584742,True,0.010000016226422836,-12.900000000000002,0.0006894666282958181,-63.229734995787936,2.605,0.004999999999999893,,False,0.0,,,pyin_probability_below_0.5|voicing_disagreement,,False
2.61,2.5673333333333335,2.65,True,97.3899599969843,True,0.010000002871100368,-13.0,0.0006672421532539155,-63.51433049598896,2.605,-0.004999999999999893,,False,0.0,,,pyin_probability_below_0.5|voicing_disagreement|edge_window,,False
2.62,2.5773333333333333,2.65,True,97.3899599969843,True,0.010000002871100368,-13.0,0.0006927425635676109,-63.18856255144543,2.625,0.004999999999999893,,False,0.0,,,pyin_probability_below_0.5|voicing_disagreement|edge_window,,False
2.63,2.5873333333333335,2.65,True,98.52157682317586,True,0.010000802780927255,-12.800000000000002,0.0007318378548199293,-62.71170260171048,2.625,-0.004999999999999893,,False,0.0,,,pyin_probability_below_0.5|voicing_disagreement|edge_window,,False
2.64,2.5973333333333333,2.65,True,100.24370365151614,True,0.010000000009505967,-12.500000000000004,0.000692651399619359,-63.189705677539045,,,,,,,,pyin_probability_below_0.5|edge_window,,False
