recording,unit_id,word,reference_unit,expected_orthographic_tone,tone_basis,start_s,end_s,duration_s,boundary_status,flags,reliable_frames,total_frames,pyin_hz_median,praat_hz_median,pyin_relative_st_median,praat_relative_st_median,window_crosses_boundary_frames
natural,1,Ẹlẹ́dẹ̀,Ẹ,M,"unmarked vowel: provisional orthographic M, completeness not independently confirmed",0.38999999999999996,0.53,0.14000000000000007,UNVERIFIED_ACOUSTIC_SEED_REQUIRES_NATIVE_REVIEW,"{""pyin_probability_below_0.5"": 10, ""voicing_disagreement"": 3}",0,14,138.92930767071053,138.51508720002374,0.4499999999999953,0.27684915355933454,9
natural,2,Ẹlẹ́dẹ̀,lẹ́,H,explicit acute/grave,0.53,0.71,0.17999999999999994,UNVERIFIED_ACOUSTIC_SEED_REQUIRES_NATIVE_REVIEW,"{""pyin_probability_below_0.5"": 18}",0,18,179.65167137452772,176.8787858697009,4.8999999999999995,4.509100104203104,9
natural,3,Ẹlẹ́dẹ̀,dẹ̀,L,explicit acute/grave,0.71,0.9,0.19000000000000006,UNVERIFIED_ACOUSTIC_SEED_REQUIRES_NATIVE_REVIEW,"{""pyin_probability_below_0.5"": 12, ""pitch_difference_over_1_semitone"": 4, ""voicing_disagreement"": 7}",0,19,151.37169133895287,162.52778003106283,1.6499999999999986,3.0445676375935067,9
natural,4,náà,ná,H,explicit acute/grave,0.9,1.08,0.18000000000000005,UNVERIFIED_ACOUSTIC_SEED_REQUIRES_NATIVE_REVIEW,"{""pyin_probability_below_0.5"": 17, ""pitch_difference_over_1_semitone"": 2, ""voicing_disagreement"": 1}",0,18,155.49249582586248,149.7455496854031,2.399999999999995,1.6254250086427575,9
natural,5,náà,à,L,explicit acute/grave,1.08,1.24,0.15999999999999992,UNVERIFIED_ACOUSTIC_SEED_REQUIRES_NATIVE_REVIEW,"{""pyin_probability_below_0.5"": 5}",11,16,115.81683335824411,116.0003621032973,-2.700000000000003,-2.7941166638819883,9
natural,6,bí,bí,H,explicit acute/grave,1.24,1.48,0.24,UNVERIFIED_ACOUSTIC_SEED_REQUIRES_NATIVE_REVIEW,"{""pyin_probability_below_0.5"": 17, ""voicing_disagreement"": 1, ""pitch_difference_over_1_semitone"": 1}",6,24,133.80929076365396,131.67933785712856,-0.20000000000000362,-0.5993797081662215,9
natural,7,ọmọ,ọ,M,"unmarked vowel: provisional orthographic M, completeness not independently confirmed",1.48,1.6,0.1200000000000001,UNVERIFIED_ACOUSTIC_SEED_REQUIRES_NATIVE_REVIEW,"{""pyin_probability_below_0.5"": 10}",2,12,129.25125509628117,128.83470466800918,-0.8000000000000008,-0.9774138931001563,9
natural,8,ọmọ,mọ,M,"unmarked vowel: provisional orthographic M, completeness not independently confirmed",1.6,1.88,0.2799999999999998,UNVERIFIED_ACOUSTIC_SEED_REQUIRES_NATIVE_REVIEW,"{""pyin_probability_below_0.5"": 22, ""pitch_difference_over_1_semitone"": 1, ""voicing_disagreement"": 2}",6,28,168.5919545833343,167.37767014284987,3.7999999999999967,3.55346130559636,9
natural,9,mẹ́fà,mẹ́,H,explicit acute/grave,1.88,2.0175,0.13750000000000018,UNVERIFIED_ACOUSTIC_SEED_REQUIRES_NATIVE_REVIEW,"{""pyin_probability_below_0.5"": 13, ""voicing_disagreement"": 10, ""pitch_difference_over_1_semitone"": 2}",0,14,148.4707041104003,109.68700061552465,1.599999999999999,-3.762957656326126,9
natural,10,mẹ́fà,fà,L,explicit acute/grave,2.0175,2.14,0.12250000000000005,UNVERIFIED_ACOUSTIC_SEED_REQUIRES_NATIVE_REVIEW,"{""pyin_probability_below_0.5"": 12, ""pitch_difference_over_1_semitone"": 1, ""voicing_disagreement"": 7}",0,12,116.48775344855382,110.89014947570556,-2.6000000000000028,-3.574093766339856,9
natural,11,péré,pé,H,explicit acute/grave,2.14,2.3791666666666664,0.2391666666666663,UNVERIFIED_ACOUSTIC_SEED_REQUIRES_NATIVE_REVIEW,"{""pyin_probability_below_0.5"": 20, ""voicing_disagreement"": 6, ""pitch_difference_over_1_semitone"": 1}",0,24,114.81817052540308,116.80775800810135,-2.850000000000003,-2.674724801618325,9
natural,12,péré,ré,H,explicit acute/grave,2.3791666666666664,2.56,0.18083333333333362,UNVERIFIED_ACOUSTIC_SEED_REQUIRES_NATIVE_REVIEW,"{""pyin_probability_below_0.5"": 8, ""pitch_difference_over_1_semitone"": 1, ""voicing_disagreement"": 2}",0,18,155.94287525826883,158.00802185543546,2.4499999999999953,2.5561041687829524,9
mini_tts_r01,1,Ẹlẹ́dẹ̀,Ẹ,M,"unmarked vowel: provisional orthographic M, completeness not independently confirmed",0,0.21,0.21,UNVERIFIED_ACOUSTIC_SEED_REQUIRES_NATIVE_REVIEW,"{""pyin_probability_below_0.5"": 19, ""edge_window"": 5, ""pitch_difference_over_1_semitone"": 1}",2,21,241.19137040474044,235.93864168001605,4.199999999999998,3.484588724230135,4
mini_tts_r01,2,Ẹlẹ́dẹ̀,lẹ́,H,explicit acute/grave,0.21,0.5083333333333333,0.29833333333333334,UNVERIFIED_ACOUSTIC_SEED_REQUIRES_NATIVE_REVIEW,"{""pyin_probability_below_0.5"": 23, ""pitch_difference_over_1_semitone"": 7, ""voicing_disagreement"": 2}",7,30,260.75308233882095,259.7185861115522,5.55,5.146728173778808,9
mini_tts_r01,3,Ẹlẹ́dẹ̀,dẹ̀,L,explicit acute/grave,0.5083333333333333,0.7625,0.25416666666666665,UNVERIFIED_ACOUSTIC_SEED_REQUIRES_NATIVE_REVIEW,"{""pyin_probability_below_0.5"": 15, ""pitch_difference_over_1_semitone"": 1}",11,26,165.2157211644111,162.37812763493804,-2.3500000000000014,-2.9844453158714677,10
mini_tts_r01,4,náà,ná,H,explicit acute/grave,0.7625,1.0166666666666666,0.25416666666666665,UNVERIFIED_ACOUSTIC_SEED_REQUIRES_NATIVE_REVIEW,"{""pyin_probability_below_0.5"": 21, ""pitch_difference_over_1_semitone"": 2}",4,25,178.6139741695516,176.826384829861,-0.9999999999999994,-1.5083492011659498,8
mini_tts_r01,5,náà,à,L,explicit acute/grave,1.0166666666666666,1.32,0.30333333333333345,UNVERIFIED_ACOUSTIC_SEED_REQUIRES_NATIVE_REVIEW,"{""pyin_probability_below_0.5"": 16, ""voicing_disagreement"": 13}",3,30,136.93693467412865,156.73914661325364,-5.600000000000001,-3.5966299151068637,8
mini_tts_r01,6,bí,bí,H,explicit acute/grave,1.32,1.57,0.25,UNVERIFIED_ACOUSTIC_SEED_REQUIRES_NATIVE_REVIEW,"{""pyin_probability_below_0.5"": 8, ""voicing_disagreement"": 7}",12,25,192.54268179725335,190.79707903050672,0.2999999999999983,-0.1918839474826189,9
mini_tts_r01,7,ọmọ,ọ,M,"unmarked vowel: provisional orthographic M, completeness not independently confirmed",1.57,1.78,0.20999999999999996,UNVERIFIED_ACOUSTIC_SEED_REQUIRES_NATIVE_REVIEW,"{""pyin_probability_below_0.5"": 7, ""voicing_disagreement"": 2}",11,21,218.63306796596578,217.93979321165747,2.4999999999999987,2.1108035016810045,9
mini_tts_r01,8,ọmọ,mọ,M,"unmarked vowel: provisional orthographic M, completeness not independently confirmed",1.78,1.98,0.19999999999999996,UNVERIFIED_ACOUSTIC_SEED_REQUIRES_NATIVE_REVIEW,{},18,20,206.36213675586595,206.18816639652417,1.5000000000000004,1.151186506449847,9
mini_tts_r01,9,mẹ́fà,mẹ́,H,explicit acute/grave,1.98,2.26,0.2799999999999998,UNVERIFIED_ACOUSTIC_SEED_REQUIRES_NATIVE_REVIEW,"{""pyin_probability_below_0.5"": 8, ""pitch_difference_over_1_semitone"": 2, ""voicing_disagreement"": 2}",16,28,197.04315364635175,196.89557766796304,0.699999999999998,0.35281333336079007,9
mini_tts_r01,10,mẹ́fà,fà,L,explicit acute/grave,2.26,2.62,0.3600000000000003,UNVERIFIED_ACOUSTIC_SEED_REQUIRES_NATIVE_REVIEW,"{""pyin_probability_below_0.5"": 21, ""voicing_disagreement"": 9, ""pitch_difference_over_1_semitone"": 8}",0,36,168.58914210463126,155.8774157340412,-2.0000000000000004,-3.710727310652042,9
mini_tts_r01,11,péré,pé,H,explicit acute/grave,2.62,2.87,0.25,UNVERIFIED_ACOUSTIC_SEED_REQUIRES_NATIVE_REVIEW,"{""pyin_probability_below_0.5"": 19, ""voicing_disagreement"": 2, ""pitch_difference_over_1_semitone"": 1}",0,25,160.04877373483913,157.74389590657788,-2.8999999999999995,-3.485341767085047,9
mini_tts_r01,12,péré,ré,H,explicit acute/grave,2.87,3.05,0.17999999999999972,UNVERIFIED_ACOUSTIC_SEED_REQUIRES_NATIVE_REVIEW,"{""pyin_probability_below_0.5"": 14, ""pitch_difference_over_1_semitone"": 3}",0,18,138.9339430311398,132.24256942053117,-5.350000000000001,-6.538111988229911,9
mini_tts_r02,1,Ẹlẹ́dẹ̀,Ẹ,M,"unmarked vowel: provisional orthographic M, completeness not independently confirmed",0,0.31,0.31,UNVERIFIED_ACOUSTIC_SEED_REQUIRES_NATIVE_REVIEW,"{""edge_window"": 5, ""pyin_probability_below_0.5"": 10, ""voicing_disagreement"": 4}",18,31,192.54268179725335,191.79724115532798,-0.2000000000000017,-0.2198832360924663,4
mini_tts_r02,2,Ẹlẹ́dẹ̀,lẹ́,H,explicit acute/grave,0.31,0.7116666666666666,0.40166666666666656,UNVERIFIED_ACOUSTIC_SEED_REQUIRES_NATIVE_REVIEW,"{""pyin_probability_below_0.5"": 18, ""voicing_disagreement"": 4}",21,41,189.23491376948436,189.42833852725582,-0.5000000000000001,-0.43501899587273,10
mini_tts_r02,3,Ẹlẹ́dẹ̀,dẹ̀,L,explicit acute/grave,0.7116666666666666,0.95,0.2383333333333334,UNVERIFIED_ACOUSTIC_SEED_REQUIRES_NATIVE_REVIEW,"{""pyin_probability_below_0.5"": 4, ""voicing_disagreement"": 3}",6,23,194.7799199939686,192.91278725202477,0.0,-0.1202810976916625,8
mini_tts_r02,4,náà,ná,H,explicit acute/grave,0.95,1.51,0.56,UNVERIFIED_ACOUSTIC_SEED_REQUIRES_NATIVE_REVIEW,"{""pyin_probability_below_0.5"": 24, ""voicing_disagreement"": 8, ""pitch_difference_over_1_semitone"": 9}",27,56,194.7799199939686,195.4751709567803,0.0,0.10897934560970587,9
mini_tts_r02,5,náà,à,L,explicit acute/grave,1.51,1.66,0.1499999999999999,UNVERIFIED_ACOUSTIC_SEED_REQUIRES_NATIVE_REVIEW,{},0,15,,,,,9
mini_tts_r02,6,bí,bí,H,explicit acute/grave,1.66,2.14,0.4800000000000002,UNVERIFIED_ACOUSTIC_SEED_REQUIRES_NATIVE_REVIEW,"{""pyin_probability_below_0.5"": 14, ""voicing_disagreement"": 10}",22,48,221.17346184722248,221.86433364496645,2.1999999999999993,2.3012880557634743,9
mini_tts_r02,7,ọmọ,ọ,M,"unmarked vowel: provisional orthographic M, completeness not independently confirmed",2.14,2.37,0.22999999999999998,UNVERIFIED_ACOUSTIC_SEED_REQUIRES_NATIVE_REVIEW,"{""pyin_probability_below_0.5"": 12, ""voicing_disagreement"": 6, ""pitch_difference_over_1_semitone"": 2}",11,23,209.96928336801093,208.17838834893317,1.2999999999999994,1.1989985787937028,9
mini_tts_r02,8,ọmọ,mọ,M,"unmarked vowel: provisional orthographic M, completeness not independently confirmed",2.37,2.76,0.3899999999999997,UNVERIFIED_ACOUSTIC_SEED_REQUIRES_NATIVE_REVIEW,"{""voicing_disagreement"": 10, ""pyin_probability_below_0.5"": 8}",27,39,206.36213675586595,204.0335354430857,1.0000000000000009,0.8508304683931067,9
mini_tts_r02,9,mẹ́fà,mẹ́,H,explicit acute/grave,2.76,3.28,0.52,UNVERIFIED_ACOUSTIC_SEED_REQUIRES_NATIVE_REVIEW,"{""pyin_probability_below_0.5"": 11, ""voicing_disagreement"": 7}",26,52,203.40441210831614,200.1857882200149,0.7499999999999972,0.5212295897585818,9
mini_tts_r02,10,mẹ́fà,fà,L,explicit acute/grave,3.28,3.63,0.3500000000000001,UNVERIFIED_ACOUSTIC_SEED_REQUIRES_NATIVE_REVIEW,"{""pyin_probability_below_0.5"": 13, ""voicing_disagreement"": 5, ""pitch_difference_over_1_semitone"": 3}",11,35,189.78302712120785,189.48297733200036,-0.45000000000000046,-0.4300261357563623,9
mini_tts_r02,11,péré,pé,H,explicit acute/grave,3.63,3.914166666666666,0.28416666666666623,UNVERIFIED_ACOUSTIC_SEED_REQUIRES_NATIVE_REVIEW,"{""pyin_probability_below_0.5"": 5, ""voicing_disagreement"": 2}",0,29,189.23491376948436,190.79216801475462,-0.5000000000000001,-0.31082168765464335,9
mini_tts_r02,12,péré,ré,H,explicit acute/grave,3.914166666666666,4.27,0.35583333333333345,UNVERIFIED_ACOUSTIC_SEED_REQUIRES_NATIVE_REVIEW,"{""pyin_probability_below_0.5"": 33, ""voicing_disagreement"": 4}",2,35,162.84637702113662,164.19307975053698,-3.100000000000001,-2.910125212645109,8
