generation_id,model,duration_s,pyin_median_hz,praat_median_hz,voiced_percent,voicing_disagreement_percent
p01_gpt-realtime-2.1_marin_r01,gpt-realtime-2.1,2.65,206.36213675586595,225.66331391186074,89.81132075471699,27.480916030534353
p01_gpt-realtime-2.1_marin_r02,gpt-realtime-2.1,3.2,189.23491376948436,190.6960463675214,70.9375,23.34384858044164
p02_gpt-realtime-2.1_marin_r01,gpt-realtime-2.1,4.25,180.68936857950385,182.49803627727874,85.6470588235294,14.454976303317535
p02_gpt-realtime-2.1_marin_r02,gpt-realtime-2.1,4.1,170.54805357686834,173.0077567521486,79.02439024390245,26.535626535626534
p03_gpt-realtime-2.1_marin_r01,gpt-realtime-2.1,6.35,172.52972650401387,171.88647553098457,68.34645669291339,22.151898734177216
p03_gpt-realtime-2.1_marin_r02,gpt-realtime-2.1,5.95,182.262484677089,186.06144093278243,71.59663865546219,25.16891891891892
p04_gpt-realtime-2.1_marin_r01,gpt-realtime-2.1,6.15,177.5852333780714,183.16825685642752,81.13821138211382,22.058823529411764
p04_gpt-realtime-2.1_marin_r02,gpt-realtime-2.1,6.1,180.68936857950385,176.33565369622227,82.62295081967213,22.240527182866558
p05_gpt-realtime-2.1_marin_r01,gpt-realtime-2.1,3.8,182.78887791090543,188.77245356576518,78.6842105263158,20.159151193633953
p05_gpt-realtime-2.1_marin_r02,gpt-realtime-2.1,3.6,182.78887791090543,190.19440170309534,84.72222222222223,22.969187675070028
p06_gpt-realtime-2.1_marin_r01,gpt-realtime-2.1,4.55,160.97592684906726,167.86068477855417,73.62637362637362,23.893805309734514
p06_gpt-realtime-2.1_marin_r02,gpt-realtime-2.1,4.35,199.33268480704808,200.60537167520945,72.183908045977,15.277777777777779
