timestamp_s,window_start_s,window_end_s,rms_dbfs,spectral_centroid_hz,spectral_rolloff85_hz,high_low_band_power_db
0.0125,0.0,0.025,-75.9004324204619,210.04680898239712,40.0,-6.781525013172329
0.0225,0.01,0.035,-75.68651654564438,223.86136123037122,40.0,-10.88352162386213
0.0325,0.02,0.045,-74.89154261488191,314.3281947312269,40.0,-5.331111837918804
0.0425,0.03,0.055,-51.935495804006024,1063.9494574669866,1280.0,9.032858430999868
0.0525,0.04,0.065,-44.68930764739153,1013.1921941980255,1160.0,9.006866340179496
0.0625,0.05,0.075,-42.16879494498927,988.1950811572044,1160.0,1.4135802115109128
0.0725,0.06,0.085,-42.31324497284855,1096.1950831839745,1200.0,0.9675975687806462
0.0825,0.07,0.095,-41.036790630591334,1266.0327220604647,1200.0,1.5939478778881546
0.0925,0.08,0.105,-40.12865863013013,1297.3609536346366,1200.0,-1.2143469389114776
0.1025,0.09,0.115,-39.615164944382435,1307.3142278720998,1120.0,-2.5466251180927992
0.1125,0.1,0.125,-38.73373178044435,1217.5590900047926,1120.0,-4.122300383681308
0.1225,0.11,0.135,-30.397986991784197,738.3029104353014,480.0,-13.12309176646955
0.1325,0.12,0.145,-26.057701048878997,528.34922022054,400.0,-16.57931671290738
0.1425,0.13,0.155,-23.567164921139977,511.1463171143793,600.0,-16.294422613410017
0.1525,0.14,0.165,-22.297120197033983,543.926496869713,600.0,-15.72359268376762
0.1625,0.15,0.175,-21.63458506906516,580.4694403646365,600.0,-14.75682480542597
0.1725,0.16,0.185,-21.31949152030633,610.8057919968398,600.0,-14.612395188244573
0.1825,0.17,0.195,-21.33380048685959,622.1231147061422,600.0,-17.427500224523765
0.1925,0.18,0.205,-21.543283717829578,641.4364166424897,600.0,-20.91173270770527
0.2025,0.19,0.215,-21.742699849962367,622.2965278349752,560.0,-23.66919412829506
0.2125,0.2,0.225,-21.295879507806838,618.6533348353669,560.0,-25.100663461009862
0.2225,0.21,0.235,-21.109442294138606,607.2440953838322,560.0,-25.167391293658746
0.2325,0.22,0.245,-21.503722352465463,613.1365605213509,560.0,-23.82387012566264
0.2425,0.23,0.255,-22.269523209758585,596.1159855219922,520.0,-22.670957688606936
0.2525,0.24,0.265,-23.348886037861494,584.6005729625847,520.0,-21.741749624072533
0.2625,0.25,0.275,-24.329140728200613,589.7374036553151,520.0,-23.236963434358024
0.2725,0.26,0.285,-25.799120902863528,588.5977277363949,600.0,-21.714195082586482
0.2825,0.27,0.295,-27.41726975868127,581.8064210011936,640.0,-24.344691581290103
0.2925,0.28,0.305,-29.11637558124823,555.2154358715906,840.0,-22.827974148288682
0.3025,0.29,0.315,-31.067030378385386,532.8721849199732,840.0,-24.78249450067669
0.3125,0.3,0.325,-33.928402311479104,504.80929684384955,600.0,-25.56783490802144
0.3225,0.31,0.335,-35.4323059816764,471.1788323717895,520.0,-27.859276572987014
0.3325,0.32,0.345,-39.06919945990572,438.533830543689,520.0,-30.138737679739553
0.3425,0.33,0.355,-40.802900069032745,356.95233311381867,320.0,-33.36181308288473
0.3525,0.34,0.365,-43.16424433561583,315.44822172585685,160.0,-35.436643170938815
0.3625,0.35,0.375,-47.04996196746836,304.0523564142939,160.0,-36.48759907068743
0.3725,0.36,0.385,-52.84691742754636,243.30659950984503,160.0,-31.717517914600467
0.3825,0.37,0.395,-59.106863552386045,242.3488535484427,160.0,-25.86567840460699
0.3925,0.38,0.405,-64.10389046205117,337.3241556644136,280.0,-22.39733863237289
0.4025,0.39,0.415,-60.69827775545626,168.95367364863145,40.0,-19.48590354663468
0.4125,0.4,0.425,-60.46208320809057,111.90571743566879,40.0,-19.315316548225724
0.4225,0.41,0.435,-63.577053411787645,159.09601175852487,40.0,-20.648775778427805
0.4325,0.42,0.445,-73.5003578800125,397.5066117780702,160.0,-20.646685019240994
0.4425,0.43,0.455,-79.25219406973626,476.80996084108807,160.0,-18.499339478071633
0.4525,0.44,0.465,-65.62193238095875,197.60757930920167,40.0,-16.568471681520187
0.4625,0.45,0.475,-62.31018512616223,89.9270093214982,40.0,-15.574967815953048
0.4725,0.46,0.485,-61.04475100389183,95.27834450260886,40.0,-21.484045514199686
0.4825,0.47,0.495,-60.97925804866877,88.81566904191675,40.0,-22.02403543350369
0.4925,0.48,0.505,-61.381987921862574,83.63395523876439,40.0,-23.561586451513833
0.5025,0.49,0.515,-63.15778538009784,101.92139685925466,40.0,-19.386261672797346
0.5125,0.5,0.525,-65.9217034284636,124.68552573988356,40.0,-14.498499194486023
0.5225,0.51,0.535,-68.57402808412655,155.44118577782214,40.0,-9.887352255958398
0.5325,0.52,0.545,-70.61685929710856,268.4478669488744,40.0,-10.574472183431196
0.5425,0.53,0.555,-67.34216401655254,255.2358421868565,40.0,-11.10368322877596
0.5525,0.54,0.565,-45.77964867032626,1047.5787802853156,1120.0,2.4831579563647916
0.5625,0.55,0.575,-37.783535656032456,952.1930517320725,1120.0,-0.9404356545954626
0.5725,0.56,0.585,-36.596735899007285,944.8957543835985,1080.0,-1.976369934334512
0.5825,0.57,0.595,-37.27448431696764,1028.5905361849925,1080.0,-0.36569062389887186
0.5925,0.58,0.605,-40.29502981265338,1290.6451929657264,1320.0,0.07634836014814543
0.6025,0.59,0.615,-39.8521380713127,1079.8055355429037,1120.0,-1.2557554382013492
0.6125,0.6,0.625,-40.60003475389919,972.9388613090896,960.0,-6.322862556772334
0.6225,0.61,0.635,-38.188706475742556,1001.5783467549587,1120.0,-2.8680363512647498
0.6325,0.62,0.645,-28.520573005125463,497.2656567641707,240.0,-21.431256508026834
0.6425,0.63,0.655,-24.694472930178026,364.71368442418526,240.0,-32.36189361950198
0.6525,0.64,0.665,-22.842490769171082,370.4525068263414,400.0,-37.00892625561785
0.6625,0.65,0.675,-22.250247553786924,389.43231342761317,440.0,-38.83918407518534
0.6725,0.66,0.685,-22.191659276153185,404.74879019450094,440.0,-35.69932222675678
0.6825,0.67,0.695,-22.518261200599873,417.899455950729,440.0,-39.25670028672139
0.6925,0.68,0.705,-23.320289912921794,420.5611550821644,400.0,-39.43564745002275
0.7025,0.69,0.715,-24.98493150959774,398.112688070097,400.0,-36.847778756311854
0.7125,0.7,0.725,-28.10808464165933,352.72488263135574,360.0,-38.15313494419635
0.7225,0.71,0.735,-33.58515932345287,299.241419691267,200.0,-42.11585087229877
0.7325,0.72,0.745,-43.09076797418915,305.29291585249524,400.0,-41.82732958491143
0.7425,0.73,0.755,-52.63869113514516,232.3370858125392,200.0,-41.59506435172859
0.7525,0.74,0.765,-55.6764137434311,247.41987722495236,400.0,-36.28328195191874
0.7625,0.75,0.775,-58.692583981979006,270.5672970631567,400.0,-34.71603380700185
0.7725,0.76,0.785,-47.975013981637304,575.0730159655467,120.0,-10.043032831029095
0.7825,0.77,0.795,-45.823430544443966,700.9142968988548,920.0,-13.006724542151336
0.7925,0.78,0.805,-43.842961332649686,670.9431195423871,880.0,-13.586428079483298
0.8025,0.79,0.815,-45.14769078461666,880.2423733168525,920.0,-7.976644924010307
0.8125,0.8,0.825,-45.971350481390594,1014.4453033579778,960.0,-4.736727322001976
0.8225,0.81,0.835,-44.09479980565188,936.882775635845,1040.0,0.7723180007688597
0.8325,0.82,0.845,-39.79831280578,862.1955118479495,1040.0,-1.9373469923135165
0.8425,0.83,0.855,-32.8750317104682,431.12467972672425,200.0,-21.836994987131572
0.8525,0.84,0.865,-29.905933515864813,385.7192563408545,320.0,-26.65167993778599
0.8625,0.85,0.875,-28.809566941268656,386.1083541422678,360.0,-30.292616397257824
0.8725,0.86,0.885,-28.08869702148486,374.1196937342179,360.0,-36.53918741945713
0.8825,0.87,0.895,-28.001638062259886,384.48558953138445,360.0,-37.30276727405487
0.8925,0.88,0.905,-28.13745490281788,369.7552084872327,440.0,-37.742298989641455
0.9025,0.89,0.915,-28.94047903125184,369.50118000586303,440.0,-37.592418628525095
0.9125,0.9,0.925,-29.021791397875866,377.31006362727675,440.0,-37.565390009899446
0.9225,0.91,0.935,-29.685851423625927,368.44932578404223,440.0,-37.40579438803274
0.9325,0.92,0.945,-30.13885054649736,386.7242027171273,440.0,-40.97366772344075
0.9425,0.93,0.955,-31.2576981005147,391.69891196031716,440.0,-35.16103280306042
0.9525,0.94,0.965,-33.236271511364485,381.9437185384838,400.0,-34.6985196307664
0.9625,0.95,0.975,-35.44671615327496,376.66705516902033,400.0,-30.666942925824525
0.9725,0.96,0.985,-38.64798388979746,369.4825282003342,400.0,-34.80287810522168
0.9825,0.97,0.995,-40.6727769613975,361.1508157697582,360.0,-38.37453880686788
0.9925,0.98,1.005,-42.81904779686379,333.25078868075906,320.0,-35.62132852427279
1.0025,0.99,1.015,-45.03640566141467,280.84875381427923,160.0,-39.776528893915824
1.0125,1.0,1.025,-49.96621436058107,288.9477026776136,160.0,-27.777468423335364
1.0225,1.01,1.035,-56.133257739025495,266.0637585102104,160.0,-21.804813253397203
1.0325,1.02,1.045,-61.27349593826648,303.95114031466863,80.0,-19.049124118029464
1.0425,1.03,1.055,-65.11137484495214,352.24643009130125,80.0,-16.640015215582874
1.0525,1.04,1.065,-62.25068376074987,139.1182852874469,40.0,-21.233464107814612
1.0625,1.05,1.075,-62.384346367765566,106.29198025437759,40.0,-19.648961653951677
1.0725,1.06,1.085,-66.89168662318097,243.9286471349513,40.0,-15.628554013064843
1.0825,1.07,1.095,-69.76625242420495,168.98917293792354,40.0,-10.838999922539006
1.0925,1.08,1.105,-71.13525666333695,186.44010978707868,40.0,-7.2966562651044065
1.1025,1.09,1.115,-68.87666415266266,325.70308129777385,40.0,-10.712014192394768
1.1125,1.1,1.125,-66.30756349508513,102.39179106691827,40.0,-5.994099919548029
1.1225,1.11,1.135,-63.650110110413905,104.48993846470518,40.0,-9.767534042629766
1.1325,1.12,1.145,-62.484391902100846,98.0790140885223,40.0,-4.948443463149253
1.1425,1.13,1.155,-62.99792129914898,105.21907731081477,40.0,-21.313509625708527
1.1525,1.14,1.165,-65.77240141430227,153.00865816580205,40.0,-18.291202988553277
1.1625,1.15,1.175,-64.25050949302596,163.57434558218011,40.0,-16.81401259579016
1.1725,1.16,1.185,-59.528903855590876,76.88340555082723,40.0,-13.936944934562412
1.1825,1.17,1.195,-59.37967625469583,66.63374757488373,40.0,-7.497450202450734
1.1925,1.18,1.205,-62.148011480064184,139.85694850005973,0.0,-12.188182460112952
1.2025,1.19,1.215,-61.2305335775443,82.63921575402048,40.0,-8.140109245698623
1.2125,1.2,1.225,-61.07262158895675,75.563436071277,40.0,-12.453755476541382
1.2225,1.21,1.235,-63.519355892673055,177.40735693777157,40.0,-16.648583270250057
1.2325,1.22,1.245,-66.6500648319213,125.52222363113255,40.0,-13.429192668028236
1.2425,1.23,1.255,-62.16787734796715,214.12268782242074,40.0,-15.357829827652857
1.2525,1.24,1.265,-61.438614519676015,74.31677901005732,40.0,-8.140494590784797
1.2625,1.25,1.275,-61.71551384120555,130.6167094990302,40.0,-13.49050218538997
1.2725,1.26,1.285,-61.32056808731299,175.27325587348994,80.0,-20.42690147988703
1.2825,1.27,1.295,-57.05667192192553,72.2637165016622,40.0,-11.996024317471788
1.2925,1.28,1.305,-56.61646894909005,66.24296819144529,40.0,-18.064361626679634
1.3025,1.29,1.315,-60.106712165236075,105.69265348266018,40.0,-14.718014160343474
1.3125,1.3,1.325,-65.25883367183715,181.8074382447555,40.0,-10.832974147226377
1.3225,1.31,1.335,-65.22635072812974,169.19241390223212,40.0,-18.5603209567481
1.3325,1.32,1.345,-62.86771245535419,148.01845502873115,40.0,-14.574475711215413
1.3425,1.33,1.355,-61.72992715784949,428.57100213282854,40.0,-5.559078308139867
1.3525,1.34,1.365,-57.69579099056074,1230.3311308252898,40.0,5.66615532932757
1.3625,1.35,1.375,-48.13090283093136,1879.628387521872,80.0,12.043312940724116
1.3725,1.36,1.385,-42.01582628806652,2245.5317891306836,3920.0,11.878695203874841
1.3825,1.37,1.395,-36.142760413625574,2528.4326658352284,3880.0,11.025321919323726
1.3925,1.38,1.405,-33.40420314719595,2066.1115296252146,3600.0,8.487464884423524
1.4025,1.39,1.415,-31.589589109766028,2248.200380254526,3480.0,11.439618016565902
1.4125,1.4,1.425,-29.354844420799413,2051.9087007423495,3560.0,9.846464254653561
1.4225,1.41,1.435,-28.733852027361696,1818.803015248089,3120.0,7.088082080093767
1.4325,1.42,1.445,-28.43435460611182,2034.6584406054708,3720.0,8.708208677904706
1.4425,1.43,1.455,-27.2669280136847,1985.440578210467,3400.0,8.872435933053906
1.4525,1.44,1.465,-27.466801036447382,2129.9876872858667,4000.0,6.665515023055968
1.4625,1.45,1.475,-27.4700026709454,2394.669802867652,3960.0,9.595651495233682
1.4725,1.46,1.485,-27.370576247764056,2232.2649937202,3960.0,8.675252662938663
1.4825,1.47,1.495,-27.37044338979581,2115.2775637977616,3720.0,6.188776605032363
1.4925,1.48,1.505,-27.019927105855572,2372.469952720249,4000.0,12.99966794224942
1.5025,1.49,1.515,-26.505535109608992,2192.203432087153,3680.0,10.742086274277849
1.5125,1.5,1.525,-27.080993581448176,2178.352316299783,3760.0,7.380982642642145
1.5225,1.51,1.535,-27.72103763975508,2211.1237159020343,3840.0,6.055770284653569
1.5325,1.52,1.545,-27.963843925963747,2265.5179087867705,3880.0,8.408356930649564
1.5425,1.53,1.555,-28.07367045777835,2131.0380722422524,3880.0,8.847170623022047
1.5525,1.54,1.565,-28.642717911412767,2281.122645097215,3920.0,10.948176286588538
1.5625,1.55,1.575,-29.97829478968324,2254.4921777258487,3920.0,6.330740871798108
1.5725,1.56,1.585,-29.697173901464588,1280.779636995687,280.0,-10.608061395701975
1.5825,1.57,1.595,-26.60765749281021,637.806442677992,240.0,-23.060076572934534
1.5925,1.58,1.605,-24.135807292717768,622.1916879275036,240.0,-23.727483747176667
1.6025,1.59,1.615,-23.42178263693451,643.1509146864094,240.0,-23.42444230806297
1.6125,1.6,1.625,-23.423846610413584,720.158198089236,240.0,-22.115509558415805
1.6225,1.61,1.635,-23.614050473765573,695.1510868676561,240.0,-22.954926345372
1.6325,1.62,1.645,-23.847993620726417,697.339066931698,240.0,-23.316009993934866
1.6425,1.63,1.655,-24.03764318058629,636.7058983176698,240.0,-24.368701336567653
1.6525,1.64,1.665,-24.100865855714165,659.8788471882319,240.0,-23.361769797574887
1.6625,1.65,1.675,-24.00918947534196,628.7954183208359,240.0,-23.871723465406664
1.6725,1.66,1.685,-23.834067809899544,726.4741856378868,400.0,-21.215876539203627
1.6825,1.67,1.695,-23.491518578595816,700.2800108512657,400.0,-20.850210111103856
1.6925,1.68,1.705,-22.93558783662476,673.6778882568467,400.0,-21.811231070123416
1.7025,1.69,1.715,-22.547280683308305,635.3483473610916,400.0,-23.36631435445471
1.7125,1.7,1.725,-23.927124773024374,592.9899653356177,400.0,-22.97272189766111
1.7225,1.71,1.735,-27.589594513412237,487.47249847489155,400.0,-27.046272266329822
1.7325,1.72,1.745,-33.93556944742967,556.3912469188479,200.0,-24.931297355213257
1.7425,1.73,1.755,-31.704644345700615,794.1717329351037,200.0,-18.998402356489567
1.7525,1.74,1.765,-27.284045827131873,521.6571359854996,400.0,-24.663386234363752
1.7625,1.75,1.775,-24.569532005728586,468.59706174100546,400.0,-25.584002751150358
1.7725,1.76,1.785,-23.350937411133934,465.1790641769347,400.0,-25.084444072946205
1.7825,1.77,1.795,-23.1157713312342,454.10736168288423,440.0,-25.007989678680946
1.7925,1.78,1.805,-23.056413087921662,449.6254640662141,440.0,-22.69781165257492
1.8025,1.79,1.815,-22.982227282419107,448.8474007903896,440.0,-22.677455587914764
1.8125,1.8,1.825,-23.03261068618226,438.79636820338385,440.0,-21.599241730887037
1.8225,1.81,1.835,-23.347677830207125,444.34464748587993,440.0,-20.435157594035317
1.8325,1.82,1.845,-23.785538821781373,433.8602802449407,440.0,-20.703654327343667
1.8425,1.83,1.855,-24.167286873379012,414.9521279036992,440.0,-23.300469449481433
1.8525,1.84,1.865,-24.556021875968504,399.5959701932371,440.0,-27.46588240718715
1.8625,1.85,1.875,-25.19025457726236,398.8678546185579,440.0,-32.313369367086445
1.8725,1.86,1.885,-26.089597710641645,392.7656474339586,440.0,-35.69383843737522
1.8825,1.87,1.895,-27.24660802392713,392.5721417547094,440.0,-32.96431308511228
1.8925,1.88,1.905,-28.868382542095986,386.49317028130014,400.0,-36.642294813735575
1.9025,1.89,1.915,-31.40976401337998,372.5525228485641,400.0,-39.25058402183361
1.9125,1.9,1.925,-35.435234097848166,352.14282208838324,400.0,-40.043246831404545
1.9225,1.91,1.935,-40.535218566905975,290.9685812612807,240.0,-41.0316261526565
1.9325,1.92,1.945,-45.13041287702728,283.99415108638505,240.0,-41.232245163716996
1.9425,1.93,1.955,-48.428533789252924,272.44173660433745,240.0,-43.59852069656224
1.9525,1.94,1.965,-53.62923588507858,287.5314636285963,240.0,-45.22198687873317
1.9625,1.95,1.975,-58.76875781914169,205.45047583958828,200.0,-39.897085186599966
1.9725,1.96,1.985,-62.258149283174475,138.54246567053593,40.0,-30.15143694150479
1.9825,1.97,1.995,-65.70315212783947,173.12911490873216,40.0,-24.827535041343634
1.9925,1.98,2.005,-67.62142539010067,163.66958753592766,40.0,-24.516199027460537
2.0025,1.99,2.015,-67.1056660730105,141.6451305499925,40.0,-15.864790899467598
2.0125,2.0,2.025,-69.95123368318453,227.3793721001971,40.0,-18.843673629790306
2.0225,2.01,2.035,-73.13049141601682,326.1633624757242,80.0,-20.727827107855944
2.0325,2.02,2.045,-70.1861113008483,182.84359913511219,80.0,-24.61113199618375
2.0425,2.03,2.055,-66.7455845079324,193.161281027896,40.0,-24.220292526400186
2.0525,2.04,2.065,-67.4721427977828,140.61443380413783,80.0,-16.507926618692906
2.0625,2.05,2.075,-67.39242473817255,215.00165601921202,80.0,-23.357677574197186
2.0725,2.06,2.085,-68.5124755925793,186.40540979172417,40.0,-18.223825994877302
2.0825,2.07,2.095,-62.79688790198005,222.8418055045773,40.0,-17.40857107734097
2.0925,2.08,2.105,-60.1518184361999,146.84454477104407,40.0,-21.93294653811921
2.1025,2.09,2.115,-40.452653481088426,712.3285710383351,840.0,-14.542168010535004
2.1125,2.1,2.125,-28.640741776699894,740.1519579830003,840.0,-14.271598855187953
2.1225,2.11,2.135,-24.65926696491863,734.2643145997358,880.0,-19.217563361551775
2.1325,2.12,2.145,-23.075552252155273,710.306522659784,880.0,-20.996407646773775
2.1425,2.13,2.155,-22.870510029288088,713.5056570209684,840.0,-17.320266502366344
2.1525,2.14,2.165,-22.461285625807925,722.3457414036918,840.0,-15.634901585412726
2.1625,2.15,2.175,-22.286728293116056,717.5522826539915,840.0,-14.845155873316834
2.1725,2.16,2.185,-22.896906841008185,714.6259614836752,840.0,-15.177337041125824
2.1825,2.17,2.195,-23.36170200577694,686.5228979673171,720.0,-16.244505743610674
2.1925,2.18,2.205,-23.4108131728364,662.3075090092084,720.0,-18.63401818601353
2.2025,2.19,2.215,-23.690579562747615,617.7370231504985,680.0,-19.51548643972182
2.2125,2.2,2.225,-24.8764306603343,572.6544834341357,520.0,-20.46026523288389
2.2225,2.21,2.235,-26.461912706279147,501.043776489745,480.0,-23.19632269276584
2.2325,2.22,2.245,-27.262749269772346,417.05520215109726,360.0,-23.98678393445452
2.2425,2.23,2.255,-27.708059688033092,399.74319502122887,360.0,-25.072649046545248
2.2525,2.24,2.265,-27.72483182129868,380.61715929609676,360.0,-25.98524420590298
2.2625,2.25,2.275,-27.078228325800616,405.67347645142075,360.0,-23.703586454662155
2.2725,2.26,2.285,-26.27572251677663,433.06801727037424,360.0,-22.057523402206186
2.2825,2.27,2.295,-25.594786109738425,524.321449404155,400.0,-20.610160204880003
2.2925,2.28,2.305,-24.580653426447196,653.8034681555944,560.0,-13.405719756198017
2.3025,2.29,2.315,-23.969930019755388,693.6456363581631,680.0,-12.733006642920017
2.3125,2.3,2.325,-24.509953564575753,712.2353272461993,680.0,-12.71903027021285
2.3225,2.31,2.335,-24.161058107247,695.4599662363441,680.0,-11.712802529035057
2.3325,2.32,2.345,-23.70868408470613,720.9420994472375,680.0,-11.933173254301774
2.3425,2.33,2.355,-23.962412697945492,716.9561596303686,680.0,-13.086573004205114
2.3525,2.34,2.365,-24.15451058377861,709.1681289501635,680.0,-13.52985264842724
2.3625,2.35,2.375,-24.527559224036047,674.9164569502457,680.0,-13.913714046498292
2.3725,2.36,2.385,-25.040623800786395,668.4087654652712,640.0,-13.537152445857142
2.3825,2.37,2.395,-26.076036379503336,655.7270690588706,640.0,-11.015197812173605
2.3925,2.38,2.405,-26.305860023541978,603.4939325740484,640.0,-11.96855596901909
2.4025,2.39,2.415,-27.18741475122945,583.7182334653714,600.0,-13.262343158486887
2.4125,2.4,2.425,-27.951191732928798,528.2101167284385,600.0,-16.922583983753253
2.4225,2.41,2.435,-30.74328026850642,499.99050369511116,560.0,-16.580403940501622
2.4325,2.42,2.445,-32.897981205833915,427.1506809230067,280.0,-15.587170484514953
2.4425,2.43,2.455,-34.11474653574187,454.6265459682284,280.0,-22.71653439272398
2.4525,2.44,2.465,-30.971144654948244,457.64931144247527,360.0,-19.849354606444813
2.4625,2.45,2.475,-30.020214862281783,427.17938736145953,440.0,-19.441768776030777
2.4725,2.46,2.485,-28.804366691146733,402.14689495200463,440.0,-21.59859596342163
2.4825,2.47,2.495,-29.643420435247346,394.76154742580513,400.0,-21.13368092215573
2.4925,2.48,2.505,-29.489485052192105,389.87686272489134,400.0,-21.548101730977002
2.5025,2.49,2.515,-29.733799029256296,390.6223185969473,360.0,-23.464898031110092
2.5125,2.5,2.525,-30.731722898937228,386.5186326692583,320.0,-26.978901957028484
2.5225,2.51,2.535,-30.186719483766375,374.72212764350866,280.0,-29.338591399382867
2.5325,2.52,2.545,-30.9792639103036,363.786536902818,280.0,-31.44372050868448
2.5425,2.53,2.555,-31.44860421207369,341.9486734262921,280.0,-31.206991676954758
2.5525,2.54,2.565,-31.21581467966802,340.57974862869673,280.0,-28.19881444199952
2.5625,2.55,2.575,-32.105883428865546,318.92692377858697,240.0,-28.180838101182964
2.5725,2.56,2.585,-32.4573731321306,294.5743640058625,240.0,-29.798594305362613
2.5825,2.57,2.595,-32.63673343315938,288.0297396166469,240.0,-30.335955878642547
2.5925,2.58,2.605,-33.817516275162504,269.6063540279286,160.0,-34.83804982674786
2.6025,2.59,2.615,-34.41718769245928,266.1681651719761,160.0,-33.569217509938326
2.6125,2.6,2.625,-34.969402761189855,236.5882153731379,160.0,-39.194919385808035
2.6225,2.61,2.635,-34.936688571861374,223.6535210523155,200.0,-41.948782623793534
2.6325,2.62,2.645,-35.71921441010249,208.52929669262195,160.0,-44.890558567236454
2.6425,2.63,2.655,-36.778539966808125,202.32807763813733,160.0,-44.9981931685825
2.6525,2.64,2.665,-36.68636548626709,196.18845271982372,160.0,-45.673517386135465
2.6625,2.65,2.675,-37.60050675497127,196.51221238605024,160.0,-47.02983733213432
2.6725,2.66,2.685,-38.96894319159652,262.7239954625459,160.0,-35.63435201201982
2.6825,2.67,2.695,-40.15407107740987,465.8146568942255,160.0,-25.85490077580065
2.6925,2.68,2.705,-42.323945084237124,376.08871515705306,160.0,-28.169044368125963
2.7025,2.69,2.715,-45.676352714242164,299.0887088443595,160.0,-28.293543340300484
2.7125,2.7,2.725,-53.61309510252474,335.7201006621098,160.0,-21.959223378628117
2.7225,2.71,2.735,-64.00060271465021,349.65069080592366,120.0,-19.69041469113215
2.7325,2.72,2.745,-66.0393069918595,324.68271156500464,80.0,-20.22664463205907
2.7425,2.73,2.755,-62.66464683274166,145.88449387100397,40.0,-21.347337907603816
2.7525,2.74,2.765,-60.07962439472348,93.31656817812028,40.0,-18.82670681853863
2.7625,2.75,2.775,-60.045695687067315,86.73386550725391,40.0,-17.764431434742313
2.7725,2.76,2.785,-62.5975106913259,140.09920976097607,40.0,-10.726363858795587
2.7825,2.77,2.795,-68.11206216262362,381.71745434740797,40.0,-6.180999810189496
2.7925,2.78,2.805,-72.24538977590127,1015.4352476206266,80.0,1.6680389239070412
2.8025,2.79,2.815,-64.58185060069697,526.4165283551874,40.0,2.9754553932966674
2.8125,2.8,2.825,-62.31827103042996,424.9914601871584,40.0,6.892285379685009
2.8225,2.81,2.835,-61.07887398527101,428.8425434521211,40.0,5.292042417838121
2.8325,2.82,2.845,-60.298674771132006,371.43072802616774,40.0,4.995540213652947
2.8425,2.83,2.855,-60.203737771214804,280.9887676644948,40.0,3.8913955627655032
2.8525,2.84,2.865,-61.309845696400956,293.18614486691956,40.0,2.7985749145545737
2.8625,2.85,2.875,-62.11835458326698,254.8191925214972,40.0,-0.4953039293989909
2.8725,2.86,2.885,-63.00053019948876,196.38020362911928,40.0,-2.406637513880066
2.8825,2.87,2.895,-64.96564872791261,214.5036742138139,40.0,0.815883652199081
2.8925,2.88,2.905,-67.25910563421589,277.10926844305055,40.0,-7.762955900421389
2.9025,2.89,2.915,-66.18475725228906,159.72421638040822,40.0,-7.726024127132113
2.9125,2.9,2.925,-66.17482744810067,156.14052041887362,40.0,-5.139745506562469
2.9225,2.91,2.935,-68.18188585986013,276.01773793601825,40.0,-10.811115322110824
2.9325,2.92,2.945,-70.02321839900225,154.9724730496658,40.0,-13.364774539856237
2.9425,2.93,2.955,-68.94903730757362,260.55557367501143,40.0,-14.074119667637726
2.9525,2.94,2.965,-65.96041000828923,131.7702628315826,40.0,-10.8926044896507
2.9625,2.95,2.975,-65.42619496556232,104.84635922772131,40.0,-12.06059733138484
2.9725,2.96,2.985,-68.77669537546214,214.30623797319862,40.0,-10.636800057595888
2.9825,2.97,2.995,-83.84332782971512,585.9801432744026,80.0,-9.613237013945838
2.9925,2.98,3.005,-86.411433103016,611.3003881738433,120.0,-14.17764542906707
3.0025,2.99,3.015,-75.94578169779703,249.48915177408637,40.0,-10.492283145244661
3.0125,3.0,3.025,-73.6369604623861,165.77925766457062,40.0,-10.410115080896563
3.0225,3.01,3.035,-74.53369774197357,275.93742614278165,40.0,-3.3902327611384484
3.0325,3.02,3.045,-85.71507382160205,701.4228531713767,120.0,-9.773413973856451
3.0425,3.03,3.055,-93.10740566513479,473.98741748863716,40.0,-12.11909780010345
3.0525,3.04,3.065,-86.52501968971299,183.9513996421997,40.0,-17.90707719941527
3.0625,3.05,3.075,-85.85295666645837,311.7259712271284,40.0,-13.426876628847172
3.0725,3.06,3.085,-87.35332769956956,478.4150157852121,80.0,-10.006910509418155
3.0825,3.07,3.095,-103.6189308896086,895.8174559703527,880.0,-7.874861594198075
3.0925,3.08,3.105,,,,
3.1025,3.09,3.115,-93.19092640878245,572.65858561201,120.0,-13.251564425018492
3.1125,3.1,3.125,-90.6086309329688,627.5928729942553,40.0,-9.082042926768569
3.1225,3.11,3.135,-91.20631298300368,779.9441687962714,80.0,-7.349423714766223
3.1325,3.12,3.145,-105.08021124639099,1276.5721710648631,1040.0,-6.1744787842441395
3.1425,3.13,3.155,,,,
3.1525,3.14,3.165,-108.0905112030308,1562.2965591438665,3160.0,-2.3766911042521786
3.1625,3.15,3.175,-108.0905112030308,1613.6426761325858,3440.0,-2.8787462547255465
3.1725,3.16,3.185,-108.0905112030308,1652.0750011784744,3480.0,-2.64283160497103
3.1825,3.17,3.195,,,,
3.1925,3.18,3.205,,,,
3.2025,3.19,3.215,,,,
3.2125,3.2,3.225,,,,
3.2225,3.21,3.235,,,,
3.2325,3.22,3.245,-94.80671516864342,766.3687694291774,120.0,-8.698353193643573
3.2425,3.23,3.255,-91.52952918290248,343.3829787924508,40.0,-9.134977998869212
3.2525,3.24,3.265,-89.48114499602985,48.43705484366237,40.0,-7.976248788656703
3.2625,3.25,3.275,-84.8169218591675,372.84598521803025,40.0,-11.130219844506735
3.2725,3.26,3.285,-81.50086277638644,310.0955755812243,40.0,-9.678401038502782
3.2825,3.27,3.295,-80.84529493184517,359.4409833124812,40.0,-7.845897646035215
3.2925,3.28,3.305,-66.75068564104112,462.78737818436906,40.0,-5.983620198969875
3.3025,3.29,3.315,-31.48969153065081,754.677298089263,760.0,-9.854736609774461
3.3125,3.3,3.325,-24.853378042299656,784.464466660692,960.0,-10.940470656842685
3.3225,3.31,3.335,-21.934515132966972,791.7564065593258,960.0,-12.595696339816671
3.3325,3.32,3.345,-20.826504434588703,746.5396873499982,920.0,-15.682935697947451
3.3425,3.33,3.355,-20.390294515064348,761.9153005564543,920.0,-17.00019264000141
3.3525,3.34,3.365,-19.9584333779517,768.7549738453732,920.0,-18.424984478956578
3.3625,3.35,3.375,-19.674746202988416,749.3497280601983,920.0,-20.220821229091403
3.3725,3.36,3.385,-19.548155923908464,743.9952927042609,920.0,-19.916246924139937
3.3825,3.37,3.395,-19.577005539875277,731.9537932228159,920.0,-19.75706778381897
3.3925,3.38,3.405,-19.64747576520965,716.2348839661032,920.0,-19.242285253687378
3.4025,3.39,3.415,-19.878078579092413,682.955307412836,920.0,-17.256530052679516
3.4125,3.4,3.425,-20.252538449710322,651.4426985929005,760.0,-17.857055035507003
3.4225,3.41,3.435,-21.937348160913125,586.1641959577352,600.0,-24.455782246879085
3.4325,3.42,3.445,-25.33324457935333,523.5565742641678,600.0,-24.830647775307387
3.4425,3.43,3.455,-34.39547947803999,331.98080004236147,200.0,-31.607848314017076
3.4525,3.44,3.465,-36.87166559710174,306.1012708836361,200.0,-36.20332284214698
3.4625,3.45,3.475,-39.016042918024795,250.10547709036314,200.0,-42.12004091433167
3.4725,3.46,3.485,-42.024370722433815,249.51083822448825,200.0,-46.78379131551385
3.4825,3.47,3.495,-44.67976586055996,239.24890205922725,200.0,-44.71450571415026
3.4925,3.48,3.505,-48.72053037688495,258.28315422542926,200.0,-45.93914100115147
3.5025,3.49,3.515,-34.0489767202035,655.4015869923725,320.0,-17.333879770024105
3.5125,3.5,3.525,-25.261938414019887,614.7370779966944,600.0,-14.633152530625912
3.5225,3.51,3.535,-22.085072331238504,727.0467889281568,800.0,-9.203692724066316
3.5325,3.52,3.545,-21.039289972158702,843.8541250159565,840.0,-8.900506826123761
3.5425,3.53,3.555,-21.026252024731345,890.3141500731426,840.0,-9.66855844647608
3.5525,3.54,3.565,-21.126745612003546,942.8871187930904,960.0,-7.799701186343938
3.5625,3.55,3.575,-21.616318112377062,995.0949510997215,1120.0,-5.7109190741268865
3.5725,3.56,3.585,-22.321058522516864,1017.7306214412926,1160.0,-5.188487240130163
3.5825,3.57,3.595,-23.12588980373763,1013.4832255820415,1120.0,-5.895926979279683
3.5925,3.58,3.605,-23.90786079332679,1034.2333977607116,1120.0,-5.736832986492525
3.6025,3.59,3.615,-24.673199043974524,998.8059443798342,1000.0,-6.230963141244149
3.6125,3.6,3.625,-25.663230202848574,1000.9617341830931,1040.0,-4.53040147860013
3.6225,3.61,3.635,-26.54799885265497,992.478393406515,1000.0,-4.551482110201096
3.6325,3.62,3.645,-27.720376538598185,976.7039309312385,1160.0,-3.773606984662794
3.6425,3.63,3.655,-29.073796306225525,930.5249465862121,1000.0,-5.300446394733147
3.6525,3.64,3.665,-30.729799562968942,883.7138143178947,1000.0,-6.922269756660829
3.6625,3.65,3.675,-32.26803174854719,815.9934606292229,640.0,-9.590358399517578
3.6725,3.66,3.685,-33.872311313961696,741.5874242603888,240.0,-14.621237108237333
3.6825,3.67,3.695,-35.86011997219799,674.8958735017349,240.0,-15.691824626505081
3.6925,3.68,3.705,-38.41290901767401,717.0667180781543,240.0,-17.03315670046006
3.7025,3.69,3.715,-42.756635534604904,770.756684321506,240.0,-15.007821708478913
3.7125,3.7,3.725,-51.66546733855198,659.460230546087,200.0,-9.474145107638911
3.7225,3.71,3.735,-63.39449988189254,405.2835862589208,80.0,-7.337208867167656
3.7325,3.72,3.745,-71.62676805537423,256.20619682490644,40.0,-14.517973540075761
3.7425,3.73,3.755,-67.88370864409762,225.7221920473299,80.0,-12.49920930121888
3.7525,3.74,3.765,-67.52828723422144,124.45277048142341,40.0,-8.09816188553192
3.7625,3.75,3.775,-69.45270410169223,204.37468875886063,40.0,-8.709836665345552
3.7725,3.76,3.785,-75.7977894148179,432.61821564286026,40.0,-10.458721990970938
3.7825,3.77,3.795,-75.19618256452293,239.71522611278925,40.0,-14.058888305338709
3.7925,3.78,3.805,-75.4584127173033,276.2095475502257,40.0,-13.140994647587833
3.8025,3.79,3.815,-65.88984893989588,202.91717760940514,40.0,-10.42823047582499
3.8125,3.8,3.825,-62.356166935885405,80.29128276920443,40.0,-9.608746588761658
3.8225,3.81,3.835,-62.20627016848685,74.05303242141376,40.0,-10.652602505809858
3.8325,3.82,3.845,-66.33553802992034,155.50762385931395,40.0,-7.162269400994688
3.8425,3.83,3.855,-75.22976566427505,432.96624475263667,40.0,-9.810075603124043
3.8525,3.84,3.865,-68.82107047286847,192.5090896338045,40.0,-6.212551714649772
3.8625,3.85,3.875,-66.54882868827134,109.98542305019839,40.0,-5.665775023909212
3.8725,3.86,3.885,-67.43912271992379,144.8485352960972,40.0,-1.5726972095508676
3.8825,3.87,3.895,-74.99335805443931,414.6877720011197,40.0,-10.269458781907838
3.8925,3.88,3.905,-74.1924735732865,488.34695151034083,80.0,-6.320162852963541
3.9025,3.89,3.915,-69.32579245549243,151.7876773090434,40.0,-6.997354931421217
3.9125,3.9,3.925,-68.37242010782936,143.74840302609095,40.0,-4.94020951116715
3.9225,3.91,3.935,-70.73069188551345,201.31944941171844,40.0,-5.909473927938102
3.9325,3.92,3.945,-74.75724779899625,253.78449976795764,40.0,-8.080906221178353
3.9425,3.93,3.955,-74.55211796498537,214.22631061672791,40.0,-7.30811961612809
3.9525,3.94,3.965,-75.42020267010314,229.0916055558845,40.0,-5.323799663520411
3.9625,3.95,3.975,-79.01908589299939,694.1838124665857,40.0,-4.280085650985466
3.9725,3.96,3.985,-70.04768537557631,516.6275135633994,40.0,-4.169016862243744
3.9825,3.97,3.995,-50.709349538607725,1082.0623589683314,80.0,-1.4526865159702727
3.9925,3.98,4.005,-40.53847402188098,1210.3802521177013,120.0,-0.9648706387597384
4.0025,3.99,4.015,-36.27334679249443,1814.3409363740607,3120.0,3.369511279776054
4.0125,4.0,4.025,-33.61560576182568,2077.187732478119,3680.0,5.332617067731594
4.0225,4.01,4.035,-30.998774162670397,2205.1101478542164,3720.0,9.727012698644943
4.0325,4.02,4.045,-29.23099120046909,1924.208056270115,3640.0,5.533841012591139
4.0425,4.03,4.055,-29.152964101798386,2075.537125211353,3520.0,8.97903510219476
4.0525,4.04,4.065,-30.36963675918615,2187.192748331533,3720.0,9.51676523641353
4.0625,4.05,4.075,-32.26288873985422,2107.0945747206547,3720.0,7.798246303944715
4.0725,4.06,4.085,-34.809846928693425,2173.271814394098,3920.0,5.609254994864053
4.0825,4.07,4.095,-33.993949454551085,1086.2519802338757,240.0,-14.877242201550697
4.0925,4.08,4.105,-30.978692311446444,635.8175064151371,240.0,-24.326592862811612
4.1025,4.09,4.115,-28.810228120780003,593.868302324958,240.0,-24.842346990793153
4.1125,4.1,4.125,-27.714567135477395,635.0653440463782,240.0,-23.310446673803153
4.1225,4.11,4.135,-27.09912844849196,666.9087817503398,400.0,-23.10860698179053
4.1325,4.12,4.145,-26.77118278019417,672.665615070706,400.0,-22.592158508210108
4.1425,4.13,4.155,-26.66365811755189,665.6463200736519,400.0,-21.68234157716659
4.1525,4.14,4.165,-26.7545089036879,646.2998810413736,400.0,-21.811613933020112
4.1625,4.15,4.175,-27.12183975665787,667.9309578970294,400.0,-21.39758719727611
4.1725,4.16,4.185,-27.81141889859352,675.5087754924724,400.0,-21.604354178302813
4.1825,4.17,4.195,-29.624369084494727,644.5889719549491,240.0,-22.05075182427204
4.1925,4.18,4.205,-33.33482783346853,618.9721014784578,240.0,-21.75634276954662
4.2025,4.19,4.215,-42.31915726015121,548.8717288256439,200.0,-22.785885413545216
4.2125,4.2,4.225,-60.41000861039359,584.2233664991732,200.0,-15.137352710513463
4.2225,4.21,4.235,-69.24737314384872,664.617446898566,200.0,-15.107885401037457
4.2325,4.22,4.245,-68.43205278093451,499.90180340235645,40.0,-15.21446557497547
4.2425,4.23,4.255,-60.50831321157862,1065.7609105364374,400.0,1.1518809896369127
4.2525,4.24,4.265,-48.743570785952556,1345.2493098770212,1720.0,7.701779500288226
4.2625,4.25,4.275,-44.772316780739956,1124.2467759449455,1560.0,-0.06776445271329543
4.2725,4.26,4.285,-44.37133335063113,939.3467347427365,1360.0,-3.438270224599289
4.2825,4.27,4.295,-43.72230737048521,1000.8098700299665,1320.0,-1.8014185319335543
4.2925,4.28,4.305,-44.0376429824539,1010.4507058898628,1320.0,-0.369920019660501
4.3025,4.29,4.315,-40.556918304935124,1021.2158325322259,1200.0,-0.779349283720931
4.3125,4.3,4.325,-35.961658961674495,657.5334920991828,240.0,-13.585808847964689
4.3225,4.31,4.335,-32.52822745452962,513.3988162795202,240.0,-21.69396543565401
4.3325,4.32,4.345,-30.295467655189125,517.2804484199963,560.0,-17.694872710584836
4.3425,4.33,4.355,-28.42829487077318,579.9050193197658,600.0,-13.5668703221545
4.3525,4.34,4.365,-26.913210552391483,618.2762650963962,760.0,-15.323473760459079
4.3625,4.35,4.375,-26.114910376470384,643.7579425825659,920.0,-20.159938843472286
4.3725,4.36,4.385,-25.90792972039365,612.454206156154,760.0,-25.05923777451639
4.3825,4.37,4.395,-26.21347150632743,595.0937594981059,720.0,-27.419483633049893
4.3925,4.38,4.405,-26.74715162382954,564.949150668181,640.0,-28.015025000733953
4.4025,4.39,4.415,-27.114085349611464,534.1511571901635,520.0,-30.493413745875884
4.4125,4.4,4.425,-27.308606774945318,510.3981102639619,520.0,-31.852769951206437
4.4225,4.41,4.435,-27.5029918448997,491.2144227557314,520.0,-30.407490977251804
4.4325,4.42,4.445,-27.694378460322117,505.53607274272304,520.0,-21.93571261562203
4.4425,4.43,4.455,-28.06701027984942,493.9236976818315,480.0,-16.17185898610729
4.4525,4.44,4.465,-29.209605422525094,484.38193986500494,480.0,-18.683696656230758
4.4625,4.45,4.475,-30.695772057301944,440.26512713198485,440.0,-22.47624213554115
4.4725,4.46,4.485,-33.30781793881633,439.4069223583478,280.0,-24.475690228220103
4.4825,4.47,4.495,-37.16987184530523,791.2318714674195,160.0,-17.13695105977598
4.4925,4.48,4.505,-40.557944487120885,1706.9167242612732,2680.0,-0.7836828723469419
4.5025,4.49,4.515,-38.597472442581186,2435.2412687850374,3280.0,10.942072387964917
4.5125,4.5,4.525,-35.5078513608238,2666.1646303456914,3440.0,17.819613756325815
4.5225,4.51,4.535,-34.19251911638893,2818.2850712897407,3600.0,25.712661784123778
4.5325,4.52,4.545,-33.40812987318694,2822.0607903292844,3600.0,26.374249087684987
4.5425,4.53,4.555,-33.17059435137289,2911.536023694257,3640.0,28.555981132844366
4.5525,4.54,4.565,-32.84006671073178,2899.5437177108192,3560.0,30.190786054722643
4.5625,4.55,4.575,-32.6479616233321,2974.845056647758,3680.0,33.559122343410706
4.5725,4.56,4.585,-31.856896020322544,3017.643956037018,3440.0,35.73387836448383
4.5825,4.57,4.595,-31.88383866993258,2986.0097766920194,3400.0,32.34380679026974
4.5925,4.58,4.605,-32.31552633761022,3059.6919789234657,3880.0,31.705025324580514
4.6025,4.59,4.615,-33.05929377659438,2954.447043202101,3800.0,27.942079308579515
4.6125,4.6,4.625,-34.23998216827418,2937.2784483901432,3680.0,27.314397234348434
4.6225,4.61,4.635,-36.72588435776997,2833.4360698060955,3560.0,20.961681422633532
4.6325,4.62,4.645,-37.19549818530623,2319.5238849758625,3640.0,4.566418009761725
4.6425,4.63,4.655,-33.04930362761326,798.7681200106149,360.0,-18.60781967814705
4.6525,4.64,4.665,-30.08544612500551,739.0370230314419,400.0,-20.07541638216218
4.6625,4.65,4.675,-29.37154566843099,906.5077166908085,520.0,-16.689683498305115
4.6725,4.66,4.685,-29.237190357358315,982.963885929163,520.0,-14.761354147898283
4.6825,4.67,4.695,-29.56654386214987,1021.3346245817411,520.0,-13.836115419434352
4.6925,4.68,4.705,-30.492480120605983,1036.4081053216241,600.0,-12.569868529130341
4.7025,4.69,4.715,-31.20592945027585,1065.0218066006291,640.0,-11.158154722166111
4.7125,4.7,4.725,-31.56681531634787,1076.9947761637986,640.0,-10.748222293892953
4.7225,4.71,4.735,-32.06503558691079,1089.8795398726031,600.0,-11.32700796075844
4.7325,4.72,4.745,-32.30139888851496,1033.1325976278004,600.0,-12.970397924247246
4.7425,4.73,4.755,-33.60158609895909,950.0363505310539,600.0,-13.912451098125542
4.7525,4.74,4.765,-34.527248715900335,888.4837105414721,600.0,-15.816373809733292
4.7625,4.75,4.775,-36.721225980760224,1154.508318643928,600.0,-11.085683574749808
4.7725,4.76,4.785,-38.820213191106596,986.3163304936949,560.0,-17.039970227904572
4.7825,4.77,4.795,-50.753107247844504,871.4532684167884,560.0,-12.549266093627544
4.7925,4.78,4.805,-64.35280578687528,732.4792419272763,440.0,-11.184599050258983
4.8025,4.79,4.815,-47.17552110654979,1125.2300443405993,680.0,-9.250011039107466
4.8125,4.8,4.825,-44.13689338481405,1120.4902594259931,560.0,-12.21937750044473
4.8225,4.81,4.835,-41.93397331170444,987.9813324425379,560.0,-14.170667336005657
4.8325,4.82,4.845,-40.348002505715456,1069.9985680053428,560.0,-12.074130466573951
4.8425,4.83,4.855,-38.15981403779291,986.5313832711997,600.0,-13.437250013853355
4.8525,4.84,4.865,-35.56137745992427,1053.0229463014284,600.0,-12.04143120582719
4.8625,4.85,4.875,-34.27795771586338,1104.5145698949839,600.0,-11.623498168894379
4.8725,4.86,4.885,-32.81570975036865,1056.800887858449,600.0,-12.038432079201515
4.8825,4.87,4.895,-32.25441938126285,1109.939516819597,600.0,-10.628139663719686
4.8925,4.88,4.905,-31.85476843851373,1127.6880812603824,600.0,-10.26903619061746
4.9025,4.89,4.915,-32.026633558459324,1107.9726064057231,600.0,-10.296452036091939
4.9125,4.9,4.925,-32.264860142843645,1126.7773661112944,600.0,-10.058167979753296
4.9225,4.91,4.935,-32.37445850384658,1060.3783004955408,600.0,-11.678306077640269
4.9325,4.92,4.945,-32.445524431503564,1036.8211782958463,560.0,-11.951793917886055
4.9425,4.93,4.955,-32.304821960991376,919.865252393522,440.0,-14.404911883504042
4.9525,4.94,4.965,-33.52990489885033,734.445690869994,440.0,-18.053646122488058
4.9625,4.95,4.975,-35.84190062651574,751.6950453216041,440.0,-17.869054364344453
4.9725,4.96,4.985,-45.733337206575825,371.6281102962241,160.0,-29.80822549205838
4.9825,4.97,4.995,-54.474772028629985,255.12764828088942,160.0,-35.023338591994566
4.9925,4.98,5.005,-60.90234827232473,146.40249638583612,40.0,-24.775364172634884
5.0025,4.99,5.015,-62.62565214926177,182.8714454783274,80.0,-29.541570150352868
5.0125,5.0,5.025,-64.91315717934583,138.2353705454849,40.0,-25.588871477737513
5.0225,5.01,5.035,-67.62817469821748,174.45972702578797,40.0,-22.891949090694045
5.0325,5.02,5.045,-72.32329784711128,185.2627536457499,40.0,-18.79396864601302
5.0425,5.03,5.055,-73.53688463396793,266.1404112650577,120.0,-24.436605035114138
5.0525,5.04,5.065,-73.91048301778643,336.0970660323907,80.0,-18.67439797162692
5.0625,5.05,5.075,-67.13592335683735,169.41915885230185,40.0,-19.345399802784502
5.0725,5.06,5.085,-63.20553988895006,262.29149689761937,40.0,-13.457908509499909
5.0825,5.07,5.095,-45.08608057481982,721.3101705129703,160.0,-9.375600960352733
5.0925,5.08,5.105,-37.188931889054544,598.4733679865534,200.0,-14.566399859105925
5.1025,5.09,5.115,-32.793330013116794,555.0200268912425,320.0,-21.453021657286513
5.1125,5.1,5.125,-29.945620620298943,787.0080045130801,520.0,-16.793161183584672
5.1225,5.11,5.135,-29.494473064742227,889.0428836520575,560.0,-13.931984994491165
5.1325,5.12,5.145,-29.440673368481942,928.8140765716988,640.0,-14.04457547716322
5.1425,5.13,5.155,-29.246470065079247,945.104867935638,640.0,-13.525141972112005
5.1525,5.14,5.165,-29.13589190070811,1054.6449945870131,640.0,-11.561546012845774
5.1625,5.15,5.175,-29.04719878747569,1073.5613302391353,640.0,-11.431864703627852
5.1725,5.16,5.185,-29.069218050747097,1089.2123243628369,640.0,-11.251304220833727
5.1825,5.17,5.195,-29.63189387035144,1065.3720028330697,600.0,-11.357852862672766
5.1925,5.18,5.205,-29.790327447047716,1053.0247853161707,600.0,-11.95424620340666
5.2025,5.19,5.215,-30.461712593615626,1085.3075193643951,600.0,-10.780426526034706
5.2125,5.2,5.225,-30.783588247594057,1055.6722893201465,600.0,-10.708900554972494
5.2225,5.21,5.235,-31.058823844814732,1068.1859435139177,600.0,-10.424077935773607
5.2325,5.22,5.245,-31.993282962752048,1074.6549965211752,600.0,-10.98958371908931
5.2425,5.23,5.255,-32.419541099464524,935.4794885024099,600.0,-13.348679148916208
5.2525,5.24,5.265,-34.40800500039254,917.6313914713779,600.0,-13.776395831002407
5.2625,5.25,5.275,-36.17224441540926,746.4541355161316,560.0,-17.50227931778712
5.2725,5.26,5.285,-39.015397435669165,650.375811071959,280.0,-20.175881989466447
5.2825,5.27,5.295,-40.942785640751865,520.83684990624,160.0,-23.731225066199144
5.2925,5.28,5.305,-44.24643239051687,479.6690266677646,160.0,-25.7887028143176
5.3025,5.29,5.315,-48.97747314816151,375.4018764438981,160.0,-26.931192316452748
5.3125,5.3,5.325,-55.84305494477221,367.9015788555926,120.0,-17.85239272606006
5.3225,5.31,5.335,-61.8840192212863,270.8427505488637,40.0,-15.408013851362341
5.3325,5.32,5.345,-61.552714988344384,126.0263213199744,40.0,-19.3629272711064
5.3425,5.33,5.355,-61.60600356138011,108.68975935119948,40.0,-21.69969003968813
5.3525,5.34,5.365,-67.59887387836345,271.2710984532716,40.0,-14.970809154441882
5.3625,5.35,5.375,-69.27769199739295,378.33603675518486,80.0,-14.113678581848328
5.3725,5.36,5.385,-67.54185375289144,156.40151803628703,40.0,-17.74163950464733
5.3825,5.37,5.395,-65.81820206975307,189.1727110408192,40.0,-17.365374197654436
5.3925,5.38,5.405,-62.20457874412631,198.16151912947348,80.0,-17.623482797780287
5.4025,5.39,5.415,-60.431315964939984,85.49530026083995,40.0,-14.159184433557598
5.4125,5.4,5.425,-61.02097910086373,108.18398861918307,40.0,-18.582624401332982
5.4225,5.41,5.435,-66.42508524842525,190.58765712173786,40.0,-15.928457887170351
5.4325,5.42,5.445,-69.52521604159828,185.60604923999986,40.0,-14.49722307846677
5.4425,5.43,5.455,-74.18999623844093,309.0743552508279,80.0,-18.538833669612586
5.4525,5.44,5.465,-77.29038273195152,549.9832893535535,40.0,-11.724481088488805
5.4625,5.45,5.475,-67.1676920126686,284.0808141320345,80.0,-7.7131415384688085
5.4725,5.46,5.485,-63.27987051934173,89.50930030802408,40.0,-11.903538139062139
5.4825,5.47,5.495,-63.147197821285175,101.41899387453809,40.0,-21.314336805062407
5.4925,5.48,5.505,-64.1578134659041,172.72542092628197,40.0,-17.015316613468343
5.5025,5.49,5.515,-65.22441978197186,107.96490029933199,40.0,-11.672873102772849
5.5125,5.5,5.525,-63.05079405495685,214.63759779595014,40.0,-16.705017991762023
5.5225,5.51,5.535,-63.54047809813187,91.75802825957767,40.0,-11.492616310305854
5.5325,5.52,5.545,-64.10906172997298,204.95807765987558,40.0,-10.11853142612216
5.5425,5.53,5.555,-68.61823320458292,211.69972316293138,40.0,-13.970494617499243
5.5525,5.54,5.565,-63.08596454965653,109.77449790411637,40.0,-11.855184686241513
5.5625,5.55,5.575,-61.998602481650344,75.6750236298849,40.0,-10.214574676066032
5.5725,5.56,5.585,-63.9683929237146,127.55878056921982,40.0,-10.7536855248535
5.5825,5.57,5.595,-69.01424815459814,208.4554242842794,40.0,-12.44730937337187
5.5925,5.58,5.605,-70.51571581370023,204.0900209051789,40.0,-16.480455751339452
5.6025,5.59,5.615,-69.17379882626817,226.16075710813425,40.0,-9.492797425472716
5.6125,5.6,5.625,-68.8248746624655,204.08862057897642,40.0,-8.376529736360137
5.6225,5.61,5.635,-70.04543682202103,224.32088195825122,40.0,-10.979495780082846
5.6325,5.62,5.645,-67.90063682738852,301.5699191053382,80.0,-17.645829094843045
5.6425,5.63,5.655,-54.99813059313196,229.45167387168482,160.0,-31.747784384277846
5.6525,5.64,5.665,-40.968087438751716,319.65416168115155,280.0,-35.25534465844713
5.6625,5.65,5.675,-37.54923429247273,359.9349831766344,320.0,-32.59519602995046
5.6725,5.66,5.685,-34.040514818857794,347.9803012320986,320.0,-32.92868695799
5.6825,5.67,5.695,-33.08978942536512,334.17278960865536,320.0,-34.6161608526852
5.6925,5.68,5.705,-31.89673791324363,317.4288560937212,320.0,-35.75641057516885
5.7025,5.69,5.715,-31.713946477192202,332.8749423221181,320.0,-34.3534783826553
5.7125,5.7,5.725,-31.048377726349145,331.9814133129464,320.0,-34.353582253281886
5.7225,5.71,5.735,-30.90206196284063,337.4766605020733,320.0,-33.76545573382591
5.7325,5.72,5.745,-30.05191955592671,359.36770270086237,320.0,-30.238796092296127
5.7425,5.73,5.755,-30.226503323423778,372.7602968318687,320.0,-30.30585020783945
5.7525,5.74,5.765,-29.380439151743577,685.9516423643804,480.0,-18.717675470600007
5.7625,5.75,5.775,-28.99924041335762,827.0097918918865,520.0,-16.04510585733228
5.7725,5.76,5.785,-28.66377359102217,875.2877142936127,600.0,-14.70000286135723
5.7825,5.77,5.795,-29.172805191195174,969.028478149798,640.0,-14.29010719119422
5.7925,5.78,5.805,-29.39692443161837,973.8772682754282,640.0,-13.174689889250885
5.8025,5.79,5.815,-29.771585343286247,1023.4338064749917,600.0,-12.626952574489707
5.8125,5.8,5.825,-30.096094016708307,992.9286942776772,600.0,-12.45261602611288
5.8225,5.81,5.835,-30.251117632103522,943.7732551897409,600.0,-13.114188901359451
5.8325,5.82,5.845,-30.356177554585145,997.8135322039575,600.0,-12.166479049017616
5.8425,5.83,5.855,-30.423664847019765,958.5846778246121,600.0,-12.968359814628997
5.8525,5.84,5.865,-30.378652542535924,925.8427459999207,560.0,-13.327981649460058
5.8625,5.85,5.875,-30.14448278225817,934.2465542983479,480.0,-12.48472633537365
5.8725,5.86,5.885,-29.907009451687042,865.1612039929119,480.0,-14.531233559822363
5.8825,5.87,5.895,-29.512377582500754,826.1450556511662,440.0,-16.27373511760393
5.8925,5.88,5.905,-29.56300842345953,739.9807752967041,440.0,-18.94017786441408
5.9025,5.89,5.915,-31.372573509148932,756.160480707247,400.0,-19.0156211393948
5.9125,5.9,5.925,-34.123222359743934,492.7834470759256,240.0,-27.930066975098402
5.9225,5.91,5.935,-39.05872817651173,275.54472112846935,160.0,-37.405814557868865
5.9325,5.92,5.945,-42.06937746606876,259.90806005270775,160.0,-38.25772099670872
5.9425,5.93,5.955,-48.366848734886936,344.96054128115173,160.0,-32.987033566095164
5.9525,5.94,5.965,-51.32372414091936,1230.7679717517778,200.0,-7.885335890529358
5.9625,5.95,5.975,-44.73702619433601,2234.4735037062337,3720.0,6.172084471652103
5.9725,5.96,5.985,-40.14097303907053,2693.598908458205,3680.0,12.97718346828347
5.9825,5.97,5.995,-37.535926850407066,2845.986943027178,3640.0,16.006808708385577
5.9925,5.98,6.005,-35.88145557798333,2297.821207981046,3440.0,4.119851335965912
6.0025,5.99,6.015,-31.793391271417203,1012.782816246213,320.0,-14.576589147350097
6.0125,6.0,6.025,-29.899299787650282,612.1928193672233,440.0,-19.38505696978844
6.0225,6.01,6.035,-28.859075892432905,577.4831889668354,480.0,-18.588237811143276
6.0325,6.02,6.045,-29.600363914695166,557.7496417857503,560.0,-19.100197984710995
6.0425,6.03,6.055,-30.099841860282698,541.0130151011986,560.0,-17.988908167450003
6.0525,6.04,6.065,-30.104073725308282,556.8922134521185,560.0,-16.69640313046145
6.0625,6.05,6.075,-31.368276206689995,545.4854632756977,560.0,-15.856405481050167
6.0725,6.06,6.085,-32.0086217547579,466.9754960593499,520.0,-19.953376681919273
6.0825,6.07,6.095,-33.15809499474052,467.46833807254365,480.0,-18.376298803212382
6.0925,6.08,6.105,-34.254830962285446,452.79047211087016,480.0,-19.32594077415906
6.1025,6.09,6.115,-35.45796435011184,469.3265204903426,360.0,-16.36476117079181
6.1125,6.1,6.125,-36.72519410862726,478.50761861030657,360.0,-16.208391974976987
6.1225,6.11,6.135,-38.95218863756587,431.267534818846,360.0,-19.346533319496253
6.1325,6.12,6.145,-40.363825493762974,445.75043673639817,320.0,-15.437440894822174
6.1425,6.13,6.155,-41.7826700550807,415.7475899045673,240.0,-18.586908322184183
6.1525,6.14,6.165,-43.75504489508885,410.0883739413116,160.0,-17.86876558575903
6.1625,6.15,6.175,-46.19911134635836,437.03491549629814,160.0,-16.81310019354465
6.1725,6.16,6.185,-48.897497637771394,476.17241573432335,200.0,-14.642038863475975
6.1825,6.17,6.195,-52.21433645269543,516.6315914962463,240.0,-9.721835982332244
6.1925,6.18,6.205,-57.055333755188,729.4367796833048,880.0,-6.000749680317416
6.2025,6.19,6.215,-58.16716793139186,523.1401299504842,120.0,-4.226983553975125
6.2125,6.2,6.225,-58.95095350961664,486.17124446213984,40.0,-6.014877955429378
6.2225,6.21,6.235,-61.42267402890279,395.4496485147158,40.0,-8.516425312357313
6.2325,6.22,6.245,-64.39931783502713,434.08469227724834,80.0,-6.1721778097602575
6.2425,6.23,6.255,-66.75659130502606,408.5822544481771,40.0,-7.5264384608207555
6.2525,6.24,6.265,-65.66810423289895,224.6340709262847,40.0,-11.756872167930318
6.2625,6.25,6.275,-66.80997744571098,267.7573753302739,80.0,-14.774667191387556
6.2725,6.26,6.285,-69.54805823236961,231.88354304324,40.0,-18.304712152432735
6.2825,6.27,6.295,-61.10480850796641,149.01116777390388,40.0,-13.72216047502154
6.2925,6.28,6.305,-58.9881743603543,80.21974939836261,40.0,-14.784487392212075
6.3025,6.29,6.315,-58.65728278625521,72.63567261158627,40.0,-13.911656084558015
6.3125,6.3,6.325,-61.110915909702825,85.80173277670292,40.0,-11.222265578584008
6.3225,6.31,6.335,-65.63787749837752,165.27388938919196,40.0,-16.66916535594429
6.3325,6.32,6.345,-69.17329725747865,211.21535682640962,40.0,-8.83176980775867
6.3425,6.33,6.355,-68.38364938782317,147.31540544857617,40.0,-9.58737467898082
6.3525,6.34,6.365,-68.50573244504287,213.26299526421357,40.0,-14.532270176977661
6.3625,6.35,6.375,-64.1593765512666,133.55545189035158,40.0,-9.335512718701235
6.3725,6.36,6.385,-61.50868902932102,75.61990461155771,40.0,-17.168267456138075
6.3825,6.37,6.395,-62.00975660220965,97.33248237791217,40.0,-23.1140574382675
6.3925,6.38,6.405,-63.53014729388295,128.20806860304515,40.0,-17.411257323773942
6.4025,6.39,6.415,-63.99527136186721,136.2726476337641,40.0,-17.05894241915709
6.4125,6.4,6.425,-65.0620739482033,124.26681990574129,40.0,-15.102603039610756
6.4225,6.41,6.435,-64.4235179690767,159.9209841069066,80.0,-21.955680034202004
6.4325,6.42,6.445,-65.65358401054388,143.94178589839188,40.0,-12.94137714759839
6.4425,6.43,6.455,-66.77464532063271,153.00813151716807,40.0,-13.200581719399944
6.4525,6.44,6.465,-65.94281426424169,274.64986146172856,40.0,-10.496980451314517
6.4625,6.45,6.475,-64.89820102142806,104.19279412580086,40.0,-11.087998579272236
6.4725,6.46,6.485,-65.48357371542765,136.47378862791533,40.0,-18.43949345337222
6.4825,6.47,6.495,-73.32074654543553,295.8805066904212,40.0,-12.437925993933668
6.4925,6.48,6.505,-77.86045723053145,317.7512298026624,40.0,-8.348892328887764
6.5025,6.49,6.515,-75.13725973260375,348.68452836790107,40.0,-7.378274816931914
6.5125,6.5,6.525,-74.59637593488348,178.04100277358498,40.0,-11.306280816584353
6.5225,6.51,6.535,-75.39982036975103,413.3783762145254,80.0,-11.017672799256616
6.5325,6.52,6.545,-83.68771907067492,294.59170361258487,40.0,-14.110776825408976
6.5425,6.53,6.555,-88.00450948541162,707.6137204331709,80.0,-11.06287302901142
6.5525,6.54,6.565,-81.49325025065288,499.253038486046,40.0,-8.154621914608867
6.5625,6.55,6.575,-77.14370406931926,216.1549605848813,40.0,-9.389618791817963
6.5725,6.56,6.585,-77.12697360309784,235.15028980216556,40.0,-9.295691670460998
6.5825,6.57,6.595,-82.38624941944107,381.9505073753008,40.0,-9.476857906050098
6.5925,6.58,6.605,-89.49912823008547,514.156494832192,40.0,-10.60894975171358
6.6025,6.59,6.615,-85.77326736974562,551.6239862439776,40.0,-4.007572960712091
6.6125,6.6,6.625,-85.07370171009504,295.2234349927354,40.0,-11.837768073413088
6.6225,6.61,6.635,-86.5829468044277,593.9864649551511,40.0,-7.1159257733190024
6.6325,6.62,6.645,-96.41733785554904,1138.1540508667115,400.0,-6.693145550363085
6.6425,6.63,6.655,-92.82711842913236,630.3843636460343,40.0,-8.427972746230154
6.6525,6.64,6.665,-85.64279358807784,237.04469535263866,40.0,-14.635756243509853
6.6625,6.65,6.675,-79.63519002809504,217.45664419783273,40.0,-12.721972480163213
6.6725,6.66,6.685,-78.94707963183639,282.3520284647458,40.0,-5.021026945045747
6.6825,6.67,6.695,-81.30259685936835,416.1282964862493,40.0,-10.508262964567415
6.6925,6.68,6.705,-88.10791781879381,610.4429566469997,40.0,-9.035362517468682
6.7025,6.69,6.715,-85.7580111076198,313.3524832361639,40.0,-13.36615157729295
6.7125,6.7,6.725,-83.30196152774417,323.5829622712245,40.0,-8.470622256668081
6.7225,6.71,6.735,-83.9441197356607,343.41367363149584,40.0,-8.626865329548068
6.7325,6.72,6.745,-90.20882749161912,679.655777638515,120.0,-9.94881627898298
6.7425,6.73,6.755,-99.11424029012638,1073.4425954949515,400.0,-8.944482099996575
6.7525,6.74,6.765,-90.50139227905106,654.9360460094788,40.0,-10.056052259284218
6.7625,6.75,6.775,-83.99287016036735,367.9318248099369,40.0,-10.355425175685362
6.7725,6.76,6.785,-82.56991586115194,185.11432107562177,40.0,-11.321139786757762
6.7825,6.77,6.795,-84.08513130911133,311.97822581033324,40.0,-13.254277141266261
6.7925,6.78,6.805,-88.69531867684461,132.25404390395067,40.0,-13.75505789006368
6.8025,6.79,6.815,-86.22377252803334,357.48701845616375,40.0,-10.84398537777578
6.8125,6.8,6.825,-79.1038077733755,283.2603836861928,40.0,-9.842957285672068
6.8225,6.81,6.835,-73.18278224397528,201.28772289071287,40.0,-10.540824976457372
6.8325,6.82,6.845,-69.86333979477867,141.34198204775655,40.0,-7.386488967185045
6.8425,6.83,6.855,-67.68607021940403,127.34441563776925,40.0,-7.842609331566384
6.8525,6.84,6.865,-64.91079665045262,120.68297681717367,40.0,-9.208096195666332
6.8625,6.85,6.875,-63.007813824967315,101.31656358156525,40.0,-9.218090081047217
6.8725,6.86,6.885,-62.67222353521767,89.34218652896129,40.0,-11.025906577978265
6.8825,6.87,6.895,-64.01575235011823,114.49692769912471,40.0,-6.771334118947594
