prompt_id,transcript_match,no_extra_speech,pronunciation_natural,tone_correct,meaning_recovered,scorable,notes
0161,partial,yes,no,yes,yes,yes,"None."
0162,yes,yes,no,yes,yes,yes,"None."
0163,partial,yes,no,no,unsure,yes,"None."
0164,no,yes,no,no,no,yes,"None."
0165,partial,yes,no,no,unsure,yes,"None."
0169,partial,yes,no,yes,unsure,yes,"None."
0170,no,yes,no,no,no,yes,"Pronunciation was incorrect."
0191,no,yes,no,no,no,yes,"Pronunciation was incorrect."
0192,no,yes,no,no,no,yes,"None."
0144,partial,yes,no,yes,unsure,yes,"None."
