timestamp_s,f0_hz,voiced,selected_candidate_strength
0.027333333333333095,,False,0.0
0.037333333333333094,,False,0.0
0.047333333333333096,,False,0.0
0.0573333333333331,,False,0.0
0.06733333333333309,,False,0.0
0.0773333333333331,,False,0.0
0.0873333333333331,,False,0.0
0.0973333333333331,,False,0.0
0.1073333333333331,,False,0.0
0.1173333333333331,,False,0.0
0.1273333333333331,,False,0.0
0.13733333333333309,,False,0.0
0.1473333333333331,,False,0.0
0.1573333333333331,,False,0.0
0.1673333333333331,,False,0.0
0.1773333333333331,,False,0.0
0.1873333333333331,,False,0.0
0.1973333333333331,,False,0.0
0.2073333333333331,,False,0.0
0.2173333333333331,,False,0.0
0.2273333333333331,,False,0.0
0.2373333333333331,,False,0.0
0.2473333333333331,,False,0.0
0.2573333333333331,,False,0.0
0.2673333333333331,,False,0.0
0.2773333333333331,,False,0.0
0.2873333333333331,,False,0.0
0.2973333333333331,,False,0.0
0.3073333333333331,,False,0.0
0.3173333333333331,,False,0.0
0.3273333333333331,,False,0.0
0.3373333333333331,,False,0.0
0.3473333333333331,,False,0.0
0.3573333333333331,,False,0.0
0.3673333333333331,,False,0.0
0.37733333333333313,,False,0.0
0.3873333333333331,,False,0.0
0.3973333333333331,,False,0.0
0.4073333333333331,,False,0.0
0.4173333333333331,,False,0.0
0.4273333333333331,,False,0.0
0.43733333333333313,,False,0.0
0.4473333333333331,,False,0.0
0.4573333333333331,,False,0.0
0.4673333333333331,,False,0.0
0.4773333333333331,,False,0.0
0.4873333333333331,,False,0.0
0.4973333333333331,,False,0.0
0.5073333333333331,,False,0.0
0.5173333333333331,,False,0.0
0.5273333333333331,,False,0.0
0.5373333333333331,,False,0.0
0.5473333333333331,,False,0.0
0.5573333333333331,,False,0.0
0.5673333333333331,,False,0.0
0.5773333333333331,,False,0.0
0.5873333333333332,,False,0.0
0.5973333333333332,,False,0.0
0.6073333333333331,,False,0.0
0.6173333333333331,,False,0.0
0.6273333333333331,,False,0.0
0.6373333333333331,,False,0.0
0.6473333333333331,,False,0.0
0.6573333333333331,,False,0.0
0.6673333333333331,,False,0.0
0.6773333333333331,,False,0.0
0.6873333333333331,,False,0.0
0.6973333333333331,,False,0.0
0.7073333333333331,,False,0.0
0.7173333333333332,,False,0.0
0.7273333333333332,,False,0.0
0.7373333333333331,,False,0.0
0.7473333333333331,,False,0.0
0.7573333333333331,,False,0.0
0.7673333333333331,,False,0.0
0.7773333333333331,,False,0.0
0.7873333333333331,,False,0.0
0.7973333333333331,,False,0.0
0.8073333333333331,,False,0.0
0.8173333333333331,,False,0.0
0.8273333333333331,,False,0.0
0.8373333333333332,,False,0.0
0.8473333333333332,,False,0.0
0.8573333333333332,,False,0.0
0.8673333333333331,,False,0.0
0.8773333333333331,,False,0.0
0.8873333333333331,,False,0.0
0.8973333333333331,,False,0.0
0.9073333333333331,,False,0.0
0.9173333333333331,,False,0.0
0.9273333333333331,,False,0.0
0.9373333333333331,,False,0.0
0.9473333333333331,,False,0.0
0.9573333333333331,,False,0.0
0.9673333333333332,,False,0.0
0.9773333333333332,,False,0.0
0.9873333333333331,,False,0.0
0.9973333333333331,,False,0.0
1.007333333333333,,False,0.0
1.017333333333333,,False,0.0
1.027333333333333,,False,0.0
1.037333333333333,,False,0.0
1.047333333333333,73.90519398638848,True,0.7607003376601141
1.057333333333333,72.55966759101706,True,0.8701872072929252
1.067333333333333,72.05241875554054,True,0.5750253854786145
1.077333333333333,,False,0.0
1.087333333333333,184.0719251771932,True,0.8624364293581481
1.097333333333333,187.11769363336566,True,0.9552130682108725
1.107333333333333,189.81096283585882,True,0.9683659062057745
1.117333333333333,191.63071355893302,True,0.9763255131081201
1.127333333333333,192.7787484429291,True,0.9782707850918254
1.137333333333333,194.09616023770343,True,0.9781952815014717
1.147333333333333,195.11028443209852,True,0.9666701074165113
1.157333333333333,195.26494387536596,True,0.9583775500364416
1.1673333333333331,195.19856213365554,True,0.9643684639413344
1.1773333333333331,195.34049219469725,True,0.9788078352781161
1.187333333333333,195.93985986358445,True,0.9864412863581965
1.197333333333333,196.5678051281213,True,0.991070762590748
1.207333333333333,196.9892524741703,True,0.9932215850829131
1.217333333333333,197.37648707600414,True,0.9873079870656257
1.227333333333333,198.1543483337966,True,0.984128993345503
1.237333333333333,199.16572570182623,True,0.9871532091301644
1.247333333333333,199.56730429816324,True,0.9859413204683917
1.257333333333333,199.81499399087141,True,0.9798206122390802
1.267333333333333,201.2810942698539,True,0.9771505209951886
1.277333333333333,203.21773929722644,True,0.9864150392286469
1.287333333333333,205.38046380420298,True,0.9813522553459573
1.297333333333333,207.92034264903043,True,0.9864644663262582
1.307333333333333,209.3796516525111,True,0.9911240251928857
1.317333333333333,210.70384978860494,True,0.9885998535707827
1.327333333333333,212.47948442950138,True,0.9906956441204192
1.337333333333333,214.0343985619936,True,0.9879542464127853
1.347333333333333,215.75981968757202,True,0.9828906055281765
1.357333333333333,218.0602593172038,True,0.9712036178766
1.367333333333333,220.91254090548642,True,0.9568064905819538
1.377333333333333,219.16607277054584,True,0.924936768501103
1.387333333333333,209.34195144601895,True,0.9146247166855237
1.397333333333333,209.18201703784356,True,0.9065715431416718
1.407333333333333,214.1021836409972,True,0.8716922017567089
1.4173333333333331,216.39253150860685,True,0.9123712191356074
1.4273333333333331,216.54089174897996,True,0.9125801295255641
1.437333333333333,,False,0.0
1.447333333333333,,False,0.0
1.457333333333333,284.6095796563378,True,0.5141503065116904
1.467333333333333,262.2206969430411,True,0.792624777314209
1.477333333333333,258.85988967649865,True,0.9175150517449254
1.487333333333333,257.0150452523923,True,0.9784255473964713
1.497333333333333,256.44936075056376,True,0.9841776267356726
1.507333333333333,256.1937051106278,True,0.981031024673442
1.517333333333333,255.1387444155836,True,0.9685369814245121
1.527333333333333,252.21061759048203,True,0.934183948906588
1.537333333333333,247.20125939706418,True,0.855775345170099
1.547333333333333,248.50685792139058,True,0.900367742067122
1.557333333333333,251.96637896778938,True,0.9681523403751907
1.567333333333333,253.76110415090952,True,0.9923653744666293
1.577333333333333,252.17789702450258,True,0.9789106985824262
1.587333333333333,252.73406583856155,True,0.9529340087998717
1.597333333333333,256.5001920423651,True,0.8734269292467199
1.607333333333333,259.2326353838016,True,0.4977121693034319
1.617333333333333,259.3149653969222,True,0.43022131952085446
1.627333333333333,258.98039990347894,True,0.6722885722289947
1.637333333333333,259.78593684330195,True,0.8074665531876326
1.647333333333333,242.68937257408803,True,0.902311608495582
1.657333333333333,238.6960441990686,True,0.9647142682804805
1.6673333333333331,235.6671064436439,True,0.9840485166960478
1.6773333333333331,233.92808625478406,True,0.9940609651731918
1.6873333333333331,233.57770993017513,True,0.9905928923937559
1.697333333333333,233.4674606374877,True,0.9922724495785697
1.707333333333333,233.6991615916777,True,0.9945864604404242
1.717333333333333,235.0029183547713,True,0.9934812129252139
1.727333333333333,237.23341532927105,True,0.9914675163875187
1.737333333333333,240.33033229391165,True,0.9930453933774623
1.747333333333333,243.1506940294763,True,0.9918891317748634
1.757333333333333,246.68299857018914,True,0.9874758938045011
1.767333333333333,249.9050837882488,True,0.991547760357952
1.777333333333333,251.9360086966185,True,0.9919651888649246
1.787333333333333,253.50256658157508,True,0.9945399614345328
1.797333333333333,254.56515748845382,True,0.9935873915237872
1.807333333333333,255.630651060997,True,0.9944563047853978
1.817333333333333,256.051475159666,True,0.993602201619478
1.827333333333333,255.61347434342787,True,0.9877079181303128
1.837333333333333,254.680152406434,True,0.9849689230341864
1.847333333333333,252.69573855833488,True,0.9707861637675396
1.857333333333333,251.3447471590933,True,0.9401595235837539
1.867333333333333,251.91759885126496,True,0.9433498033551982
1.877333333333333,253.84617186997647,True,0.9780094405957065
1.887333333333333,254.36339888926634,True,0.9904745700167861
1.897333333333333,253.56135580663386,True,0.977526942301797
1.907333333333333,254.8314850336591,True,0.9149503056398117
1.9173333333333331,257.0177637585778,True,0.6567545403904013
1.9273333333333331,,False,0.0
1.9373333333333331,,False,0.0
1.947333333333333,,False,0.0
1.957333333333333,,False,0.0
1.967333333333333,,False,0.0
1.977333333333333,,False,0.0
1.987333333333333,,False,0.0
1.997333333333333,273.17679830835147,True,0.7589654044723372
2.007333333333333,269.0885074417643,True,0.8842456894700638
2.017333333333333,261.5123686440072,True,0.9461042084075638
2.027333333333333,255.9505787326968,True,0.986561024567992
2.037333333333333,252.67651519605354,True,0.9836626546140769
2.047333333333333,250.91108015500507,True,0.968003466922502
2.0573333333333332,249.3833365655226,True,0.9287178741764791
2.067333333333333,241.3541396122411,True,0.8425343160282778
2.077333333333333,231.61794089308182,True,0.8793218794721551
2.087333333333333,228.47664398520902,True,0.9151777078089193
2.097333333333333,226.52299266330832,True,0.9557536152834621
2.107333333333333,225.69347829681422,True,0.9797845743725851
2.117333333333333,225.48573101369166,True,0.9838057437163662
2.127333333333333,225.32026585637624,True,0.9854127598079698
2.137333333333333,225.19623805686993,True,0.9894845683095559
2.147333333333333,225.40510598506035,True,0.9873730966345268
2.157333333333333,226.44821249854323,True,0.9835012108309248
2.167333333333333,228.51383453781096,True,0.9790559036813911
2.177333333333333,231.1959741508783,True,0.9756846245854952
2.187333333333333,234.07545142524032,True,0.9712446579248336
2.197333333333333,237.66296372299706,True,0.9597712329621512
2.207333333333333,241.69388856147089,True,0.9664943365117329
2.217333333333333,244.76430339795155,True,0.9750162968189618
2.227333333333333,247.19487318296248,True,0.9802594579638032
2.237333333333333,249.47006345450455,True,0.9774274984064402
2.247333333333333,251.95777306332553,True,0.9786832421289358
2.257333333333333,254.2106764239316,True,0.975320578405079
2.267333333333333,256.4871428470638,True,0.9794101895752829
2.277333333333333,257.3613657584475,True,0.9830597293217295
2.287333333333333,256.76750848722753,True,0.9638619528887996
2.297333333333333,253.85234181533826,True,0.9417719518982538
2.3073333333333332,253.79234516536022,True,0.9392366663004793
2.317333333333333,256.7634566764119,True,0.960952243248291
2.3273333333333333,255.8611566753163,True,0.9785394100289115
2.337333333333333,254.7912609972831,True,0.9811219896519301
2.347333333333333,254.57458758903704,True,0.9820426046692169
2.357333333333333,255.4415095272416,True,0.9662862761523545
2.367333333333333,256.8515695296166,True,0.9373085415709843
2.377333333333333,,False,0.0
2.387333333333333,,False,0.0
2.397333333333333,,False,0.0
2.407333333333333,,False,0.0
2.417333333333333,,False,0.0
2.427333333333333,247.63206925524278,True,0.8475612181326164
2.437333333333333,245.89396502825045,True,0.90411089528059
2.447333333333333,237.74188054660655,True,0.9290599588118736
2.457333333333333,228.2569547372834,True,0.9569767857560422
2.467333333333333,219.40260844430517,True,0.9688896880032837
2.477333333333333,211.18894281057163,True,0.9795270268549043
2.487333333333333,206.70948990158792,True,0.9735354892437721
2.497333333333333,202.98805955441702,True,0.9493970984966922
2.507333333333333,198.59368317725753,True,0.9650208353482682
2.517333333333333,196.81704235931122,True,0.9660778041952767
2.527333333333333,194.22303183891833,True,0.9841565719005314
2.537333333333333,192.27806396740615,True,0.9925225699882684
2.547333333333333,191.10090726077505,True,0.9883205962837501
2.5573333333333332,190.66542227807835,True,0.9851336953282696
2.567333333333333,190.00301915882002,True,0.9937194827942797
2.5773333333333333,189.69092511612706,True,0.9864385128188362
2.587333333333333,189.5202415042186,True,0.9907236141864313
2.597333333333333,189.49614210625555,True,0.9892325913597528
2.607333333333333,190.00146340910956,True,0.9885524356725468
2.617333333333333,190.03158982634505,True,0.9941254175052138
2.627333333333333,189.68420875081486,True,0.9949496425849188
2.637333333333333,189.2080563249976,True,0.9929746957694982
2.647333333333333,188.59483161656613,True,0.9870040213957163
2.657333333333333,187.888815750442,True,0.9936168749153039
2.667333333333333,187.20256338960735,True,0.9964284850036418
2.677333333333333,186.46150463855477,True,0.9888830806578841
2.687333333333333,185.92836739704518,True,0.9922768752716615
2.697333333333333,185.1133576309672,True,0.9922537039092041
2.707333333333333,183.88505066083604,True,0.9864061856276782
2.717333333333333,183.21109917158884,True,0.9887621241367908
2.727333333333333,182.2185499364053,True,0.9891425567571671
2.737333333333333,180.59769947250126,True,0.9844624647787503
2.747333333333333,179.33762276691576,True,0.9875230745896355
2.757333333333333,178.3535037383862,True,0.9876274927291286
2.767333333333333,177.08287492366313,True,0.9850177576578746
2.777333333333333,176.08920285346215,True,0.9887532780107846
2.787333333333333,175.74416846542624,True,0.9848377203094859
2.797333333333333,175.01732559118835,True,0.9866018547160451
2.8073333333333332,173.7170196605,True,0.9798241401486303
2.817333333333333,172.54148772973952,True,0.9764957302569963
2.8273333333333333,171.52615046875889,True,0.9824667858242125
2.837333333333333,170.27796166917375,True,0.9907053644760887
2.847333333333333,169.00291951356118,True,0.984552875722119
2.857333333333333,168.47255640569188,True,0.9856216318997326
2.867333333333333,168.565787927708,True,0.9757087219870818
2.877333333333333,168.90053798146167,True,0.9803159152064133
2.887333333333333,168.33154740577336,True,0.988849431386676
2.897333333333333,167.9452632263418,True,0.9949747048817619
2.907333333333333,168.03428914624592,True,0.9929792556004842
2.917333333333333,168.13238735639908,True,0.9928991835303086
2.927333333333333,168.88888459212725,True,0.9875851890412087
2.937333333333333,170.4094261095873,True,0.9808691067729749
2.947333333333333,171.6116706717689,True,0.9705297234002859
2.957333333333333,171.88788898251804,True,0.9739982201340038
2.967333333333333,172.08888326407367,True,0.9578524155328597
2.977333333333333,174.15318261566938,True,0.9273405479448079
2.987333333333333,177.87725072960924,True,0.9164837761225069
2.997333333333333,175.98794003005972,True,0.874265234012455
3.007333333333333,171.48036282298077,True,0.7706335756520271
3.017333333333333,,False,0.0
3.027333333333333,,False,0.0
3.037333333333333,,False,0.0
3.047333333333333,,False,0.0
3.0573333333333332,,False,0.0
3.067333333333333,,False,0.0
3.0773333333333333,,False,0.0
3.087333333333333,,False,0.0
3.0973333333333333,,False,0.0
3.107333333333333,,False,0.0
3.117333333333333,,False,0.0
3.127333333333333,226.37621594815255,True,0.6809041496433998
3.137333333333333,220.38580310859217,True,0.8831445269881371
3.147333333333333,217.97473804899664,True,0.9706926031127188
3.157333333333333,217.04517255592006,True,0.9846319478287328
3.167333333333333,217.00738115473519,True,0.9873499870072664
3.177333333333333,217.25159213315814,True,0.9853291462823331
3.187333333333333,217.6804093958563,True,0.9884017651571589
3.197333333333333,218.6309823158253,True,0.9845897379077444
3.207333333333333,219.33937051087412,True,0.9854867217902561
3.217333333333333,219.93425262670527,True,0.9877348573029794
3.227333333333333,220.37595301426842,True,0.9875254014831352
3.237333333333333,220.92267887467798,True,0.9843603080048655
3.247333333333333,221.30859269257735,True,0.982212596295288
3.257333333333333,221.85815524017704,True,0.9797454749943232
3.267333333333333,222.96594142965864,True,0.9736736003944273
3.277333333333333,224.3777985934135,True,0.9682256700623278
3.287333333333333,225.00584092253894,True,0.9698654391584398
3.297333333333333,224.7282149858409,True,0.934918473779672
3.3073333333333332,215.0743287581061,True,0.7496670614797817
3.317333333333333,199.89145230483953,True,0.6034493256519543
3.3273333333333333,194.22228868662913,True,0.562585395435581
3.337333333333333,,False,0.0
3.3473333333333333,,False,0.0
3.357333333333333,,False,0.0
3.367333333333333,,False,0.0
3.377333333333333,,False,0.0
3.387333333333333,,False,0.0
3.397333333333333,,False,0.0
3.407333333333333,,False,0.0
3.417333333333333,,False,0.0
3.427333333333333,367.7561427212621,True,0.8256113027663844
3.437333333333333,368.781920914252,True,0.6800612229283484
3.447333333333333,,False,0.0
3.457333333333333,,False,0.0
3.467333333333333,194.15473016520053,True,0.842990076340998
3.477333333333333,197.87666713627374,True,0.9355298731768152
3.487333333333333,200.10893662641624,True,0.9814665369147313
3.497333333333333,202.07358223101107,True,0.982429958782724
3.507333333333333,203.6436161756195,True,0.980579926734641
3.517333333333333,205.1050898343954,True,0.9815174781165645
3.527333333333333,210.26970251981305,True,0.9403523594213693
3.537333333333333,211.13394549997278,True,0.9452627214958259
3.547333333333333,209.6232696248325,True,0.9783251122055864
3.5573333333333332,208.36523903584836,True,0.974027546004648
3.567333333333333,206.76420055621446,True,0.9483742250884925
3.5773333333333333,203.54470087662992,True,0.9187935365274392
3.587333333333333,200.3680264860177,True,0.9037691232787375
3.5973333333333333,198.39426722921743,True,0.8650121993916617
3.607333333333333,192.96599290449015,True,0.8303753911838552
3.617333333333333,191.58659818774197,True,0.8327455538589845
3.627333333333333,183.21456318192074,True,0.8609853434421431
3.637333333333333,178.58076003700288,True,0.9204841213361626
3.647333333333333,181.01574450168474,True,0.9366310477499016
3.657333333333333,185.77334719197077,True,0.8722680918572326
3.667333333333333,200.07251934518806,True,0.8302509396110738
3.677333333333333,199.91724737463977,True,0.9134062662570989
3.687333333333333,197.37913568430665,True,0.9354873474257458
3.697333333333333,194.4963211799532,True,0.9246834160279729
3.707333333333333,191.72778508860532,True,0.9523806352939689
3.717333333333333,190.63509175215282,True,0.9900112330740876
3.727333333333333,190.6886320719853,True,0.9961682075009741
3.737333333333333,190.7749649315014,True,0.988376824613763
3.747333333333333,190.05153172842844,True,0.9731753605872848
3.757333333333333,188.18335288381252,True,0.9543167815840832
3.767333333333333,185.65333837003098,True,0.9395870028133311
3.777333333333333,183.1769555313666,True,0.9010671531664507
3.787333333333333,180.99467484610994,True,0.9017753821647408
3.797333333333333,183.15158781454954,True,0.9136132484310496
3.8073333333333332,184.93245864630072,True,0.9262330868769617
3.817333333333333,184.1414861667335,True,0.9527333869067932
3.8273333333333333,181.67047604543282,True,0.9630639861459531
3.837333333333333,182.8662447842419,True,0.9719908532646125
3.8473333333333333,185.10250105460904,True,0.9813600325514491
3.857333333333333,186.44381708314498,True,0.9826342369462265
3.867333333333333,186.97818060817482,True,0.9882918164280041
3.877333333333333,187.0574591979981,True,0.9970861673841487
3.887333333333333,186.81927935177342,True,0.9959511476348613
3.897333333333333,186.44717364390704,True,0.993770597049059
3.907333333333333,185.53783268605537,True,0.9894382505729242
3.917333333333333,183.78991441952638,True,0.9872085201971975
3.927333333333333,182.80292944990254,True,0.9979162365447275
3.937333333333333,183.10517384871636,True,0.9793194040529047
3.947333333333333,183.23589928508272,True,0.9530824086784891
3.957333333333333,183.46631656955827,True,0.9429987201144838
3.967333333333333,182.6467558694502,True,0.9661091705691687
3.977333333333333,179.57774668344481,True,0.9599173412720017
3.987333333333333,176.51270775385845,True,0.9491432007713698
3.997333333333333,178.18107847398926,True,0.9581430575039613
4.007333333333333,180.90481128017956,True,0.9480342105489309
4.017333333333333,186.53106337345048,True,0.9296465571250225
4.027333333333333,188.27914858328282,True,0.9575090728261355
4.037333333333333,188.2252009571147,True,0.9845748372299918
4.0473333333333334,188.05570398296072,True,0.9870533111664971
4.057333333333333,187.20668564758284,True,0.9870885259501421
4.067333333333333,185.8649985085112,True,0.991065764913456
4.077333333333333,184.51301406099157,True,0.9829250794583115
4.0873333333333335,183.5863997854437,True,0.9863301486676944
4.097333333333333,183.46889064219243,True,0.9914533913261058
4.107333333333333,182.42310772926686,True,0.9854156073466526
4.117333333333333,180.7342277402054,True,0.9802648569417919
4.127333333333333,178.6649619149686,True,0.9816132918828386
4.137333333333333,175.75303208727456,True,0.9826276550060246
4.147333333333333,173.8092613980461,True,0.9818667741821587
4.157333333333333,172.24454260739606,True,0.9655666054423101
4.167333333333333,170.59866081434208,True,0.9531263154334684
4.177333333333333,169.00741679815732,True,0.9499324977894551
4.187333333333333,167.19199347470078,True,0.9090529570933561
4.197333333333333,163.69889650105608,True,0.8361058260269951
4.207333333333333,164.48584913395376,True,0.7702210871458659
4.217333333333333,170.6025654620092,True,0.7895238894316783
4.227333333333333,,False,0.0
4.237333333333333,,False,0.0
4.247333333333333,,False,0.0
4.257333333333333,,False,0.0
4.267333333333333,,False,0.0
4.277333333333333,,False,0.0
4.287333333333333,,False,0.0
4.2973333333333334,,False,0.0
4.307333333333333,,False,0.0
4.317333333333333,,False,0.0
4.327333333333333,,False,0.0
4.3373333333333335,187.87619219541864,True,0.5555438621030866
4.347333333333333,185.40269872200562,True,0.8951267987433261
4.357333333333333,184.78746786015137,True,0.9727263871431974
4.367333333333333,184.62865899137626,True,0.9790379173528494
4.3773333333333335,184.1341202753767,True,0.9823796845120552
4.387333333333333,183.66329831318845,True,0.9826033583346956
4.397333333333333,183.58811336160994,True,0.9828768979087036
4.407333333333333,182.6005944276691,True,0.9660018437861873
4.417333333333333,182.72300419904818,True,0.963630709991329
4.427333333333333,185.09554652534706,True,0.9850249336573506
4.437333333333333,184.59828320583995,True,0.9864583579474945
4.447333333333333,182.81358985004047,True,0.980550928306347
4.457333333333333,179.5914933813749,True,0.9751934939512862
4.467333333333333,176.0433115216222,True,0.9699638991506593
4.477333333333333,178.398093844438,True,0.9555657637425786
4.487333333333333,179.85513346992738,True,0.9290283334071109
4.497333333333333,180.45643376006984,True,0.8531996788463895
4.507333333333333,178.8431573117949,True,0.6947088026390119
4.517333333333333,177.22965689408085,True,0.5511254369543912
4.527333333333333,,False,0.0
4.537333333333333,,False,0.0
4.5473333333333334,,False,0.0
4.557333333333333,215.81671870520265,True,0.708918520665487
4.567333333333333,213.304292000785,True,0.8894557785708205
4.577333333333333,211.94983882766414,True,0.9700022691832012
4.5873333333333335,210.87174114678183,True,0.9909504240433139
4.597333333333333,210.6953418423275,True,0.9928061882542027
4.607333333333333,211.39522463620986,True,0.9877417751741361
4.617333333333333,212.09696892932112,True,0.9843291648075982
4.6273333333333335,212.78071966617375,True,0.9794799822458723
4.637333333333333,213.84594026165357,True,0.9818332469559049
4.647333333333333,213.3772911220842,True,0.9822846955494229
4.657333333333333,211.5219549950287,True,0.9849401994785334
4.667333333333333,209.27736091132428,True,0.9798749426777127
4.677333333333333,206.35140273045818,True,0.9704246975752463
4.687333333333333,204.75456785214485,True,0.9390481161552792
4.697333333333333,207.33830038973682,True,0.9350277273978762
4.707333333333333,215.55296043417866,True,0.9394857364935854
4.717333333333333,,False,0.0
4.727333333333333,,False,0.0
4.737333333333333,,False,0.0
4.747333333333333,,False,0.0
4.757333333333333,,False,0.0
4.767333333333333,,False,0.0
4.777333333333333,,False,0.0
4.787333333333333,,False,0.0
4.7973333333333334,,False,0.0
4.807333333333333,,False,0.0
4.817333333333333,,False,0.0
4.827333333333333,,False,0.0
4.8373333333333335,,False,0.0
4.847333333333333,,False,0.0
4.857333333333333,,False,0.0
4.867333333333333,,False,0.0
4.8773333333333335,,False,0.0
4.887333333333333,,False,0.0
4.897333333333333,,False,0.0
4.907333333333333,,False,0.0
4.917333333333333,,False,0.0
4.927333333333333,,False,0.0
4.937333333333333,,False,0.0
4.947333333333333,,False,0.0
4.957333333333333,,False,0.0
4.967333333333333,,False,0.0
4.977333333333333,,False,0.0
4.987333333333333,,False,0.0
4.997333333333333,,False,0.0
5.007333333333333,,False,0.0
