source_id,recording,duration_s,pyin_median_hz,pyin_min_hz,pyin_max_hz,praat_median_hz,pyin_voiced_percent,praat_voiced_percent,median_pitch_disagreement_st,voicing_disagreement_percent
yof_01208_01850003899,natural,2.304,181.73609144327253,148.4707041104003,226.34314645699226,180.18063509450647,64.93506493506493,54.424778761061944,0.1273946705297651,11.946902654867257
yof_01208_01850003899,p01_coral_r01,3.1,214.25828225620026,110.58673092361124,285.17449472060275,210.28678904520856,78.06451612903226,64.05228758169935,0.18041462492574795,19.54397394136808
yof_01208_01850003899,p01_coral_r02,3.25,188.14500086724917,127.03079589645196,285.17449472060275,188.17973132874806,80.3076923076923,64.48598130841121,0.18501676121764177,16.149068322981368
yof_02436_02038636916,natural,2.304,201.6488190383855,162.84637702113662,231.63366671648822,202.84186859122843,77.05627705627705,76.10619469026548,0.09141920370442594,2.6548672566371683
yof_02436_02038636916,p02_coral_r01,4.45,191.43371755306833,65.0,242.58857779956992,192.3760093544518,78.20224719101124,65.53287981859411,0.15588324635516834,13.122171945701357
yof_02436_02038636916,p02_coral_r02,4.6,225.69132615929473,65.0,283.532010492967,229.33220169300898,68.26086956521739,55.26315789473684,0.17035476516493123,12.910284463894968
yof_02121_01178327964,natural,4.864,214.87708272009507,72.96003314010925,272.296471933363,215.24953322097613,54.209445585215605,38.79668049792531,0.17728384026190064,25.103734439834025
yof_02121_01178327964,p03_coral_r01,6.9,155.49249582586248,65.0,218.63306796596578,163.9327611635292,65.3623188405797,45.91836734693877,0.21352048548845365,19.941775836972344
yof_02121_01178327964,p03_coral_r02,5.35,191.43371755306833,117.84127594565435,291.8401325604369,188.36568019810093,66.16822429906541,54.80225988700565,0.17859847747751856,13.909774436090226
yof_09697_01103354325,natural,5.461333333333333,203.99186545315516,154.59692495035372,239.8022103323442,200.27265170390336,75.68555758683729,65.31365313653137,0.09761774488001465,11.07011070110701
yof_09697_01103354325,p04_coral_r01,6.4,212.40900892134297,65.0,310.98499165172495,211.5773480153523,80.46875,66.35220125786164,0.17890907864770145,14.599686028257457
yof_09697_01103354325,p04_coral_r02,7.15,190.3311404729313,113.17157322849613,248.25881701670832,189.90460035784992,78.46153846153847,66.24472573839662,0.1984395321668546,12.359550561797754
yom_00295_01260038205,natural,2.9013333333333335,135.36407982952485,106.2045044606715,190.3311404729313,136.31764922003265,64.94845360824742,60.83916083916084,0.2247004248219634,13.636363636363637
yom_00295_01260038205,p05_coral_r01,3.25,189.23491376948436,119.9011051661721,275.4604045334168,190.73076913370758,80.0,68.84735202492212,0.23674442381412658,11.490683229813664
yom_00295_01260038205,p05_coral_r02,4.5,194.7799199939686,65.0,246.828951447135,194.24854031148777,77.55555555555556,62.55605381165919,0.13875254253964342,16.33109619686801
yom_07508_00859742057,natural,2.474666666666667,123.4144757235675,77.74624791293124,144.24403136881983,122.7314144017972,73.79032258064517,56.37860082304527,0.17453423970574358,19.753086419753085
yom_07508_00859742057,p06_coral_r01,4.35,221.17346184722248,120.59568520237023,310.98499165172495,215.88664735520322,70.11494252873563,56.380510440835266,0.34809054705768094,13.657407407407407
yom_07508_00859742057,p06_coral_r02,4.0,203.99186545315516,65.0,278.66110025943624,206.0364946525255,81.0,61.111111111111114,0.19623516446831185,23.173803526448363
