source_item_id,speaker_id,released_gender_group,transcript_original,transcript_nfc,archive_url,archive_member,zip_crc32,compressed_bytes,uncompressed_bytes
yof_01208_00284398735,yof_01208,female,Wọ́n máa gun Àràfá ní ọ̀la.,Wọ́n máa gun Àràfá ní ọ̀la.,https://openslr.trmal.net/resources/86/yo_ng_female.zip,yof_01208_00284398735.wav,3bac5d28,144428,262188
yof_01208_00601301614,yof_01208,female,"[snap] Wàyí o, kí a máa rántí pé gbogbo ohun táa bá ṣe la ma ká nikẹhìn.","[snap] Wàyí o, kí a máa rántí pé gbogbo ohun táa bá ṣe la ma ká nikẹhìn.",https://openslr.trmal.net/resources/86/yo_ng_female.zip,yof_01208_00601301614.wav,57650110,378338,557100
yof_01208_00638640400,yof_01208,female,[breath] [snap] Ọlọ́run má jẹ a ṣòfò èmí.,[breath] [snap] Ọlọ́run má jẹ a ṣòfò èmí.,https://openslr.trmal.net/resources/86/yo_ng_female.zip,yof_01208_00638640400.wav,15b3481f,159344,253996
yof_01208_00712661610,yof_01208,female,"[snap] Kí ni ká fi ṣe yín l’álejò báyìí, ṣé ẹ ó jẹ àmàlà tàbí iyán ni ká gún?","[snap] Kí ni ká fi ṣe yín l’álejò báyìí, ṣé ẹ ó jẹ àmàlà tàbí iyán ni ká gún?",https://openslr.trmal.net/resources/86/yo_ng_female.zip,yof_01208_00712661610.wav,38a08db6,320000,483372
yof_01208_01099449672,yof_01208,female,[snap] Wọ́n rò pé èmi ni mo sọ fún ẹ bẹ́ẹ̀.,[snap] Wọ́n rò pé èmi ni mo sọ fún ẹ bẹ́ẹ̀.,https://openslr.trmal.net/resources/86/yo_ng_female.zip,yof_01208_01099449672.wav,52d9d43a,174477,229420
yof_01208_01304309543,yof_01208,female,Adéwálé gbé egbòogi olóró wo ilẹ̀ Amẹ́ríkà.,Adéwálé gbé egbòogi olóró wo ilẹ̀ Amẹ́ríkà.,https://openslr.trmal.net/resources/86/yo_ng_female.zip,yof_01208_01304309543.wav,96b2a56e,237423,417836
yof_01208_01348944590,yof_01208,female,"[snap] [breath] Tí a bá ń sọ àṣìṣe ara wa, èyí kò ní jẹ́ kí okùn ìfẹ́ wa gùn.","[snap] [breath] Tí a bá ń sọ àṣìṣe ara wa, èyí kò ní jẹ́ kí okùn ìfẹ́ wa gùn.",https://openslr.trmal.net/resources/86/yo_ng_female.zip,yof_01208_01348944590.wav,ba29ba43,346588,409644
yof_01208_01740136044,yof_01208,female,[breath] Kẹ́ẹ tún ilé ṣe kí a tó dé.,[breath] Kẹ́ẹ tún ilé ṣe kí a tó dé.,https://openslr.trmal.net/resources/86/yo_ng_female.zip,yof_01208_01740136044.wav,d071d725,186135,270380
yof_01208_01850003899,yof_01208,female,Wọ́n na Àdùnní játijàti.,Wọ́n na Àdùnní játijàti.,https://openslr.trmal.net/resources/86/yo_ng_female.zip,yof_01208_01850003899.wav,5846976e,130012,221228
yof_01208_01947924185,yof_01208,female,[snap] Jẹ́ ká jọ jó.,[snap] Jẹ́ ká jọ jó.,https://openslr.trmal.net/resources/86/yo_ng_female.zip,yof_01208_01947924185.wav,10971e54,95795,180268
yof_02121_00334458563,yof_02121,female,Mò ń jáde lọ sí ibi iṣẹ́ láti lọ gba owó oṣù.,Mò ń jáde lọ sí ibi iṣẹ́ láti lọ gba owó oṣù.,https://openslr.trmal.net/resources/86/yo_ng_female.zip,yof_02121_00334458563.wav,aad9d62a,229272,385068
yof_02121_00443892123,yof_02121,female,Ọbẹ̀ náà ta sáńsán.,Ọbẹ̀ náà ta sáńsán.,https://openslr.trmal.net/resources/86/yo_ng_female.zip,yof_02121_00443892123.wav,e1fa32f4,123660,278572
yof_02121_00460996262,yof_02121,female,Bímpé ni mínísítà fún ètò ẹ̀kọ́ fún orílẹ̀-èdè wa.,Bímpé ni mínísítà fún ètò ẹ̀kọ́ fún orílẹ̀-èdè wa.,https://openslr.trmal.net/resources/86/yo_ng_female.zip,yof_02121_00460996262.wav,d1536f71,286339,458796
yof_02121_00907251659,yof_02121,female,Mo ò tí ì dé Àbújá rí.,Mo ò tí ì dé Àbújá rí.,https://openslr.trmal.net/resources/86/yo_ng_female.zip,yof_02121_00907251659.wav,09c97be2,125387,245804
yof_02121_00930959735,yof_02121,female,Ògúntádé ni ó gba ìwé náà wọlé.,Ògúntádé ni ó gba ìwé náà wọlé.,https://openslr.trmal.net/resources/86/yo_ng_female.zip,yof_02121_00930959735.wav,aea1ab7d,202066,319532
yof_02121_00956906502,yof_02121,female,Àwọn Yorùbá kò fi ọwọ́ yẹpẹrẹ mú ọrọ ọmọ bíbí láwùjọ.,Àwọn Yorùbá kò fi ọwọ́ yẹpẹrẹ mú ọrọ ọmọ bíbí láwùjọ.,https://openslr.trmal.net/resources/86/yo_ng_female.zip,yof_02121_00956906502.wav,223f251d,307258,548908
yof_02121_01178327964,yof_02121,female,"Kò kúkú sírú ọlọ́run, Ọba tí kò ṣeé pè lẹ́jọ́.","Kò kúkú sírú ọlọ́run, Ọba tí kò ṣeé pè lẹ́jọ́.",https://openslr.trmal.net/resources/86/yo_ng_female.zip,yof_02121_01178327964.wav,d5c9bafd,266525,466988
yof_02121_01204042551,yof_02121,female,Ẹ̀yìn ilẹ̀kùn ni a máa ń kó ìgbálẹ̀ àti ìkólẹ̀ sí.,Ẹ̀yìn ilẹ̀kùn ni a máa ń kó ìgbálẹ̀ àti ìkólẹ̀ sí.,https://openslr.trmal.net/resources/86/yo_ng_female.zip,yof_02121_01204042551.wav,16c05a98,238948,385068
yof_02121_01888276578,yof_02121,female,Kí ló dé tí àga yí fi dọ̀tí tó báyìí?,Kí ló dé tí àga yí fi dọ̀tí tó báyìí?,https://openslr.trmal.net/resources/86/yo_ng_female.zip,yof_02121_01888276578.wav,df46f833,189694,352300
yof_02121_02015408040,yof_02121,female,Ọlọ́runyọmí ló tan Iwàlọlá jẹ.,Ọlọ́runyọmí ló tan Iwàlọlá jẹ.,https://openslr.trmal.net/resources/86/yo_ng_female.zip,yof_02121_02015408040.wav,07adb91b,202610,344108
yof_02436_00053848547,yof_02436,female,Ẹ jẹ́ kí a dá ara wa ní ara yá.,Ẹ jẹ́ kí a dá ara wa ní ara yá.,https://openslr.trmal.net/resources/86/yo_ng_female.zip,yof_02436_00053848547.wav,a96cad50,210989,286764
yof_02436_00111533593,yof_02436,female,Moyọ̀ àti Bíbí ń bínú sí ara wọn.,Moyọ̀ àti Bíbí ń bínú sí ara wọn.,https://openslr.trmal.net/resources/86/yo_ng_female.zip,yof_02436_00111533593.wav,d0b94fef,263306,344108
yof_02436_00554684236,yof_02436,female,Ẹnu-Ọwá la ti ń d’ádé.,Ẹnu-Ọwá la ti ń d’ádé.,https://openslr.trmal.net/resources/86/yo_ng_female.zip,yof_02436_00554684236.wav,abb85504,188030,270380
yof_02436_00656157829,yof_02436,female,Kan ilẹ̀kùn pẹ̀lú sùúrù.,Kan ilẹ̀kùn pẹ̀lú sùúrù.,https://openslr.trmal.net/resources/86/yo_ng_female.zip,yof_02436_00656157829.wav,23617c74,191692,262188
yof_02436_00691876145,yof_02436,female,Ṣé ẹ ní dòdò àti ẹran?,Ṣé ẹ ní dòdò àti ẹran?,https://openslr.trmal.net/resources/86/yo_ng_female.zip,yof_02436_00691876145.wav,9c7aa36a,144704,245804
yof_02436_01200814924,yof_02436,female,Ẹniyàn mẹ́rin ló ti ra ọkọ̀ tuntun láti ọdún tó kọjá.,Ẹniyàn mẹ́rin ló ti ra ọkọ̀ tuntun láti ọdún tó kọjá.,https://openslr.trmal.net/resources/86/yo_ng_female.zip,yof_02436_01200814924.wav,31eb036f,281401,393260
yof_02436_01208289328,yof_02436,female,Sáyídì ń ta Láfún ní agbègbè Ìta Àdó.,Sáyídì ń ta Láfún ní agbègbè Ìta Àdó.,https://openslr.trmal.net/resources/86/yo_ng_female.zip,yof_02436_01208289328.wav,37226e2f,255041,565292
yof_02436_01809127750,yof_02436,female,Mo máa gbìyànjú láti ríi dájú pé o jìyà ẹ̀sẹ̀ rẹ.,Mo máa gbìyànjú láti ríi dájú pé o jìyà ẹ̀sẹ̀ rẹ.,https://openslr.trmal.net/resources/86/yo_ng_female.zip,yof_02436_01809127750.wav,2dcef573,322737,450604
yof_02436_02010584865,yof_02436,female,[breath] Ilé ẹ̀kọ́ girama tó wà ní Jíbówú ni Akíntádé ti bẹ̀rẹ̀ iṣẹ́.,[breath] Ilé ẹ̀kọ́ girama tó wà ní Jíbówú ni Akíntádé ti bẹ̀rẹ̀ iṣẹ́.,https://openslr.trmal.net/resources/86/yo_ng_female.zip,yof_02436_02010584865.wav,cdf313fe,330840,475180
yof_02436_02038636916,yof_02436,female,Àwọn ọmọ ogun orí ilẹ̀ ń bọ̀.,Àwọn ọmọ ogun orí ilẹ̀ ń bọ̀.,https://openslr.trmal.net/resources/86/yo_ng_female.zip,yof_02436_02038636916.wav,0880ca3f,177683,221228
yof_04310_00141945315,yof_04310,female,"Tí ọwọ́ rẹ́ bá kàn mí, mo ma yí omi yìí dà sí ẹ lórí.","Tí ọwọ́ rẹ́ bá kàn mí, mo ma yí omi yìí dà sí ẹ lórí.",https://openslr.trmal.net/resources/86/yo_ng_female.zip,yof_04310_00141945315.wav,3f4b4aa8,297620,376876
yof_04310_00338359348,yof_04310,female,Ó bá mi mú ẹran wá.,Ó bá mi mú ẹran wá.,https://openslr.trmal.net/resources/86/yo_ng_female.zip,yof_04310_00338359348.wav,f799f69c,133608,172076
yof_04310_00896135803,yof_04310,female,[breath] Àwọn ará ọjà ti kó aṣọ lọ.,[breath] Àwọn ará ọjà ti kó aṣọ lọ.,https://openslr.trmal.net/resources/86/yo_ng_female.zip,yof_04310_00896135803.wav,5d32f484,156917,204844
yof_04310_00904609684,yof_04310,female,[snap] [breath] Adájọ́ dáa lébi ẹ̀sùn táa fi kàn-án.,[snap] [breath] Adájọ́ dáa lébi ẹ̀sùn táa fi kàn-án.,https://openslr.trmal.net/resources/86/yo_ng_female.zip,yof_04310_00904609684.wav,59eb311e,198448,270380
yof_04310_00967300235,yof_04310,female,[breath] [snap] Gbogbo yàra ti sùn lọ.,[breath] [snap] Gbogbo yàra ti sùn lọ.,https://openslr.trmal.net/resources/86/yo_ng_female.zip,yof_04310_00967300235.wav,d88bbe17,124032,172076
yof_04310_01165246344,yof_04310,female,[snap] Bẹ́ẹ̀ àṣejù wọ́n ti bẹ̀rẹ̀ níkẹyìn.,[snap] Bẹ́ẹ̀ àṣejù wọ́n ti bẹ̀rẹ̀ níkẹyìn.,https://openslr.trmal.net/resources/86/yo_ng_female.zip,yof_04310_01165246344.wav,7c3bc806,193621,319532
yof_04310_01174196641,yof_04310,female,[snap] Òkè ni ẹyẹ ti máa ń fò.,[snap] Òkè ni ẹyẹ ti máa ń fò.,https://openslr.trmal.net/resources/86/yo_ng_female.zip,yof_04310_01174196641.wav,39780c63,144770,188460
yof_04310_01265456913,yof_04310,female,Ta ló gbé ọmọ jù sórí àkìtàn?,Ta ló gbé ọmọ jù sórí àkìtàn?,https://openslr.trmal.net/resources/86/yo_ng_female.zip,yof_04310_01265456913.wav,24a29cf4,178967,229420
yof_04310_01491615865,yof_04310,female,Àgbàdo yíyan ni mo fẹ́ jẹ sùn.,Àgbàdo yíyan ni mo fẹ́ jẹ sùn.,https://openslr.trmal.net/resources/86/yo_ng_female.zip,yof_04310_01491615865.wav,e9cd2305,164813,221228
yof_04310_01892910806,yof_04310,female,Ẹnu-Ọwá ni bàbá kọ́’lé tuntun rẹ̀ sí.,Ẹnu-Ọwá ni bàbá kọ́’lé tuntun rẹ̀ sí.,https://openslr.trmal.net/resources/86/yo_ng_female.zip,yof_04310_01892910806.wav,504bf493,215473,278572
yof_06136_00616155826,yof_06136,female,Lọ fá irun rẹ kó tó wù.,Lọ fá irun rẹ kó tó wù.,https://openslr.trmal.net/resources/86/yo_ng_female.zip,yof_06136_00616155826.wav,60f18786,195289,294956
yof_06136_00877626961,yof_06136,female,"Gángan ni ọ̀rọ̀ ilé ayé, bí ó ti kọjú sẹ́nìkan, ẹ̀yìn ló kọ sẹlòmíràn.","Gángan ni ọ̀rọ̀ ilé ayé, bí ó ti kọjú sẹ́nìkan, ẹ̀yìn ló kọ sẹlòmíràn.",https://openslr.trmal.net/resources/86/yo_ng_female.zip,yof_06136_00877626961.wav,e9be638c,479572,770092
yof_06136_00931220222,yof_06136,female,Iyẹ̀pẹ̀ ló rọ sínú ike náà.,Iyẹ̀pẹ̀ ló rọ sínú ike náà.,https://openslr.trmal.net/resources/86/yo_ng_female.zip,yof_06136_00931220222.wav,92f2870f,180484,229420
yof_06136_00981963925,yof_06136,female,[snap] Àdùkẹ́ ń ta Mọ́sà ní àdúgbò kan ní Olúwọlé.,[snap] Àdùkẹ́ ń ta Mọ́sà ní àdúgbò kan ní Olúwọlé.,https://openslr.trmal.net/resources/86/yo_ng_female.zip,yof_06136_00981963925.wav,93e616fc,300528,401452
yof_06136_01063669619,yof_06136,female,Kí ló lè fa kí ara máa ro èèyàn?,Kí ló lè fa kí ara máa ro èèyàn?,https://openslr.trmal.net/resources/86/yo_ng_female.zip,yof_06136_01063669619.wav,b1062ff3,212790,294956
yof_06136_01085823195,yof_06136,female,"Ọlọ́run tìẹ ni mo ṣe, ọmọ olọ́dọ̀ idẹ, àti àtíbàbá ìlẹ̀kẹ̀.","Ọlọ́run tìẹ ni mo ṣe, ọmọ olọ́dọ̀ idẹ, àti àtíbàbá ìlẹ̀kẹ̀.",https://openslr.trmal.net/resources/86/yo_ng_female.zip,yof_06136_01085823195.wav,13b7db6d,467406,573484
yof_06136_01151773106,yof_06136,female,Jẹ́ ki mọ̀ mọ tí ó bá ti ń lọ sí ilé yin.,Jẹ́ ki mọ̀ mọ tí ó bá ti ń lọ sí ilé yin.,https://openslr.trmal.net/resources/86/yo_ng_female.zip,yof_06136_01151773106.wav,f3f2b140,277305,335916
yof_06136_01387293319,yof_06136,female,Ṣe o ti rí ìdí tí kò fi lè tètè ní ọ̀rẹ́kùnrin.,Ṣe o ti rí ìdí tí kò fi lè tètè ní ọ̀rẹ́kùnrin.,https://openslr.trmal.net/resources/86/yo_ng_female.zip,yof_06136_01387293319.wav,fea336e5,316260,385068
yof_06136_01760701628,yof_06136,female,Mo fẹ́ kí èmi àti àwọn ẹ̀gbọ́n mi jọ ma lọ sí ibẹ̀ nígbà kan náà.,Mo fẹ́ kí èmi àti àwọn ẹ̀gbọ́n mi jọ ma lọ sí ibẹ̀ nígbà kan náà.,https://openslr.trmal.net/resources/86/yo_ng_female.zip,yof_06136_01760701628.wav,9f78659a,367349,507948
yof_06136_01956124024,yof_06136,female,Túndé ní ìfẹ sí àti máa fi ẹ̀wà jẹ ọ̀gọ̀dẹ̀.,Túndé ní ìfẹ sí àti máa fi ẹ̀wà jẹ ọ̀gọ̀dẹ̀.,https://openslr.trmal.net/resources/86/yo_ng_female.zip,yof_06136_01956124024.wav,734de3d2,277436,385068
yof_09697_00041565012,yof_09697,female,Àwọn aṣọ híhun náà rẹwà púpọ̀.,Àwọn aṣọ híhun náà rẹwà púpọ̀.,https://openslr.trmal.net/resources/86/yo_ng_female.zip,yof_09697_00041565012.wav,b9556e81,173876,335916
yof_09697_00099367593,yof_09697,female,Ẹnu ẹni la fi ń kọ mé jẹ.,Ẹnu ẹni la fi ń kọ mé jẹ.,https://openslr.trmal.net/resources/86/yo_ng_female.zip,yof_09697_00099367593.wav,88460e43,176735,319532
yof_09697_00132648621,yof_09697,female,Ìyàwó kékeré tí arákùnrin ọ̀hún fẹ́ ló ba gbogbo nǹkan jẹ́.,Ìyàwó kékeré tí arákùnrin ọ̀hún fẹ́ ló ba gbogbo nǹkan jẹ́.,https://openslr.trmal.net/resources/86/yo_ng_female.zip,yof_09697_00132648621.wav,86d8c5fa,315841,483372
yof_09697_00498508152,yof_09697,female,Atọ́batẹ́lẹ̀ ra ọ̀gẹ̀dẹ̀ wá.,Atọ́batẹ́lẹ̀ ra ọ̀gẹ̀dẹ̀ wá.,https://openslr.trmal.net/resources/86/yo_ng_female.zip,yof_09697_00498508152.wav,e9268530,187514,344108
yof_09697_00503862354,yof_09697,female,[snap] Wọ́n ni ilè àwọn Jẹ̀mílá l’àwọ́n wà.,[snap] Wọ́n ni ilè àwọn Jẹ̀mílá l’àwọ́n wà.,https://openslr.trmal.net/resources/86/yo_ng_female.zip,yof_09697_00503862354.wav,0e1134a0,246888,426028
yof_09697_00984469114,yof_09697,female,"[snap] Wá rí mi, mo ní ǹkan tí mo fẹ́ fún ẹ.","[snap] Wá rí mi, mo ní ǹkan tí mo fẹ́ fún ẹ.",https://openslr.trmal.net/resources/86/yo_ng_female.zip,yof_09697_00984469114.wav,37e88a22,192375,327724
yof_09697_01103354325,yof_09697,female,Ata ni Bọ́láfadé ń tà láti rán ara rẹ̀ lọ sí ilé-ìwé.,Ata ni Bọ́láfadé ń tà láti rán ara rẹ̀ lọ sí ilé-ìwé.,https://openslr.trmal.net/resources/86/yo_ng_female.zip,yof_09697_01103354325.wav,8ee7c30a,329920,524332
yof_09697_01599872597,yof_09697,female,Bí àwọn dókítà mìíràn ṣe máa ń bá’ni sọ̀rọ̀ kò daá rárá.,Bí àwọn dókítà mìíràn ṣe máa ń bá’ni sọ̀rọ̀ kò daá rárá.,https://openslr.trmal.net/resources/86/yo_ng_female.zip,yof_09697_01599872597.wav,9e3a6863,271287,409644
yof_09697_01759056954,yof_09697,female,[snap] Ẹ máa sọ̀dí wùkẹ́wụ̀kẹ́.,[snap] Ẹ máa sọ̀dí wùkẹ́wụ̀kẹ́.,https://openslr.trmal.net/resources/86/yo_ng_female.zip,yof_09697_01759056954.wav,184edc37,162934,319532
yof_09697_01906894462,yof_09697,female,Àwọn ọmọ alásẹ́wó pọ̀ lọ̀nàa Lekki.,Àwọn ọmọ alásẹ́wó pọ̀ lọ̀nàa Lekki.,https://openslr.trmal.net/resources/86/yo_ng_female.zip,yof_09697_01906894462.wav,296b018a,194646,311340
yom_00295_00169173375,yom_00295,male,Èyí ni ó mú wa fi òwe wá àwọn oun tó sọnù sínú ọ̀rọ̀ Yorùbá.,Èyí ni ó mú wa fi òwe wá àwọn oun tó sọnù sínú ọ̀rọ̀ Yorùbá.,https://openslr.trmal.net/resources/86/yo_ng_male.zip,yom_00295_00169173375.wav,9514d40b,375554,622636
yom_00295_00263338725,yom_00295,male,Orí ẹni ní ń mọ àtilà ẹni.,Orí ẹni ní ń mọ àtilà ẹni.,https://openslr.trmal.net/resources/86/yo_ng_male.zip,yom_00295_00263338725.wav,20409de1,163971,294956
yom_00295_00358190062,yom_00295,male,Ọ̀mọ̀wé Ọládèjì wà nínú ọ́fìsì rẹ̀.,Ọ̀mọ̀wé Ọládèjì wà nínú ọ́fìsì rẹ̀.,https://openslr.trmal.net/resources/86/yo_ng_male.zip,yom_00295_00358190062.wav,403b47d6,217157,327724
yom_00295_00999748557,yom_00295,male,Etí rẹ̀ pẹ̀lú a sì máa gbọ́ ìgbọ́kùgbọ̀ọ́.,Etí rẹ̀ pẹ̀lú a sì máa gbọ́ ìgbọ́kùgbọ̀ọ́.,https://openslr.trmal.net/resources/86/yo_ng_male.zip,yom_00295_00999748557.wav,36780ac1,214544,368684
yom_00295_01090465200,yom_00295,male,Wùnmí fẹ́ràn kí ó máa jẹ eegun.,Wùnmí fẹ́ràn kí ó máa jẹ eegun.,https://openslr.trmal.net/resources/86/yo_ng_male.zip,yom_00295_01090465200.wav,02d9c27c,210166,426028
yom_00295_01100371474,yom_00295,male,"O gbọdọ̀ gbọ́ ohun tí mo bá sọ fún ẹ, èmi ni mo bí ẹ.","O gbọdọ̀ gbọ́ ohun tí mo bá sọ fún ẹ, èmi ni mo bí ẹ.",https://openslr.trmal.net/resources/86/yo_ng_male.zip,yom_00295_01100371474.wav,71d451c6,262432,483372
yom_00295_01260038205,yom_00295,male,Ẹlẹ́dẹ̀ náà bí ọmọ mẹ́fà péré.,Ẹlẹ́dẹ̀ náà bí ọmọ mẹ́fà péré.,https://openslr.trmal.net/resources/86/yo_ng_male.zip,yom_00295_01260038205.wav,4eb11e82,182340,278572
yom_00295_01634346315,yom_00295,male,Àmàlà ni Simí jẹ fún oúnjẹ ọ̀sán.,Àmàlà ni Simí jẹ fún oúnjẹ ọ̀sán.,https://openslr.trmal.net/resources/86/yo_ng_male.zip,yom_00295_01634346315.wav,f4ea2e2b,197167,319532
yom_00295_01761232169,yom_00295,male,Bàbá rẹ̀ ló fi ṣìná jọ.,Bàbá rẹ̀ ló fi ṣìná jọ.,https://openslr.trmal.net/resources/86/yo_ng_male.zip,yom_00295_01761232169.wav,fc42d652,136502,221228
yom_00295_01894974080,yom_00295,male,Onílẹ̀ gogoro ni wọ́n ń pe ọkùnrin yẹn.,Onílẹ̀ gogoro ni wọ́n ń pe ọkùnrin yẹn.,https://openslr.trmal.net/resources/86/yo_ng_male.zip,yom_00295_01894974080.wav,df8c0952,182071,294956
yom_01208_00480893374,yom_01208,male,Orin àti ìlù ṣe pàtàkì níbi eré ìdánilárayá.,Orin àti ìlù ṣe pàtàkì níbi eré ìdánilárayá.,https://openslr.trmal.net/resources/86/yo_ng_male.zip,yom_01208_00480893374.wav,0587c2c9,325807,417836
yom_01208_00587267142,yom_01208,male,[snap] Òun ló tọ́ sí láti máa sọ̀rọ̀.,[snap] Òun ló tọ́ sí láti máa sọ̀rọ̀.,https://openslr.trmal.net/resources/86/yo_ng_male.zip,yom_01208_00587267142.wav,df76759c,217492,335916
yom_01208_00717404914,yom_01208,male,"[snap] À ń lùú, ó ń dun. Ọpẹ́ ló yẹ wá.","[snap] À ń lùú, ó ń dun. Ọpẹ́ ló yẹ wá.",https://openslr.trmal.net/resources/86/yo_ng_male.zip,yom_01208_00717404914.wav,1b2868dc,237466,450604
yom_01208_00740667051,yom_01208,male,Ẹniyàn mẹ́rin ló ti ra ọkọ̀ tuntun láti ọdún tó kọjá.,Ẹniyàn mẹ́rin ló ti ra ọkọ̀ tuntun láti ọdún tó kọjá.,https://openslr.trmal.net/resources/86/yo_ng_male.zip,yom_01208_00740667051.wav,155530e3,328898,434220
yom_01208_00784200761,yom_01208,male,Báwo la ṣe ń gbin ẹ̀gẹ́.,Báwo la ṣe ń gbin ẹ̀gẹ́.,https://openslr.trmal.net/resources/86/yo_ng_male.zip,yom_01208_00784200761.wav,b04e88fc,177519,262188
yom_01208_00896307834,yom_01208,male,Ó gbọ́ràn sí mi lẹ́nu.,Ó gbọ́ràn sí mi lẹ́nu.,https://openslr.trmal.net/resources/86/yo_ng_male.zip,yom_01208_00896307834.wav,b4480eb1,150305,262188
yom_01208_01142657335,yom_01208,male,Mo túbá fún gbogbo àṣìṣe tí mo ti ṣe s’ẹ́yìn.,Mo túbá fún gbogbo àṣìṣe tí mo ti ṣe s’ẹ́yìn.,https://openslr.trmal.net/resources/86/yo_ng_male.zip,yom_01208_01142657335.wav,5a008eb0,230194,327724
yom_01208_01278650394,yom_01208,male,Àlùbọ́sà ni ó ń tà.,Àlùbọ́sà ni ó ń tà.,https://openslr.trmal.net/resources/86/yo_ng_male.zip,yom_01208_01278650394.wav,0b44bf9d,143629,253996
yom_01208_01404835296,yom_01208,male,Ẹ ò ká aṣọ wọ’lé kí òjò tó bẹ̀rẹ̀.,Ẹ ò ká aṣọ wọ’lé kí òjò tó bẹ̀rẹ̀.,https://openslr.trmal.net/resources/86/yo_ng_male.zip,yom_01208_01404835296.wav,5e6f7e14,220324,319532
yom_01208_01663739947,yom_01208,male,"Tí mo bá rí aláboyún, àyà mí ma ń là gàràgà.","Tí mo bá rí aláboyún, àyà mí ma ń là gàràgà.",https://openslr.trmal.net/resources/86/yo_ng_male.zip,yom_01208_01663739947.wav,53916f37,270498,434220
yom_01523_00116259153,yom_01523,male,Ijó máa ń jẹyọ nínú rẹ̀.,Ijó máa ń jẹyọ nínú rẹ̀.,https://openslr.trmal.net/resources/86/yo_ng_male.zip,yom_01523_00116259153.wav,d03f40b1,159468,262188
yom_01523_00312896002,yom_01523,male,Adéforítì ní ìforítì. [snap],Adéforítì ní ìforítì. [snap],https://openslr.trmal.net/resources/86/yo_ng_male.zip,yom_01523_00312896002.wav,b71df9ee,226101,385068
yom_01523_00387763688,yom_01523,male,"Ó ti wá hàn gbangba pé gbogbo ohun tí à ń ṣe ní àwùjọ ẹ̀dá pátápátá, eré-oníṣẹ́ ni gbogbo wọn.","Ó ti wá hàn gbangba pé gbogbo ohun tí à ń ṣe ní àwùjọ ẹ̀dá pátápátá, eré-oníṣẹ́ ni gbogbo wọn.",https://openslr.trmal.net/resources/86/yo_ng_male.zip,yom_01523_00387763688.wav,8606c51e,568506,729132
yom_01523_00447820718,yom_01523,male,Ọfà ba ọmọ ogun rè l’ẹ́sẹ̀.,Ọfà ba ọmọ ogun rè l’ẹ́sẹ̀.,https://openslr.trmal.net/resources/86/yo_ng_male.zip,yom_01523_00447820718.wav,329bba88,224009,360492
yom_01523_00762007073,yom_01523,male,Nínú èrò tí Elédùmarè fi jíǹkí ẹ̀yà Yòrùbá ni ọ̀nà tí a fi ń ṣe òǹkà tó múná dóko.,Nínú èrò tí Elédùmarè fi jíǹkí ẹ̀yà Yòrùbá ni ọ̀nà tí a fi ń ṣe òǹkà tó múná dóko.,https://openslr.trmal.net/resources/86/yo_ng_male.zip,yom_01523_00762007073.wav,cecba811,530665,688172
yom_01523_01346428924,yom_01523,male,[breath] Àwọn iwin inú igbó ti ń jíròrò.,[breath] Àwọn iwin inú igbó ti ń jíròrò.,https://openslr.trmal.net/resources/86/yo_ng_male.zip,yom_01523_01346428924.wav,b6bad331,294577,409644
yom_01523_01458350798,yom_01523,male,[breath] Àwọn ìjọba ti ń da ọ̀dà sí títì ìlú wa.,[breath] Àwọn ìjọba ti ń da ọ̀dà sí títì ìlú wa.,https://openslr.trmal.net/resources/86/yo_ng_male.zip,yom_01523_01458350798.wav,10d30ab1,332008,450604
yom_01523_01656064431,yom_01523,male,"Ní ọ̀nà àkọ́kọ́, wọn ò lè ní ạ̀wọn ò ní gba ti wa. [snap]","Ní ọ̀nà àkọ́kọ́, wọn ò lè ní ạ̀wọn ò ní gba ti wa. [snap]",https://openslr.trmal.net/resources/86/yo_ng_male.zip,yom_01523_01656064431.wav,93b1fcef,312157,491564
yom_01523_02042697707,yom_01523,male,[breath] Sùúrùlérè ni ibi tí a ó ti ṣe ìpàdé ọ̀sẹ̀ tó n bọ̀.,[breath] Sùúrùlérè ni ibi tí a ó ti ṣe ìpàdé ọ̀sẹ̀ tó n bọ̀.,https://openslr.trmal.net/resources/86/yo_ng_male.zip,yom_01523_02042697707.wav,bb483712,382338,499756
yom_01523_02091535034,yom_01523,male,"Eṣinṣín wá tìlẹ̀kùn ṣáláńgá mọ́rí, ó l’óun ò ní jáde àf’ìgbà tí wọ́n bá fún-un n’íyàwó.","Eṣinṣín wá tìlẹ̀kùn ṣáláńgá mọ́rí, ó l’óun ò ní jáde àf’ìgbà tí wọ́n bá fún-un n’íyàwó.",https://openslr.trmal.net/resources/86/yo_ng_male.zip,yom_01523_02091535034.wav,7489650f,460000,688172
yom_07049_00667014222,yom_07049,male,Ọmọ jayéjayé ni àwọn ọ̀rẹ́ mi.,Ọmọ jayéjayé ni àwọn ọ̀rẹ́ mi.,https://openslr.trmal.net/resources/86/yo_ng_male.zip,yom_07049_00667014222.wav,1ad2dfcf,237847,401452
yom_07049_00676007103,yom_07049,male,"[snap] Àyìnlá ní Kúnlé fẹ́ràn obìnrin, ṣé ọkùnrin ni kó kwá fẹ́ràn ni?","[snap] Àyìnlá ní Kúnlé fẹ́ràn obìnrin, ṣé ọkùnrin ni kó kwá fẹ́ràn ni?",https://openslr.trmal.net/resources/86/yo_ng_male.zip,yom_07049_00676007103.wav,50b63286,381412,589868
yom_07049_00727404490,yom_07049,male,[snap] Ìyẹn ni pé àwọn ìlú kékèké nínú igbó yìí náà máa ń lo iná ìjọba.,[snap] Ìyẹn ni pé àwọn ìlú kékèké nínú igbó yìí náà máa ń lo iná ìjọba.,https://openslr.trmal.net/resources/86/yo_ng_male.zip,yom_07049_00727404490.wav,81745802,399259,532524
yom_07049_00866136075,yom_07049,male,Ìyá ọkọọ̀ rẹ ló ń pè ọ́.,Ìyá ọkọọ̀ rẹ ló ń pè ọ́.,https://openslr.trmal.net/resources/86/yo_ng_male.zip,yom_07049_00866136075.wav,bc021e1d,176269,303148
yom_07049_00939672341,yom_07049,male,"Fi ara balẹ̀ ṣá, má ṣè’jọ̀gbọ̀n.","Fi ara balẹ̀ ṣá, má ṣè’jọ̀gbọ̀n.",https://openslr.trmal.net/resources/86/yo_ng_male.zip,yom_07049_00939672341.wav,aba99140,216478,385068
yom_07049_00985777771,yom_07049,male,Ìdí ni wípé èdè pọ̀ láwùjọ jáńtìrẹrẹ.,Ìdí ni wípé èdè pọ̀ láwùjọ jáńtìrẹrẹ.,https://openslr.trmal.net/resources/86/yo_ng_male.zip,yom_07049_00985777771.wav,89f81403,281262,417836
yom_07049_01002258700,yom_07049,male,[snap] Bí òní ti rí ọ̀la ò lè rí bẹ́ẹ̀.,[snap] Bí òní ti rí ọ̀la ò lè rí bẹ́ẹ̀.,https://openslr.trmal.net/resources/86/yo_ng_male.zip,yom_07049_01002258700.wav,fbb3c3d6,254029,409644
yom_07049_01135577802,yom_07049,male,Rádaràda ni gbogbo eléyìí ń ṣe.,Rádaràda ni gbogbo eléyìí ń ṣe.,https://openslr.trmal.net/resources/86/yo_ng_male.zip,yom_07049_01135577802.wav,a64d1347,211501,344108
yom_07049_01273855916,yom_07049,male,[breath] Ẹyẹ méjì ló wà lórí igi ọ̀pẹ. [breath],[breath] Ẹyẹ méjì ló wà lórí igi ọ̀pẹ. [breath],https://openslr.trmal.net/resources/86/yo_ng_male.zip,yom_07049_01273855916.wav,51400737,245108,393260
yom_07049_01994824495,yom_07049,male,[snap] Ewúrẹ́ ń jẹ koríko.,[snap] Ewúrẹ́ ń jẹ koríko.,https://openslr.trmal.net/resources/86/yo_ng_male.zip,yom_07049_01994824495.wav,0fcb9f55,182878,360492
yom_07508_00242160806,yom_07508,male,Ta ló mọ̀ ẹ́?,Ta ló mọ̀ ẹ́?,https://openslr.trmal.net/resources/86/yo_ng_male.zip,yom_07508_00242160806.wav,0a6c2664,85604,139308
yom_07508_00813365935,yom_07508,male,[snap] Àwọn kọ́ọ̀sì yí dára gan o.,[snap] Àwọn kọ́ọ̀sì yí dára gan o.,https://openslr.trmal.net/resources/86/yo_ng_male.zip,yom_07508_00813365935.wav,aa7736e2,173488,237612
yom_07508_00859742057,yom_07508,male,Ọmọ tí a bí tí ó ń súnkún tọ̀san tòru.,Ọmọ tí a bí tí ó ń súnkún tọ̀san tòru.,https://openslr.trmal.net/resources/86/yo_ng_male.zip,yom_07508_00859742057.wav,0d6a1e13,185539,237612
yom_07508_00965345335,yom_07508,male,[snap] Ọmọ mẹ́rin ni ẹran náà bí.,[snap] Ọmọ mẹ́rin ni ẹran náà bí.,https://openslr.trmal.net/resources/86/yo_ng_male.zip,yom_07508_00965345335.wav,16c16faa,156248,196652
yom_07508_00981058538,yom_07508,male,Orí páànù ni wón sá ẹran oníyọ̀ sí.,Orí páànù ni wón sá ẹran oníyọ̀ sí.,https://openslr.trmal.net/resources/86/yo_ng_male.zip,yom_07508_00981058538.wav,46e7cc8c,191138,229420
yom_07508_01340339424,yom_07508,male,Ọ̀jọ̀gbọ́n sàlàyé lórí rògbòdìyàn tó bẹ́ sílẹ̀ ní ìlú ọba ní àná òde yìí.,Ọ̀jọ̀gbọ́n sàlàyé lórí rògbòdìyàn tó bẹ́ sílẹ̀ ní ìlú ọba ní àná òde yìí.,https://openslr.trmal.net/resources/86/yo_ng_male.zip,yom_07508_01340339424.wav,82006671,316783,401452
yom_07508_01439327770,yom_07508,male,Ọkọ̀ akérò ni mo wọ̀.,Ọkọ̀ akérò ni mo wọ̀.,https://openslr.trmal.net/resources/86/yo_ng_male.zip,yom_07508_01439327770.wav,36dc7abe,117081,147500
yom_07508_01795437934,yom_07508,male,"Nínú yàrá náà, ènìyàn márùn-ún ló ń sùn síbẹ̀. Ọ̀rẹ́ làwọn máràrùn.","Nínú yàrá náà, ènìyàn márùn-ún ló ń sùn síbẹ̀. Ọ̀rẹ́ làwọn máràrùn.",https://openslr.trmal.net/resources/86/yo_ng_male.zip,yom_07508_01795437934.wav,9fe680fb,308313,385068
yom_07508_01950161981,yom_07508,male,[breath] [snap] Ìbọn ló bàá l’ẹ́sẹ̀.,[breath] [snap] Ìbọn ló bàá l’ẹ́sẹ̀.,https://openslr.trmal.net/resources/86/yo_ng_male.zip,yom_07508_01950161981.wav,ba402940,118331,147500
yom_07508_01963431820,yom_07508,male,Wàhálà ti mo fi ara ṣé pò lénìí.,Wàhálà ti mo fi ara ṣé pò lénìí.,https://openslr.trmal.net/resources/86/yo_ng_male.zip,yom_07508_01963431820.wav,aebc504f,163506,204844
yom_08421_00307169252,yom_08421,male,Ìfẹ́ tí a fẹ́ adìyẹ ò dẹ́nu.,Ìfẹ́ tí a fẹ́ adìyẹ ò dẹ́nu.,https://openslr.trmal.net/resources/86/yo_ng_male.zip,yom_08421_00307169252.wav,b4a33064,234205,368684
yom_08421_00321336704,yom_08421,male,Ọmọ màmá ẹ̀ ni Túndé.,Ọmọ màmá ẹ̀ ni Túndé.,https://openslr.trmal.net/resources/86/yo_ng_male.zip,yom_08421_00321336704.wav,a1454de7,166776,294956
yom_08421_00493295037,yom_08421,male,Lọ wo ẹ̀wà tí mò ń sè nínú kíṣìnì.,Lọ wo ẹ̀wà tí mò ń sè nínú kíṣìnì.,https://openslr.trmal.net/resources/86/yo_ng_male.zip,yom_08421_00493295037.wav,e4cca028,318676,458796
yom_08421_00603010627,yom_08421,male,Ibi ijà kan ní Kétu ni wọ́n ti fọ́ ojú ọmọ náà.,Ibi ijà kan ní Kétu ni wọ́n ti fọ́ ojú ọmọ náà.,https://openslr.trmal.net/resources/86/yo_ng_male.zip,yom_08421_00603010627.wav,a9062ada,376765,524332
yom_08421_01106977022,yom_08421,male,[snap] Ìwádìí fi hàn pé Ò [hesitation] gún ni ẹni àkókò tí ó ṣe ọ̀rò ìṣípa òde ní ìlú Ìrè.,[snap] Ìwádìí fi hàn pé Ò [hesitation] gún ni ẹni àkókò tí ó ṣe ọ̀rò ìṣípa òde ní ìlú Ìrè.,https://openslr.trmal.net/resources/86/yo_ng_male.zip,yom_08421_01106977022.wav,3fc8a395,631271,901164
yom_08421_01180079847,yom_08421,male,Mo gbọ́ ìròyìn àwọn ọmọ ìyá méjì tí wọ́n fi ara wọn ṣe ògùn owó.,Mo gbọ́ ìròyìn àwọn ọmọ ìyá méjì tí wọ́n fi ara wọn ṣe ògùn owó.,https://openslr.trmal.net/resources/86/yo_ng_male.zip,yom_08421_01180079847.wav,c5ea549c,441193,606252
yom_08421_01191226543,yom_08421,male,[snap] Mo fẹ́ lọ gba atẹ́gùn ní’ta.,[snap] Mo fẹ́ lọ gba atẹ́gùn ní’ta.,https://openslr.trmal.net/resources/86/yo_ng_male.zip,yom_08421_01191226543.wav,338eac0e,186872,311340
yom_08421_01200800536,yom_08421,male,Adébánjọ fẹ́ran ẹja tútù láti jẹ.,Adébánjọ fẹ́ran ẹja tútù láti jẹ.,https://openslr.trmal.net/resources/86/yo_ng_male.zip,yom_08421_01200800536.wav,002fd17e,276083,434220
yom_08421_01373096942,yom_08421,male,"Gẹ́gẹ́ bí ifá yìí ṣe ṣàlàyé, ire lojú owó ń rí.","Gẹ́gẹ́ bí ifá yìí ṣe ṣàlàyé, ire lojú owó ń rí.",https://openslr.trmal.net/resources/86/yo_ng_male.zip,yom_08421_01373096942.wav,30a64636,285580,434220
yom_08421_01497838425,yom_08421,male,Èkée Shíttù ti pọ̀ jù.,Èkée Shíttù ti pọ̀ jù.,https://openslr.trmal.net/resources/86/yo_ng_male.zip,yom_08421_01497838425.wav,281df76c,166735,311340
