"filename","yoruba","english_meaning","research_purpose"
"speaker01_0101.m4a","Mo rí ọkọ̀ tuntun ní òpópónà.","I saw a new vehicle on the road.","tone and vowel contrast"
"speaker01_0102.m4a","Ọdẹ náà gbé ọ̀kọ̀ rẹ̀.","The hunter carried his spear.","tone contrast"
"speaker01_0103.m4a","Ọkọ Adé dé láti ibise.","Ade's husband returned from work.","tone contrast"
"speaker01_0104.m4a","Bàbá mi lọ sí oko ní òwúrọ̀.","My father went to the farm in the morning.","vowel contrast"
"speaker01_0105.m4a","Mo fi owó ra oúnjẹ.","I used money to buy food.","vowel and tone contrast"
"speaker01_0106.m4a","Fọ ọwọ́ rẹ kí o tó jẹun.","Wash your hands before you eat.","vowel and tone contrast"
"speaker01_0107.m4a","Ìgbà wo ni o máa dé?","What time will you arrive?","tone contrast"
"speaker01_0108.m4a","Ìyá fi omi sínú igbá.","Mother put water in the calabash.","tone contrast"
"speaker01_0109.m4a","Òjò ń rọ̀ lónìí.","It is raining today.","tone contrast"
"speaker01_0110.m4a","Ojú n dùn mi","My eye hurts.","vowel and tone contrast"
"speaker01_0111.m4a","Ẹja náà wà nínú omi.","The fish is in the water.","ẹ/e vowel coverage"
"speaker01_0112.m4a","Adé ra ewé ní ọjà.","Ade bought leaves at the market.","ẹ/e vowel coverage"
"speaker01_0113.m4a","Ọmọ náà jókòó.","The child sat down.","ọ/o vowel coverage"
"speaker01_0114.m4a","Mo ra ọ̀bẹ tuntun.","I bought a new knife.","ọ/o vowel coverage"
"speaker01_0115.m4a","Ṣadé ń ṣe oúnjẹ.","Sade is cooking.","ṣ/s consonant coverage"
"speaker01_0116.m4a","Ṣẹ́gun sọ òtítọ́.","Segun told the truth.","ṣ/s consonant coverage"
"speaker01_0117.m4a","Ẹ jọ̀wọ́, ẹ ṣí ilẹ̀kùn.","Please open the door.","connected speech"
"speaker01_0118.m4a","Omi náà tutù.","The water is cold.","vowel and tone coverage"
"speaker01_0119.m4a","Ọ̀rẹ́ mi fẹ́ ra ẹja.","My friend wants to buy fish.","vowel and tone coverage"
"speaker01_0120.m4a","Ẹ̀gbọ́n mi ń ka ìwé.","My older sibling is reading a book.","connected speech"
"speaker01_0121.m4a","Báwo ni, o ṣe wà?","How are you?","question intonation"
"speaker01_0122.m4a","Ṣé o ti jẹun?","Have you eaten?","question intonation"
"speaker01_0123.m4a","Mo fẹ́ lọ sí ilé.","I want to go home.","natural statement"
"speaker01_0124.m4a","Jọ̀wọ́, fún mi ní omi.","Please give me water.","polite request"
"speaker01_0125.m4a","A ó pàdé lọ́la.","We will meet tomorrow.","future statement"
"speaker01_0126.m4a","Ọjọ́ náà dára gan-an.","The day was very good.","natural emphasis"
"speaker01_0127.m4a","Mo gbọ́ ohun tí o sọ.","I heard what you said.","connected speech"
"speaker01_0128.m4a","Ṣé o lè ràn mí lọ́wọ́?","Can you help me?","question intonation"
"speaker01_0129.m4a","Jọ̀wọ́, pa ilẹ̀kùn de.","Please close the door.","polite command"
"speaker01_0130.m4a","Inú mi dùn láti rí ẹ!","I am happy to see you!","expressive speech"
"speaker01_0131.m4a","Ará Èkó ni Bọ́lá.","Bola is a resident of Lagos.","lexical-tone contrast: ará"
"speaker01_0132.m4a","Ara ọmọ náà gbóná.","The child's body is hot.","lexical-tone contrast: ara"
"speaker01_0133.m4a","Àrá ń sán lókè ọ̀run.","Thunder is rumbling in the sky.","lexical-tone contrast: àrá"
"speaker01_0134.m4a","Ogun náà parí ní àná.","The war ended yesterday.","tone sequence: ogun"
"speaker01_0135.m4a","Dókítà fún mi ní oògùn.","The doctor gave me medicine.","tone sequence: oògùn"
"speaker01_0136.m4a","Kúnlé jogún ilé bàbá rẹ̀.","Kunle inherited his father's house.","tone sequence: jogún"
"speaker01_0137.m4a","Bàbá mi ń ṣe òwò ní ọjà.","My father trades at the market.","lexical-tone contrast: òwò"
"speaker01_0138.m4a","Owó náà wà nínú àpò mi.","The money is in my bag.","lexical-tone contrast: owó"
"speaker01_0139.m4a","Ọwọ́ mi mọ́.","My hand is clean.","lexical-tone contrast: ọwọ́"
"speaker01_0140.m4a","Mo dé ní ìgbà tó yẹ.","I arrived at the right time.","lexical-tone contrast: ìgbà"
"speaker01_0141.m4a","Ìyá gbé igbá náà kalẹ̀.","Mother put the calabash down.","lexical-tone contrast: igbá"
"speaker01_0142.m4a","Mo kọ́ ẹ̀kọ́ tuntun lónìí.","I learned a new lesson today.","lexical-tone contrast: ẹ̀kọ́"
"speaker01_0143.m4a","Ọmọ náà jẹ ẹ̀kọ ní òwúrọ̀.","The child ate corn pap in the morning.","lexical-tone contrast: ẹ̀kọ"
"speaker01_0144.m4a","Bọ́lá lọ sí ilé ẹ̀kọ́.","Bola went to school.","compound tone sequence"
"speaker01_0145.m4a","Kúnlé lọ sí ọjà.","Kunle went to the market.","affirmative statement"
"speaker01_0146.m4a","Kúnlé ò lọ sí ọjà.","Kunle did not go to the market.","negation contrast"
"speaker01_0147.m4a","Ó ti dé ilé.","He or she has arrived home.","completed-action statement"
"speaker01_0148.m4a","Kò tíì dé ilé.","He or she has not arrived home yet.","negative aspect contrast"
"speaker01_0149.m4a","Ṣé Bọ́lá ti jí?","Has Bola woken up?","yes-no question intonation"
"speaker01_0150.m4a","Bọ́lá ti jí.","Bola has woken up.","question-statement contrast"
"speaker01_0151.m4a","Adé ni ó ra ìwé náà.","It was Ade who bought the book.","focus construction"
"speaker01_0152.m4a","Adé ra ìwé náà.","Ade bought the book.","neutral-focus contrast"
"speaker01_0153.m4a","Ẹ má ṣe bẹ̀rù.","Do not be afraid.","negative command"
"speaker01_0154.m4a","Ẹ jọ̀wọ́, ẹ tún un sọ.","Please say it again.","polite request and connected speech"
"speaker01_0155.m4a","Mo fẹ́ kí o wá ní báyìí.","I want you to come now.","connected speech"
"speaker01_0156.m4a","Nígbà tí mo dé, wọ́n ti lọ.","By the time I arrived, they had left.","tone in a complex sentence"
"speaker01_0157.m4a","Bí òjò bá rọ̀, a ó dúró sí ilé.","If it rains, we will stay at home.","conditional and connected speech"
"speaker01_0158.m4a","Ìpàdé náà bẹ̀rẹ̀ ní aago mẹ́wàá.","The meeting began at ten o'clock.","meeting term and numeral"
"speaker01_0159.m4a","Mo ra ọ̀gẹ̀dẹ̀ méje ní ọjà.","I bought seven bananas at the market.","numeral and vowel coverage"
"speaker01_0160.m4a","Inú mi kò dùn sí ohun tí ó ṣẹlẹ̀.","I am unhappy about what happened.","expressive negative speech"
"speaker01_0161.m4a","Adé kọ́ ilé tuntun.","Ade built a new house.","meaning-changing tone contrast: kọ́"
"speaker01_0162.m4a","Adé kọ lẹ́tà sí mi.","Ade wrote a letter to me.","meaning-changing tone contrast: kọ"
"speaker01_0163.m4a","Adé kọ̀ láti lọ.","Ade refused to go.","meaning-changing tone contrast: kọ̀"
"speaker01_0164.m4a","Yàrá náà mọ́.","The room is clean.","tone sequence: yàrá"
"speaker01_0165.m4a","Jọ̀wọ́, yára dé síbí.","Please come here quickly.","tone sequence: yára"
"speaker01_0166.m4a","Agbẹ̀ náà gbin àgbàdo.","The farmer planted maize.","gb consonant coverage"
"speaker01_0167.m4a","Gbádé gbé àpótí náà.","Gbade lifted the box.","repeated gb consonants"
"speaker01_0168.m4a","Ṣọ́lá ra ṣúgà àti iyọ̀.","Sola bought sugar and salt.","ṣ consonant and loanword coverage"
"speaker01_0169.m4a","Ọmọ náà ń fọ aṣọ rẹ̀.","The child is washing his or her clothes.","meaning-changing tone contrast: fọ"
"speaker01_0170.m4a","Má fọ́ ife náà.","Do not break the cup.","meaning-changing tone contrast: fọ́"
"speaker01_0171.m4a","Ta ni ó dé?","Who arrived?","who-question intonation"
"speaker01_0172.m4a","Kí ni o fẹ́?","What do you want?","what-question intonation"
"speaker01_0173.m4a","Níbo ni wọ́n ń lọ?","Where are they going?","where-question intonation"
"speaker01_0174.m4a","Èló ni ó jẹ́?","How much is it?","quantity-question intonation"
"speaker01_0175.m4a","Ìgbà wo ni ìpàdé náà máa parí?","What time will the meeting end?","time-question and connected speech"
"speaker01_0176.m4a","Má fọwọ́ kan iná.","Do not touch the fire.","negative command"
"speaker01_0177.m4a","Ẹ dúró níbí.","Wait here.","plural or respectful command"
"speaker01_0178.m4a","Gbé àga yìí sí ẹ̀gbẹ́ tábìlì.","Move this chair beside the table.","command and connected speech"
"speaker01_0179.m4a","Fóònù mi ń dún.","My phone is ringing.","loanword and progressive aspect"
"speaker01_0180.m4a","Ẹ̀rọ náà kò ṣiṣẹ́.","The device is not working.","negation and vowel coverage"
"speaker01_0181.m4a","Mo pè ọ́ ní ẹ̀ẹ̀mejì.","I called you twice.","object pronoun and numeral"
"speaker01_0182.m4a","A ó pàdé ní ọjọ́ Ajé.","We will meet on Monday.","future statement and weekday"
"speaker01_0183.m4a","Ayẹyẹ náà máa wáyé ní ọjọ́ Ẹtì.","The celebration will take place on Friday.","future expression and weekday"
"speaker01_0184.m4a","Ọkọ̀ ojú irin máa dé ní aago mẹ́ta àbọ̀.","The train will arrive at half past three.","time expression"
"speaker01_0185.m4a","Ó ra ẹyin méjìlá.","He or she bought twelve eggs.","numeral pronunciation"
"speaker01_0186.m4a","Àwọn ọmọ márùn-ún wà nínú yàrá.","Five children are in the room.","numeral and connected speech"
"speaker01_0187.m4a","Lẹ́yìn tí mo jẹun, mo lọ sí ibi iṣẹ́.","After I ate I went to work.","multi-clause connected speech"
"speaker01_0188.m4a","Bó tilẹ̀ jẹ́ pé ó rẹ̀ mí, mo parí iṣẹ́ náà.","Although I was tired I finished the work.","multi-clause tone realization"
"speaker01_0189.m4a","Nígbà tí fóònù náà dún, mo wà ní ìpàdé.","When the phone rang I was in a meeting.","multi-clause connected speech"
"speaker01_0190.m4a","Ẹ̀rù bà mí nígbà tí mo gbọ́ ariwo náà.","I was frightened when I heard the noise.","expressive connected speech"
"speaker01_0191.m4a","Ìlú náà tóbi.","The town is large.","meaning-changing tone contrast: ìlú"
"speaker01_0192.m4a","Ọmọ náà ń lu ìlù.","The child is beating a drum.","meaning-changing tone contrast: ìlù"
"speaker01_0193.m4a","Ìyá mi wà nílé.","My mother is at home.","meaning-changing tone contrast: ìyá"
"speaker01_0194.m4a","Ọmọ náà bẹ̀rù ìyà.","The child is afraid of punishment.","meaning-changing tone contrast: ìyà"
"speaker01_0195.m4a","Ṣètò ìtanijí fún aago mẹ́fà òwúrọ̀.","Set an alarm for six in the morning.","voice-assistant alarm command"
"speaker01_0196.m4a","Pe Kúnlé lórí fóònù.","Call Kunle on the phone.","voice-assistant calling command"
"speaker01_0197.m4a","Ka ìròyìn tuntun fún mi.","Read the latest news to me.","voice-assistant information request"
"speaker01_0198.m4a","Kọ ìránṣẹ́ sí Bọ́lá pé màá pẹ́ díẹ̀.","Send Bola a message saying that I will be a little late.","voice-assistant messaging command"
"speaker01_0199.m4a","Tan iná yàrá náà.","Turn on the room light.","on-command contrast"
"speaker01_0200.m4a","Pa iná yàrá náà.","Turn off the room light.","off-command contrast"
"speaker01_0201.m4a","Dún orin Yorùbá kan fún mi.","Play a Yoruba song for me.","media command"
"speaker01_0202.m4a","Báwo ni ojú ọjọ́ ṣe rí lónìí?","What is the weather like today?","weather question"
"speaker01_0203.m4a","Rán mi létí ìpàdé ọ̀la.","Remind me about tomorrow's meeting.","reminder command"
"speaker01_0204.m4a","Fi ọ̀nà ilé ìwòsàn hàn mí.","Show me the way to the hospital.","navigation command"
"speaker01_0205.m4a","Mo gbọ́ ọ dáadáa.","I can hear you clearly.","connected object pronoun"
"speaker01_0206.m4a","Mi ò gbọ́ ohun tí o sọ.","I did not hear what you said.","negative listening statement"
"speaker01_0207.m4a","Ṣé o lè sọ̀rọ̀ díẹ̀díẹ̀?","Can you speak slowly?","voice-speed request"
"speaker01_0208.m4a","Jọ̀wọ́, máa sọ̀rọ̀ sókè díẹ̀.","Please speak a little louder.","voice-volume request"
"speaker01_0209.m4a","Kí ni ìtumọ̀ ọ̀rọ̀ yìí?","What is the meaning of this word?","definition question"
"speaker01_0210.m4a","Tú gbólóhùn yìí sí èdè Gẹ̀ẹ́sì.","Translate this sentence into English.","translation command"
"speaker01_0211.m4a","Èmi ni mo ṣe é.","I am the one who did it.","focus and emphasis"
"speaker01_0212.m4a","Èmi kò ṣe é.","I did not do it.","negation contrast"
"speaker01_0213.m4a","Ó ṣe é ní àná, kì í ṣe lónìí.","He or she did it yesterday not today.","corrective emphasis"
"speaker01_0214.m4a","Ẹ kú oríire!","Congratulations!","celebratory expression"
"speaker01_0215.m4a","Ó ṣeun púpọ̀!","Thank you very much!","grateful expression"
"speaker01_0216.m4a","Má ṣe yọ ara rẹ lẹ́nu.","Do not worry.","reassuring command"
"speaker01_0217.m4a","Inú bí mi gan-an.","I am very angry.","angry expression"
"speaker01_0218.m4a","Káàbọ̀ sí ilé wa!","Welcome to our home!","welcoming expression"
"speaker01_0219.m4a","Tí o bá nílò ìrànlọ́wọ́, pe mí lẹ́sẹ̀kẹsẹ̀.","If you need help call me immediately.","conditional connected speech"
"speaker01_0220.m4a","Nítorí pé ojú ọ̀nà dí, a dé pẹ́.","Because there was traffic we arrived late.","causal connected speech"
