item,filename,draft_yoruba,draft_english_meaning,source_id,tone_sequence,verified_yoruba,approved,speaker_notes
1,speaker01_0101.m4a,Èyí ni ó mú wa fi òwe wá àwọn oun tó sọnù sínú ọ̀rọ̀ Yorùbá.,This is what led us to use proverbs to find those who are lost in the Yoruba language.,yom_00295_00169173375,LHMHHMMLMHLMMMHMLHHLLMLH,,,
2,speaker01_0102.m4a,"Gángan ni ọ̀rọ̀ ilé ayé, bí ó ti kọjú sẹ́nìkan, ẹ̀yìn ló kọ sí ẹlòmíràn.","It is true that the word of the world, when it faces someone, it turns its back on another.",yom_00295_01009533577,HMMLLMHMHHHMMHHLMLLHMHMLHL,,,
3,speaker01_0103.m4a,Ọ̀rúnmìlà nìkan ló gbọ́ ohùn ẹnu Olódùmarè yékéyéke.,Only Orunmila heard the voice of the Almighty.,yof_09697_00825605999,LHLLLMHHMLMMMHLMLHHHM,,,
4,speaker01_0104.m4a,"Ọlárótìmí fẹ́ràn ṣẹ̀kẹ̀rẹ̀, ohun èlò tí ó fẹ́ràn láti máa lù nìyẹn.",Olarotimimi likes to play the instrument.,yof_02436_01058969316,MHHLHHLLLLMMLLHHHLHMHMLLM,,,
5,speaker01_0105.m4a,Wọ́n ńi ẹgbẹ́ òṣèlú alátakò ló wọlé ní ìjọba ìbílẹ̀ Kájọlà.,They called the opposition political party that entered the local government of Kajola.,yof_06136_00908691223,HMMHLLHMHMLHMHHLMMLHLHML,,,
6,speaker01_0106.m4a,Àkàyìmọye ìwé ni Ọ̀jọ̀gbọ́n Ajíbóyè Ọládìípò ti kọ.,Countless books have been written by Prof. Ajiboye Oladii'i.,yof_04310_00038493315,LLLMMLHMLLHMHHLMHLHLMM,,,
7,speaker01_0107.m4a,Dàdàkùádà jẹ́ ọ̀kan lára ọ̀na ìgbé àṣà àti ìṣe ilẹ̀ Yorùbá lárugẹ.,Dadakuda is one of the ways to promote Yoruba culture and practice.,yof_00610_01201903823,LLLHLHLMHMLMLHLLLMLMMLMLHHMM,,,
8,speaker01_0108.m4a,Ẹnikẹ́ni tí ìwọ́ bá ní ipá láti ṣe ìrànlọ́wọ́ fún òun ni ẹnìkejì re.,Whoever you have the power to help is your partner.,yof_08421_00541566668,MMHMHLHHHMHHMMLLHHHLMMMLMLM,,,
9,speaker01_0109.m4a,Àkàyìmọye ìwé ni Ọ̀jọ̀gbọ́n Ajíbóyè Ọládìípò ti kọ́.,Countless books have been written by Prof. Ajiboye Oladii'i.,yom_07508_01585466389,LLLMMLHMLLHMHHLMHLHLMH,,,
10,speaker01_0110.m4a,"Ẹran ọ̀sìn ni àgùntàn, ewúrẹ́, òbúkọ, ẹlẹ́dẹ̀ àti màálù.","Livestock are sheep, goats, goats, pigs and cows.",yof_03034_00893415284,MMLLMLLLMHHLHMMHLLMLHL,,,
11,speaker01_0111.m4a,Mary Slessor ló dá’wọ́ kí a máa pa ìbejì dúró ní orílẹ̀-èdè Nìgéríà.,Mary Slessor is the one who stopped twins in Nigeria.,yom_01208_00236356618,MMMHHHHMHMMLMLHHHMHLLLLHHL,,,
12,speaker01_0112.m4a,Ọ̀ṣínbájò ni igbákejì àrẹ orílẹ̀-èdè Nìgíríà.,Osinbajo is the vice president of Nigeria.,yom_07508_01781551619,LHHLMMHMLLMMHLLLLHHL,,,
13,speaker01_0113.m4a,Àdúrà fún àwọn ológun Orílẹ̀-Èdè wa àti ìdílé wọn.,Prayers for our nation's soldiers and their families.,yof_00295_00939989128,LHLHLMMHMMHLLLMLMLHHM,,,
14,speaker01_0114.m4a,"Orin dàdàkùádà máa ń ní ìlù lílù, ijó jíjó, ẹfẹ̀ ṣís̀e, àti oríkì.","Traditional music often includes percussion, dancing, open air, and poetry.",yom_07049_01211642354,MMLLLHLHMHLLHLMHHHMLHMLMMHL,,,
15,speaker01_0115.m4a,Àjásin kò rántí gbé ẹ̀rọ amóhùnmáwòrán fún ẹni tó ń tun-un ṣe.,Ajasin did not remember to bring a microphone to the repairman.,yom_02436_00703168072,LHMLHHHLMMHLHLHHMMHMMM,,,
16,speaker01_0116.m4a,"Gángan ni ọ̀rọ̀ ilé ayé, bí ó ti kọjú sẹ́nìkan, ẹ̀yìn ló kọ sẹlòmíràn.","The word of the world is true, as it faces someone, it turns its back on another.",yof_06136_00877626961,HMMLLMHMHHHMMHHLMLLHMMLHL,,,
17,speaker01_0117.m4a,Olódùmarè ní kí ẹ má sin òrìṣà kankan lẹ́yìn òun.,The Almighty asked you not to worship any idol after him.,yof_08784_00071105258,MHLMLHHMHMLLLMMHLLM,,,
18,speaker01_0118.m4a,"Bí Ọládùnúní àti Ọláfibọ̀ tilẹ̀ d’ẹ́se náà, wọn ti tọrọ àforíjì.","Although Oladununi and Olafibo have committed the crime, they have apologized.",yom_00295_00211433715,HMHLHHLMMHMLMLHMHLMMMMLMHL,,,
19,speaker01_0119.m4a,Ikúu M.K.O Abíọ́lá dun ọ̀pọ̀lọpọ̀ èèyàn.,The death of M.K.O Abiola saddened many people.,yom_08421_02009201914,MHMMMHHHMLLMLLLL,,,
20,speaker01_0120.m4a,Ọkunrin ńlá ni Bàba Ṣọlá tó wà ní orílẹ̀-èdè Amẹ́ríkà.,Baba Xola is a great man in the United States.,yof_07505_01542908689,MMMHMLMMHHLHMHLLLMHHL,,,
21,speaker01_0121.m4a,"Ẹ̀yin ará ẹ jọ̀wọ́, ìwé ìdánimọ̀ mi àtẹ̀yìnwá ní àwọn ìṣòro kan.","Dear friends, my previous ID has some problems.",yom_00295_01030152059,LMMHMLHLHLHMLMLLLHHLMLLMM,,,
22,speaker01_0122.m4a,Dadakùádà jẹ́ ọ̀kan lára ọ̀na ìgbé àṣà àti ìṣẹ́ ilẹ̀ Yorùbá lárugẹ.,Dadakuda is one of the ways to promote Yoruba culture and culture.,yom_03397_01839425777,MMLHLHLMHMLMLHLLLMLHMLMLHHMM,,,
23,speaker01_0123.m4a,Ìgbésẹ̀ fonọ́lọ́jì tó farahàn nínú àwọn ìlànà yìí ni àrànmọ́.,The phonological process that appears in these patterns is conjugation.,yof_02121_01752866356,LHLMHHLHMMLHHLMLLLLHMLLH,,,
24,speaker01_0124.m4a,Ọkunrin ńlá ni Bàba Sọlá tó wà ní orílẹ̀-èdè Amẹ́ríkà.,Father Sola is a great man in the United States.,yom_04310_00661357128,MMMHMLMMHHLHMHLLLMHHL,,,
25,speaker01_0125.m4a,Ẹnikẹ́ni tí ìwọ́ bá nípá láti ṣe ìrànlọ́wọ́ fún òun ni ẹnìkejì re.,Whoever you are forced to help is your partner.,yom_02484_01334574030,MMHMHLHHHHHMMLLHHHLMMMLMLM,,,
26,speaker01_0126.m4a,Ìdàgbàsókè tí ń bá ìlò ède Yorùbá nípa ìmọ̀-sáyẹ́ǹsì.,The development of the use of the Yoruba language in science.,yof_09334_02129116641,LLLHLHHLLLMMLHHMLLHHL,,,
27,speaker01_0127.m4a,Ṣé o fẹ́ràn aṣọ tí ẹ̀gbọ́n rẹ fi ránṣẹ́ láti òkè òkun?,Do you like the clothes that your brother sent from overseas?,yof_07505_02028522943,HMHLMMHLHMMHHHMLLLM,,,
28,speaker01_0128.m4a,Orúkọ oyè Ọba Èkó náà ni àwọn mìíràn ń pè ní Elékòó.,The name of the King of Eko is called Elékòó by others.,yof_05223_01215869368,MHMMLMMLHHLMLMLHLLHMHLH,,,
29,speaker01_0129.m4a,Ohùn Adéyọọ́lá dà bíi ti ańgẹ́lì.,Adeyola's voice is like that of an angel.,yof_02436_01691894374,MLMHMHHLHMMMHL,,,
30,speaker01_0130.m4a,Ní àkótán ìwúrì láti ẹnu àwọn àgbà dára púpọ̀.,"After all, encouragement from elders is very good.",yom_07505_01087369798,HLHHLHLHMMMLMLLHMHL,,,
31,speaker01_0131.m4a,Ọkọ́ àti àdá jẹ́ ohun èlò gbòógì fún àwọn àgbẹ̀.,The hoe and the hoe are traditional tools for farmers.,yom_02484_01517239911,MHLMLHHMMLLLHLHLMLL,,,
32,speaker01_0132.m4a,"Orin dadakùádà máa ń ní ìlù lílù, ijó jíjó, ẹfẹ̀ ṣís̀e, àti oríkì.","Dadakuada music consists of percussion, dancing, open air, and poetry.",yof_07505_01631738985,MMMMLHLHMHLLHLMHHHMLHMLMMHL,,,
33,speaker01_0133.m4a,Gbogbo àwọn ọ̀dọ́ ló fẹ́ sá kúrò l’órílẹ̀-èdè yíì.,All the young people want to run away from this country.,yom_04310_00935632064,MMLMLHHHHHLHHLLLHL,,,
34,speaker01_0134.m4a,Arẹ́gbẹ́ṣọlá ti di ògbóǹtarìgì ọ̀ta nínú ayò ọlọ́pọ́n títa ò.,Argegsola has become an expert enemy in the joy of sales.,yof_02121_01113475613,MHHMHMMLHMLLLMHHMLMHHHML,,,
35,speaker01_0135.m4a,Ìyàtọ̀ gedegbe ló wà láàárín ikú àti ìyè.,There is a definite difference between death and life.,yof_03034_00308549077,LLLMMMHLHLHHMHLMLL,,,
36,speaker01_0136.m4a,Ọ̀kan nínú àwọn òṣìṣẹ́ ní ilé-iṣẹ́ wa fẹ́ràn omi tútù.,One of the workers in our company likes cold water.,yof_08421_01806450345,LMHHLMLLHHMHMHMHLMMHL,,,
37,speaker01_0137.m4a,Mo ti pinu láti má bèèrè ìrànlọ́wọ́ láti ọwọ́ enìkankan.,I have decided not to ask for help from anyone.,yom_00610_02143975402,MMMMHMHLLLLLHHHMMHMLMM,,,
38,speaker01_0138.m4a,Ògúnlájà fẹ́ran kí àwon èèyàn máa sa òun.,Ogunlaja wants people to follow him.,yom_02484_01663235147,LHHLHMHLMLLLHMMLM,,,
39,speaker01_0139.m4a,Fásúre jẹ́ ògbóǹtarìgì oníṣègùn ní agbègbè.,Fásure is an expert doctor in the area.,yom_07508_02088307942,HHMHLHMLLMHLLHMLL,,,
40,speaker01_0140.m4a,Ọ̀dẹ̀ burúkú l’ọmọ Ajíbóyè yìí tó dá mi dúró.,This Ajiboye's son is a bad hunter who stopped me.,yom_06136_01797301507,LLMHHMMMHHLLHHHMHH,,,
41,speaker01_0141.m4a,Ìrẹsì àti ẹja ni èmi àti Élújọbí jẹ ní òwúrọ òní.,Elujhobi and I ate rice and fish this morning.,yom_06136_00742549179,LMLLMMMMLMLMHHMHMHLHMLH,,,
42,speaker01_0142.m4a,Ìtan fèyíkọ́gbọ́n ni eléyìí fún gbogbo ẹ̀dá Ádámọ̀.,This is a wise story for all of Adam's creation.,yom_00610_01125538231,LMLHHHMMHLHHMMLHHHL,,,
43,speaker01_0143.m4a,Mo gba ìpè oríire kan láti ìlú òyìnbó.,I received a congratulatory call from the city.,yof_00295_00092049886,MMLLMHMMMHMLHLLH,,,
44,speaker01_0144.m4a,Ilé-iṣẹ́ agbóhùnsáfẹ́fẹ́ kan ní Jákànde ni ó fi ọ̀rọ̀ náà lọ̀.,A radio station in Jakande sent the message.,yof_00295_00154186764,MHMHMHLHHHMHHLMMHMLLHLL,,,
45,speaker01_0145.m4a,Olú Owólabí ló ko Ìwé ìtàn-àròsọ Ìjà Ọ̀rẹ̀.,President Owolabi wrote the book of the legend of Friendship.,yof_03349_01620641530,MHMHMHHMLHLLLLMLLLL,,,
46,speaker01_0146.m4a,Ṣé nítorí Ànọ́bi ni Ọlọ̀run ṣe dáa yín?,Did God heal you because of the prophet?,yof_00295_00876128926,HHMHLHMMMLMMHMH,,,
47,speaker01_0147.m4a,Èní ni màmá Kọ́ládé yóò fi ilé ìwòsàn sílẹ̀.,This is who Mama Kolade will leave the hospital.,yof_00610_01102417881,LHMLHHHHHLMMHLLLHL,,,
48,speaker01_0148.m4a,Ògúnlàjà fẹ́ran kí àwon èèyàn ma sa òun.,Ogunlaja wants people to avoid him.,yof_03349_01977905254,LHLLHMHLMLLLMMLM,,,
49,speaker01_0149.m4a,"Ẹ máa lùú bẹ́ẹ̀, àlùbáríkà ni mo tọrọ.","Keep beating like that, I am begging you.",yof_07508_00960114240,MHMLHHLLLHHLMMMM,,,
50,speaker01_0150.m4a,Àwọn ọdẹ etílé kìí wọ inú igbó kìjikìji.,Desert hunters do not enter the rainforest.,yom_03034_01392332855,LMMMMHHLHMMHMHLMLM,,,
51,speaker01_0151.m4a,Ilé-iṣẹ́ agbóhùnsáfẹ́fẹ́ ni ìyàwóò mi kejì wà.,My second wife is in a radio station.,yom_02484_00266879461,MHMHMHLHHHMLLHLMMLL,,,
52,speaker01_0152.m4a,Aríìkẹ́ ni mo yàn láàyò jùlọ nínú  gbogbo àwọn ọ̀rẹ́ mi.,Ariike is my favorite among all my friends.,yom_01208_00101690108,MHLHMMLHLLLMHHMMLMLHM,,,
53,speaker01_0153.m4a,Orin àti ìlù ṣe pàtàkì níbi eré ìdánilárayá.,Music and drumming are important at entertainment.,yof_00295_01110838790,MMLMLLMLLLHMMHLHMHMH,,,
54,speaker01_0154.m4a,"Ọlọ́run tìẹ ni mo ṣe, ọmọ olọ́dọ̀ idẹ, àti àtíbàbá ìlẹ̀kẹ̀.","I am your God, son of bronze, and mother of pearl.",yof_06136_01085823195,MHMLMMMMMMMHLMMLMLHLHLLL,,,
55,speaker01_0155.m4a,Àwọn Túnjí ti pààrọ̀ ẹ̀rọ amóhùnmáwòrán wọn.,The Tunjis have changed their audio equipment.,yof_02121_01436186058,LMHHMLLLLMMHLHLHM,,,
56,speaker01_0156.m4a,Gbogbo àwọn ọ̀dọ́ ló fẹ́ sá kúrò l’órílẹ̀-èdè yìí.,All the young people want to run away from this country.,yof_09334_01138564937,MMLMLHHHHHLHHLLLLH,,,
57,speaker01_0157.m4a,Oṣù kẹwá ni Adéwùnmí yóò sẹ mọ̀-mí-n-mọ̀-ẹ́.,"On the tenth month, Adewunmi will deny that I know you.",yof_07505_01517742901,MLMHMMHLHHLMLHLH,,,
58,speaker01_0158.m4a,Ikú M.K.O Abíọ́lá dun ọ̀pọ̀lọpọ̀ èèyàn.,The death of M.K.O Abiola saddened many people.,yof_08421_01573273913,MHMMHHHMLLMLLLL,,,
59,speaker01_0159.m4a,Ìdí ni wípé èdè pọ̀ láwùjọ jàńtìrẹrẹ.,The reason is that there is a lot of language in society.,yof_09697_00262398794,LHMHHLLLHLMLLMM,,,
60,speaker01_0160.m4a,Òògùn ilẹ̀ tútù ni wọ́n lò fún Ọlábíntán.,Cold medicine is used for Olabintan.,yof_07508_00976253159,LLLMLHLMHLHMHHH,,,
61,speaker01_0161.m4a,Dáfídì ní ọmọ bàba olówó ni òún jẹ́.,David was the son of a rich father.,yof_03034_02140492495,HHLHMMLMMHHMLHH,,,
62,speaker01_0162.m4a,Kílàsì àkọ́kọ́ ni a ti kọ́ nípa Fònọ̀lọjí.,The first class was taught about Phonics.,yom_08784_00872735207,HLLLHHMMMHHMLLMH,,,
63,speaker01_0163.m4a,Ṣòkòtò funfun la wọ̀ lọ sí ilé ìjọsìn náà.,We went to the church in a white dress.,yof_08421_01858024247,LLLMMMLMHMHLMLHL,,,
64,speaker01_0164.m4a,"Jíjí tí mo jí lówùúrọ̀ yí, ìbà rẹ ò Ọba òkè.","When I woke up this morning, your fever was not high.",yof_02484_01606464452,HHHMHHLHLHLLMLMMLL,,,
65,speaker01_0165.m4a,Omi adágún kan wà ní ẹ̀yìn ilé-ìwé mi.,There is a pond behind my school.,yof_07049_01261727959,MMMHHMLHLLMHLHM,,,
66,speaker01_0166.m4a,A jeun nínú àwo kanáà fún ìgbà àkọ́kọ́.,We ate in a kanaa plate for the first time.,yom_04310_00224640928,MMMHHLMMHLHLLLHH,,,
67,speaker01_0167.m4a,Kájọlà ni ibùsọ̀ táa ma kọ́kọ́ kàn ka tó dé Káṣọpẹ́.,Kájola is the first kilometer we count before reaching Kashope.,yof_07505_01089558483,HMLMMLLHMMHHLMHHHMH,,,
68,speaker01_0168.m4a,Mo ga ní ìwọ̀n ẹsẹ̀ bàtà márun pẹ̀lú díẹ̀.,I am about five feet tall.,yof_02436_00377779380,MMHLLMLLLHMLHHL,,,
69,speaker01_0169.m4a,"Ìyàwó ẹlẹ́sẹ̀ osùn, rọra máa wolẹ̀.","The wife of a sleepwalker, gently go down.",yom_03034_00629276215,LLHMHLMLMMHMML,,,
70,speaker01_0170.m4a,"Bíbíire, Tìmílẹ́yìn àti Ṣẹ́gun jẹ́ ọ̀rẹ́ tímọ́tímọ́.","Bibiire, Timileyhin and Segun are close friends.",yom_09334_00138039360,HHMMLHHLLMHMHLHHHHH,,,
71,speaker01_0171.m4a,Òṣìṣẹ́ ilé-iṣẹ́ amúnáwá náà gan mọ́ orí òpó.,The power company worker was very close to the top of the pole.,yom_07508_01661444061,LLHMHMHMHHHHLMHMHLH,,,
72,speaker01_0172.m4a,Èyí wà ní ìbámu pẹ̀lú àpẹẹrẹ òkè yìí.,This is consistent with the above example.,yof_03034_00744627221,LHLHLHMLHLMMMLLLH,,,
73,speaker01_0173.m4a,Orísìírísìí ìgbésẹ̀ la máa gbé lórí ọ̀rọ̀ yìí.,We will take various steps on this issue.,yof_00610_01142831127,MHLHHLHLHLMHMHHHLLLH,,,
74,speaker01_0174.m4a,Lára ohun èlò aṣọ híhún ni òfì àti òwú.,Among the materials used for clothing are cotton and wool.,yom_08421_00680851017,HMMMLLMMHHMLLLMLH,,,
75,speaker01_0175.m4a,Ẹ̀wọ̀n gbére ni wọ́n ju ọ̀daràn náà sí.,The criminal was sentenced to life imprisonment.,yom_04310_00642310364,LLHMMHMLMLHLH,,,
76,speaker01_0176.m4a,Gbogbo ènìyàn ni ó ní ẹ̀tọ́ sí òmìnira.,Everyone has the right to freedom.,yof_09697_02052857083,MMLLLMHHLHHLLMM,,,
77,speaker01_0177.m4a,"Bàbá yẹn kìí gbọ́ràn, àfi’ìgbà tó bá súu.","That father doesn't listen, unless it's too late.",yof_02436_01190510905,LHMLHHLLMLLHHHM,,,
78,speaker01_0178.m4a,Fásúre jẹ́ ògbóǹtarìgì oníṣègùn ní agbègbè yìí.,Fásure is an expert doctor in this area.,yof_01208_01634241562,HHMHLHMLLMHLLHMLLLH,,,
79,speaker01_0179.m4a,Àwọn Akẹ́kọ̀ọ́ ò ní aṣojú mó ní ilé-ẹ̀kọ́ gíga.,Students are not represented in higher education.,yof_07508_01112119326,LMMHLHLHMMHHHMHLHHM,,,
80,speaker01_0180.m4a,Ti fèrèsé náà kì ẹfọn má baà wọlé.,If the window does not allow mosquitoes to enter.,yom_06136_00327789705,MLLHHLLMMHMLMH,,,
81,speaker01_0181.m4a,"Díẹ̀ ni tìẹ níbẹ̀, Abíkẹ́, ọmọ Monífádé, ara ìsokùn.","There are few of you there, Abike, son of Monifádé, body of izoko.",yof_02484_01008603985,HLMLMHLMHHMMMHHHMMLML,,,
82,speaker01_0182.m4a,Irú èyí ò lè ṣẹlẹ̀ ní’lu òkè rárá.,This kind of thing can't happen in the hill country at all.,yom_07508_00912338378,MHLHLLMLHMLLHH,,,
83,speaker01_0183.m4a,Àwọn gángan ni apèèrè ọ̀rẹ́ kìtìtìtì àti ìyekàn kàtàkàtà.,They are truly the ideal of a true friend and a true friend.,yom_08421_00732642445,LMHMMMLLLLHLLLLLMLMLLLLL,,,
84,speaker01_0184.m4a,Fálànà jẹ́ ògbóǹtarìgì agbẹjẹ́rò àgbà ní orílẹ̀ èdè yìí.,Falana is a famous lawyer in this country.,yom_06136_00990047285,HLLHLHMLLMMHLLLHMHLLLLH,,,
85,speaker01_0185.m4a,Awólọ́wọ̀ ṣe díẹ̀ nínú ètò òṣèlù orílẹ̀ èdè yìí.,Awololo plays some part in the political system of this country.,yom_01208_00599789243,MHHLMHLHHLLLLLMHLLLLH,,,
86,speaker01_0186.m4a,Ìgbà tí Olùwa rẹ̀ dé ni Fadérẹra dákẹ́.,Faderera was silent when his Lord arrived.,yom_01208_01235079614,LLHMLMLHMMHMMHH,,,
87,speaker01_0187.m4a,Ta ló lágbára jù nínú iwin àti egbére.,Who is the most powerful of ghosts and fools?,yof_02436_01238637818,MHHHMLHHMMLMMHM,,,
88,speaker01_0188.m4a,Ó darí ìpàdé náà láti ìbẹ̀rẹ̀ dé òpin.,He led the meeting from start to finish.,yof_07505_02012362868,HMHLLHHLHMLLLHLM,,,
89,speaker01_0189.m4a,Ṣòkòtò funfun la wọ̀ lọ sí ilé ìjọ́sìn náà.,We went to the church in a white dress.,yom_09334_00720332405,LLLMMMLMHMHLHLHL,,,
90,speaker01_0190.m4a,"Ijó, ẹ̀rín, ayọ̀, àti ọpẹ́ ló yẹ wá.","We deserve dance, laughter, joy, and gratitude.",yof_08784_00358161760,MHLHMLLMMHHMH,,,
91,speaker01_0191.m4a,"Díẹ̀ ni tìẹ níbẹ̀, Abíkẹ́, ọmọ Monífádé, ará ìsokùn.","There are few of you there, Abike, son of Monifádé, from Isokon.",yom_00295_00031013716,HLMLMHLMHHMMMHHHMHLML,,,
92,speaker01_0192.m4a,Ẹ gbé iléelẹ̀ yín wá fún àwọn agbálẹ̀.,Bring your land to the nations.,yof_00295_02141381381,MHMHMLHHHLMMHL,,,
93,speaker01_0193.m4a,"Ìfẹ́ náà múmi lọ́kàn, mi ò rí oorun sùn.","The love was overwhelming, I couldn't sleep.",yof_00610_00681948748,LHHLHMHLMLHMMML,,,
94,speaker01_0194.m4a,Ikú á poníṣègùn bí ẹni tí o ̀m’egbò.,Death heals like a wound.,yof_09334_00964886249,MHHMHLLHMMHMML,,,
95,speaker01_0195.m4a,Ìṣèkúṣè ni àwọn olópàá náà ń ṣe fún wa.,The police are doing us a disservice.,yof_03034_01108805717,LLHLMLMMHLHHLMHM,,,
96,speaker01_0196.m4a,Dáre ni akọ̀wé ẹgbẹ́ akọrin inú ìjọ wa.,Dare is the secretary of the choir in our church.,yof_09334_00731284092,HMMMLHMHMMMMHLMM,,,
97,speaker01_0197.m4a,Ọ̀jògbón Akínwándé wà níbi ìgbafẹ́ rẹ̀.,Mr. Akinwande was at his beck and call.,yof_02436_01775847441,LLHMHHHLHMLMHL,,,
98,speaker01_0198.m4a,Akẹ́kọ̀ọ́ ìmọ̀ èdá èdè lìgúísììkì ni mo jẹ́.,I am a linguistics student.,yof_03034_01665376585,MHLHLLLHLLLHHLLLMMH,,,
99,speaker01_0199.m4a,Òru ni àwọn àjẹ́ máa ń ṣe ìpàdé.,Witches hold meetings at night.,yof_08421_01717037074,LMMLMLHHMMLLH,,,
100,speaker01_0200.m4a,Ojú Ọlọ́bùn ni ilé ìjọsìn àwọn Tósìn wà.,The house of worship of the Tosin is located in the eye of God.,yof_08784_00344899205,MHMHLMMHLMLLMHLL,,,
101,speaker01_0201.m4a,Ti fèrèsé náà kí ẹfọn má baà wọlé.,Close the window so that mosquitoes do not enter.,yof_03034_00023157117,MLLHHLHMMHMLMH,,,
102,speaker01_0202.m4a,Lára ẹbí tó gbajúmọ̀ ní ìlú Ìlọrin ni Sàràkí.,Saraki is one of the most famous families in the city of Ílorin.,yof_03349_01140749304,HMMHHMHLHLHLMMMLLH,,,
103,speaker01_0203.m4a,Egúngún náà ni Yòrùbá máa ń pè ní ará ọ̀run.,The bone is called by the Yoruba people of heaven.,yom_09334_01870515349,MHHHLMLLHHMLHMHLM,,,
104,speaker01_0204.m4a,Ìjọ kérúbù la ti jọ́sìn lọ́ṣẹ̀ tó kọjá.,We have worshiped the cherub church last week.,yom_07049_01666876564,LMHHLMMHLHLHMH,,,
105,speaker01_0205.m4a,Irun dúdú ni kìkì gbogbo ara olóńgbò náà.,Black hair is all over the cat's body.,yom_08784_00272840736,MMHHMLLMMMMMHLHL,,,
106,speaker01_0206.m4a,Lọ gbá ilẹ̀ àárín ilé àti ti ẹ̀yìnkùlé.,Sweep the middle of the house and the backyard.,yof_09697_00630489963,MHMLLHHMHLMMLLLH,,,
107,speaker01_0207.m4a,Orí páànù ni wón sá ẹran oníyọ̀ sí.,They put salted meat on top of the pan.,yof_05223_01388550871,MHHLLMHHMMMHLH,,,
108,speaker01_0208.m4a,Ọ̀gọ̀njọ́ òru ni àwọn eléyi tún pariwo.,"In the middle of the night, these people shouted again.",yof_01208_00465594715,LLHLMMLMMHMHMMM,,,
109,speaker01_0209.m4a,Sáyídì ń ta Láfún ní agbègbè Ìta Àdó.,Sayídì sells Láfún in the area of ​​Ita Addó.,yof_02436_01208289328,HHLMHHHMLLLMLH,,,
110,speaker01_0210.m4a,Abẹ́ àtíbàbà ni ìpàdé náà yó ti wáyé.,The meeting will be held under the auspices.,yof_00295_00434743286,MHLHLLMLLHHLHMHH,,,
111,speaker01_0211.m4a,Adéwálé gbé egbòogi olóró wo ilẹ̀ Amẹ́ríkà.,Adéwale brought poison to America.,yof_01208_01304309543,MHHHHMLMMMHHMMLMHHL,,,
112,speaker01_0212.m4a,Gbàjarè! Wọ́n ń wá ọmọ'bìrin kékeré kan o.,Finished! They are looking for a little girl.,yom_00295_00099754894,LMLHHMMLMHMHMM,,,
113,speaker01_0213.m4a,Sọ ọ̀rọ̀ òṣèlú tàbí ìwà ìbàjẹ́ nínú àwùjọ.,Talk about politics or corruption in society.,yof_00295_01050088204,MLLLLHLHLLLLHHHLLM,,,
114,speaker01_0214.m4a,Nínú bọ́ọ̀lù àfọwọ́gbá ni wọ́n ti jáwé olúborí.,"In handball, they emerged victorious.",yof_02121_00579854352,HHHLLLMHHMHMHHMHMH,,,
115,speaker01_0215.m4a,Kí ọlọ́run fi ọ̀run kẹ́ àwọn ẹni rere.,May God bless the good people.,yof_09697_00167627039,HMHMMLMHLMMMMM,,,
116,speaker01_0216.m4a,"B’ólóde ò kú, òde ò lè wu gbẹ́gi.","If the world does not die, the world cannot be destroyed.",yof_07505_01617346118,HHMLHLMLLMHM,,,
117,speaker01_0217.m4a,Kí Hamid máa bú èyàn rọ̀ọ́ lọ́rùn gan.,Let Hamid curse people very softly.,yof_03397_01399500688,HMMHMHLLLHHLM,,,
118,speaker01_0218.m4a,Ayẹyẹ náà yóò lárinrin yàtọ̀ sí ti tẹ́lẹ̀.,The celebration will be different from the previous one.,yof_03034_01373308907,MMMHLHLHMMLLHMHL,,,
119,speaker01_0219.m4a,Ọ̀la ni ọdún iléyá ní Ìjẹ̀bú Òde.,Tomorrow is the wedding anniversary in Ijebu Ode.,yof_07049_01263861207,LMMMHMHHHLLHLM,,,
120,speaker01_0220.m4a,Mo máa lọ sí Àbújá ní oṣù kẹ̀sàán.,I will go to Abuja in September.,yof_03349_01417324168,MHMMHLHHHMLLLH,,,
