prompt_id,source_filename,mapped_filename,processed_filename,duration_s,peak_dbfs,rms_dbfs,clipped_pct,leading_silence_s,trailing_silence_s,automatic_flags,listening_verification
YT0001,speaker01_YT0001.m4a,speaker01_YT0001.m4a,speaker01_YT0001.wav,2.968,-10.99,-27.131,0.0,0.0,0.232,,pending
YT0002,speaker01_YT0002.m4a,speaker01_YT0002.m4a,speaker01_YT0002.wav,3.248,-8.249,-25.87,0.0,0.0,0.207,,pending
YT0003,speaker01_YT0003.m4a,speaker01_YT0003.m4a,speaker01_YT0003.wav,3.708,-12.283,-25.97,0.0,0.0,0.261,,pending
YT0004,speaker01_YT0004.m4a,speaker01_YT0004.m4a,speaker01_YT0004.wav,3.273,-10.98,-25.84,0.0,0.0,0.231,,pending
YT0005,speaker01_YT0005.m4a,speaker01_YT0005.m4a,speaker01_YT0005.wav,3.306,-8.264,-25.636,0.0,0.0,0.247,,pending
YT0006,speaker01_YT0006.m4a,speaker01_YT0006.m4a,speaker01_YT0006.wav,2.745,-8.956,-27.448,0.0,0.0,0.244,,pending
YT0007,speaker01_YT0007.m4a,speaker01_YT0007.m4a,speaker01_YT0007.wav,2.821,-8.719,-26.804,0.0,0.0,0.251,,pending
YT0008,speaker01_YT0008.m4a,speaker01_YT0008.m4a,speaker01_YT0008.wav,2.622,-7.923,-27.174,0.0,0.0,0.217,,pending
YT0009,speaker01_YT0009.m4a,speaker01_YT0009.m4a,speaker01_YT0009.wav,2.574,-10.332,-27.43,0.0,0.0,0.179,,pending
YT0010,speaker01_YT0010.m4a,speaker01_YT0010.m4a,speaker01_YT0010.wav,3.362,-9.57,-25.37,0.0,0.0,0.228,,pending
YT0011,speaker01_YT0011.m4a,speaker01_YT0011.m4a,speaker01_YT0011.wav,2.888,-11.134,-27.826,0.0,0.0,0.239,,pending
YT0012,speaker01_YT0012.m4a,speaker01_YT0012.m4a,speaker01_YT0012.wav,3.376,-11.3,-25.585,0.0,0.0,0.205,,pending
YT0013,speaker01_YT0013.m4a,speaker01_YT0013.m4a,speaker01_YT0013.wav,3.42,-9.764,-25.804,0.0,0.0,0.225,,pending
YT0014,speaker01_YT0014.m4a,speaker01_YT0014.m4a,speaker01_YT0014.wav,2.688,-11.759,-27.368,0.0,0.0,0.222,,pending
YT0015,speaker01_YT00016.m4a,speaker01_YT0015.m4a,speaker01_YT0015.wav,3.046,-8.396,-25.554,0.0,0.0,0.211,,pending
YT0016,speaker01_YT0016.m4a,speaker01_YT0016.m4a,speaker01_YT0016.wav,3.019,-9.021,-25.305,0.0,0.0,0.197,,pending
YT0017,speaker01_YT0017.m4a,speaker01_YT0017.m4a,speaker01_YT0017.wav,3.816,-9.611,-24.24,0.0,0.0,0.213,,pending
YT0018,speaker01_YT0018.m4a,speaker01_YT0018.m4a,speaker01_YT0018.wav,4.034,-9.551,-25.901,0.0,0.0,0.189,,pending
YT0019,speaker01_YT0019.m4a,speaker01_YT0019.m4a,speaker01_YT0019.wav,2.623,-10.947,-27.016,0.0,0.0,0.255,,pending
YT0020,speaker01_YT0020.m4a,speaker01_YT0020.m4a,speaker01_YT0020.wav,3.247,-9.515,-25.716,0.0,0.0,0.204,,pending
YT0021,speaker01_YT0021.m4a,speaker01_YT0021.m4a,speaker01_YT0021.wav,2.911,-8.381,-27.405,0.0,0.0,0.2,,pending
YT0022,speaker01_YT0022.m4a,speaker01_YT0022.m4a,speaker01_YT0022.wav,3.102,-7.028,-25.608,0.0,0.0,0.252,,pending
YT0023,speaker01_YT0023.m4a,speaker01_YT0023.m4a,speaker01_YT0023.wav,3.254,-11.03,-25.9,0.0,0.0,0.248,,pending
YT0024,speaker01_YT0024.m4a,speaker01_YT0024.m4a,speaker01_YT0024.wav,3.463,-8.655,-25.81,0.0,0.0,0.228,,pending
YT0025,speaker01_YT0025.m4a,speaker01_YT0025.m4a,speaker01_YT0025.wav,2.654,-10.574,-27.198,0.0,0.0,0.217,,pending
YT0026,speaker01_YT0026.m4a,speaker01_YT0026.m4a,speaker01_YT0026.wav,3.139,-10.106,-25.604,0.0,0.0,0.23,,pending
YT0027,speaker01_YT0027.m4a,speaker01_YT0027.m4a,speaker01_YT0027.wav,2.969,-12.708,-27.585,0.0,0.0,0.258,,pending
YT0028,speaker01_YT0028.m4a,speaker01_YT0028.m4a,speaker01_YT0028.wav,2.947,-10.233,-27.316,0.0,0.0,0.246,,pending
YT0029,speaker01_YT0029.m4a,speaker01_YT0029.m4a,speaker01_YT0029.wav,3.634,-8.891,-25.796,0.0,0.0,0.214,,pending
YT0030,speaker01_YT0030.m4a,speaker01_YT0030.m4a,speaker01_YT0030.wav,3.508,-9.215,-26.283,0.0,0.0,0.257,,pending
