item,filename,purpose,draft_yoruba,english_meaning,verified_yoruba,decision,notes
1,speaker01_0101.m4a,tone and vowel contrast,Mo rí ọkọ̀ tuntun ní òpópónà.,I saw a new vehicle on the road.,,,
2,speaker01_0102.m4a,tone contrast,Ọdẹ náà gbé ọ̀kọ̀ rẹ̀.,The hunter carried his spear.,,,
3,speaker01_0103.m4a,tone contrast,Ọkọ Adé dé láti iṣẹ́.,Ade's husband returned from work.,,,
4,speaker01_0104.m4a,vowel contrast,Bàbá mi lọ sí oko ní òwúrọ̀.,My father went to the farm in the morning.,,,
5,speaker01_0105.m4a,vowel and tone contrast,Mo fi owó ra oúnjẹ.,I used money to buy food.,,,
6,speaker01_0106.m4a,vowel and tone contrast,Fọ ọwọ́ rẹ kí o tó jẹun.,Wash your hands before you eat.,,,
7,speaker01_0107.m4a,tone contrast,Ìgbà wo ni o máa dé?,What time will you arrive?,,,
8,speaker01_0108.m4a,tone contrast,Ìyá fi omi sínú igbá.,Mother put water in the calabash.,,,
9,speaker01_0109.m4a,tone contrast,Òjò ń rọ̀ lónìí.,It is raining today.,,,
10,speaker01_0110.m4a,vowel and tone contrast,Ojú mi ń dùn.,My eye hurts.,,,
11,speaker01_0111.m4a,ẹ/e vowel coverage,Ẹja náà wà nínú omi.,The fish is in the water.,,,
12,speaker01_0112.m4a,ẹ/e vowel coverage,Adé ra ewé ní ọjà.,Ade bought leaves at the market.,,,
13,speaker01_0113.m4a,ọ/o vowel coverage,Ọmọ náà jókòó.,The child sat down.,,,
14,speaker01_0114.m4a,ọ/o vowel coverage,Mo ra ọ̀bẹ tuntun.,I bought a new knife.,,,
15,speaker01_0115.m4a,ṣ/s consonant coverage,Ṣadé ń ṣe oúnjẹ.,Sade is cooking.,,,
16,speaker01_0116.m4a,ṣ/s consonant coverage,Ṣẹ́gun sọ òtítọ́.,Segun told the truth.,,,
17,speaker01_0117.m4a,connected speech,"Ẹ jọ̀wọ́, ẹ ṣí ilẹ̀kùn.",Please open the door.,,,
18,speaker01_0118.m4a,vowel and tone coverage,Omi náà tutù.,The water is cold.,,,
19,speaker01_0119.m4a,vowel and tone coverage,Ọ̀rẹ́ mi fẹ́ ra ẹja.,My friend wants to buy fish.,,,
20,speaker01_0120.m4a,connected speech,Ẹ̀gbọ́n mi ń ka ìwé.,My older sibling is reading a book.,,,
21,speaker01_0121.m4a,question intonation,Báwo ni o ṣe wà?,How are you?,,,
22,speaker01_0122.m4a,question intonation,Ṣé o ti jẹun?,Have you eaten?,,,
23,speaker01_0123.m4a,natural statement,Mo fẹ́ lọ sí ilé.,I want to go home.,,,
24,speaker01_0124.m4a,polite request,"Jọ̀wọ́, fún mi ní omi.",Please give me water.,,,
25,speaker01_0125.m4a,future statement,A ó pàdé lọ́la.,We will meet tomorrow.,,,
26,speaker01_0126.m4a,natural emphasis,Ọjọ́ náà dára gan-an.,The day was very good.,,,
27,speaker01_0127.m4a,connected speech,Mo gbọ́ ohun tí o sọ.,I heard what you said.,,,
28,speaker01_0128.m4a,question intonation,Ṣé o lè ràn mí lọ́wọ́?,Can you help me?,,,
29,speaker01_0129.m4a,polite command,"Jọ̀wọ́, pa ilẹ̀kùn náà.",Please close that door.,,,
30,speaker01_0130.m4a,expressive speech,Inú mi dùn láti rí ẹ!,I am happy to see you!,,,
