prompt_id,filename,duration_s,peak_dbfs,rms_dbfs,clipped_pct,quiet_pct,leading_silence_s,trailing_silence_s,flags
1,speaker01_0001.m4a,5.696,-11.55,-32.958,0.0,79.643,0.1,1.746,
2,speaker01_0002.m4a,5.781,-8.602,-30.05,0.0,71.551,0.1,0.268,
3,speaker01_0003.m4a,4.245,-11.586,-31.651,0.0,71.991,0.1,1.621,
4,speaker01_0004.m4a,5.312,-15.721,-36.356,0.0,85.639,0.1,2.826,low peak level; low average level; long trailing silence
5,speaker01_0005.m4a,4.373,-15.484,-33.566,0.0,78.267,0.1,1.976,low peak level
6,speaker01_0006.m4a,3.797,-11.772,-32.573,0.0,62.442,0.1,1.485,
7,speaker01_0007.m4a,3.413,-9.387,-30.958,0.0,74.841,0.1,1.609,
9,speaker01_0009.m4a,4.288,-10.963,-31.012,0.0,65.102,0.1,1.653,
10,speaker01_0010.m4a,4.565,-11.53,-31.564,0.0,75.154,0.1,1.43,
11,speaker01_0011.m4a,4.16,-11.534,-32.055,0.0,62.432,0.1,1.366,
12,speaker01_0012.m4a,3.989,-5.818,-29.506,0.0,75.057,0.1,1.562,
13,speaker01_0013.m4a,3.904,-10.299,-29.209,0.0,61.986,0.1,1.438,
14,speaker01_0014.m4a,4.352,-8.679,-28.105,0.0,75.326,0.1,1.976,
15,speaker01_0015.m4a,3.904,-11.052,-30.592,0.0,71.028,0.1,1.889,
16,speaker01_0016.m4a,3.925,-9.399,-27.304,0.0,70.228,0.1,1.31,
17,speaker01_0017.m4a,4.309,-8.105,-28.735,0.0,75.446,0.1,1.216,
18,speaker01_0018.m4a,4.352,-10.831,-31.657,0.0,64.175,0.1,1.381,
19,speaker01_0019.m4a,4.736,-15.656,-35.528,0.0,78.274,0.1,2.012,low peak level; low average level; long trailing silence
20,speaker01_0020.m4a,4.075,-13.344,-30.927,0.0,63.437,0.1,1.068,low peak level
8,speaker_0008.m4a,3.819,-5.335,-26.911,0.0,72.559,0.1,1.586,rename to speaker01_0008.m4a
