"prompt_id","transcript","pronunciation","tone","naturalness","notes","reviewer","review_date"
"YT0001","yes","yes","yes","yes","none","speaker01","2026-07-19"
"YT0002","yes","yes","yes","yes","none","speaker01","2026-07-19"
"YT0003","yes","yes","yes","yes","none","speaker01","2026-07-19"
"YT0004","yes","yes","yes","yes","none","speaker01","2026-07-19"
"YT0005","yes","yes","yes","yes","none","speaker01","2026-07-19"
"YT0006","yes","yes","yes","yes","none","speaker01","2026-07-19"
"YT0007","yes","yes","yes","yes","none","speaker01","2026-07-19"
"YT0008","yes","yes","yes","yes","none","speaker01","2026-07-19"
"YT0009","yes","yes","yes","yes","none","speaker01","2026-07-19"
"YT0010","yes","yes","yes","yes","none","speaker01","2026-07-19"
"YT0011","yes","yes","yes","yes","none","speaker01","2026-07-19"
"YT0012","yes","yes","yes","yes","none","speaker01","2026-07-19"
"YT0013","yes","yes","yes","yes","none","speaker01","2026-07-19"
"YT0014","yes","yes","yes","yes","none","speaker01","2026-07-19"
"YT0015","yes","yes","yes","yes","none","speaker01","2026-07-19"
"YT0016","yes","yes","yes","yes","none","speaker01","2026-07-19"
"YT0017","yes","yes","yes","yes","none","speaker01","2026-07-19"
"YT0018","yes","yes","yes","yes","none","speaker01","2026-07-19"
"YT0019","yes","yes","yes","yes","none","speaker01","2026-07-19"
"YT0020","yes","yes","yes","yes","none","speaker01","2026-07-19"
"YT0021","yes","yes","yes","yes","none","speaker01","2026-07-19"
"YT0022","yes","yes","yes","yes","none","speaker01","2026-07-19"
"YT0023","yes","yes","yes","yes","none","speaker01","2026-07-19"
"YT0024","yes","yes","yes","yes","none","speaker01","2026-07-19"
"YT0025","yes","yes","yes","yes","none","speaker01","2026-07-19"
"YT0026","yes","yes","yes","yes","none","speaker01","2026-07-19"
"YT0027","yes","yes","yes","yes","none","speaker01","2026-07-19"
"YT0028","yes","yes","yes","yes","none","speaker01","2026-07-19"
"YT0029","yes","yes","yes","yes","none","speaker01","2026-07-19"
"YT0030","yes","yes","yes","yes","none","speaker01","2026-07-19"
